
C:\Users\Utilizador\AppData\Local\arduino\sketches\5F08C5C135911F03426255C71D028ABF/PROGv1.ino.elf:     file format elf32-avr


Disassembly of section .text:

00000000 <__vectors>:
__vectors():
       0:	0c 94 34 00 	jmp	0x68	; 0x68 <__ctors_end>
       4:	0c 94 51 00 	jmp	0xa2	; 0xa2 <__bad_interrupt>
       8:	0c 94 51 00 	jmp	0xa2	; 0xa2 <__bad_interrupt>
       c:	0c 94 51 00 	jmp	0xa2	; 0xa2 <__bad_interrupt>
      10:	0c 94 66 02 	jmp	0x4cc	; 0x4cc <__vector_4>
      14:	0c 94 51 00 	jmp	0xa2	; 0xa2 <__bad_interrupt>
      18:	0c 94 51 00 	jmp	0xa2	; 0xa2 <__bad_interrupt>
      1c:	0c 94 51 00 	jmp	0xa2	; 0xa2 <__bad_interrupt>
      20:	0c 94 51 00 	jmp	0xa2	; 0xa2 <__bad_interrupt>
      24:	0c 94 51 00 	jmp	0xa2	; 0xa2 <__bad_interrupt>
      28:	0c 94 51 00 	jmp	0xa2	; 0xa2 <__bad_interrupt>
      2c:	0c 94 51 00 	jmp	0xa2	; 0xa2 <__bad_interrupt>
      30:	0c 94 51 00 	jmp	0xa2	; 0xa2 <__bad_interrupt>
      34:	0c 94 51 00 	jmp	0xa2	; 0xa2 <__bad_interrupt>
      38:	0c 94 c6 02 	jmp	0x58c	; 0x58c <__vector_14>
      3c:	0c 94 51 00 	jmp	0xa2	; 0xa2 <__bad_interrupt>
      40:	0c 94 51 00 	jmp	0xa2	; 0xa2 <__bad_interrupt>
      44:	0c 94 51 00 	jmp	0xa2	; 0xa2 <__bad_interrupt>
      48:	0c 94 51 00 	jmp	0xa2	; 0xa2 <__bad_interrupt>
      4c:	0c 94 51 00 	jmp	0xa2	; 0xa2 <__bad_interrupt>
      50:	0c 94 51 00 	jmp	0xa2	; 0xa2 <__bad_interrupt>
      54:	0c 94 51 00 	jmp	0xa2	; 0xa2 <__bad_interrupt>
      58:	0c 94 51 00 	jmp	0xa2	; 0xa2 <__bad_interrupt>
      5c:	0c 94 51 00 	jmp	0xa2	; 0xa2 <__bad_interrupt>
      60:	0c 94 51 00 	jmp	0xa2	; 0xa2 <__bad_interrupt>
      64:	0c 94 51 00 	jmp	0xa2	; 0xa2 <__bad_interrupt>

00000068 <__ctors_end>:
__trampolines_start():
      68:	11 24       	eor	r1, r1
      6a:	1f be       	out	0x3f, r1	; 63
      6c:	cf ef       	ldi	r28, 0xFF	; 255
      6e:	d8 e0       	ldi	r29, 0x08	; 8
      70:	de bf       	out	0x3e, r29	; 62
      72:	cd bf       	out	0x3d, r28	; 61

00000074 <__do_copy_data>:
__do_copy_data():
/home/jenkins-mingw32/workspace/avr-gcc-staging/label/Ubuntu14.04x64-mingw32/gcc-build/avr/avr5/libgcc/../../../../gcc/libgcc/config/avr/lib1funcs.S:2409
      74:	13 e0       	ldi	r17, 0x03	; 3
/home/jenkins-mingw32/workspace/avr-gcc-staging/label/Ubuntu14.04x64-mingw32/gcc-build/avr/avr5/libgcc/../../../../gcc/libgcc/config/avr/lib1funcs.S:2410
      76:	a0 e0       	ldi	r26, 0x00	; 0
/home/jenkins-mingw32/workspace/avr-gcc-staging/label/Ubuntu14.04x64-mingw32/gcc-build/avr/avr5/libgcc/../../../../gcc/libgcc/config/avr/lib1funcs.S:2411
      78:	b1 e0       	ldi	r27, 0x01	; 1
/home/jenkins-mingw32/workspace/avr-gcc-staging/label/Ubuntu14.04x64-mingw32/gcc-build/avr/avr5/libgcc/../../../../gcc/libgcc/config/avr/lib1funcs.S:2412
      7a:	e4 e6       	ldi	r30, 0x64	; 100
/home/jenkins-mingw32/workspace/avr-gcc-staging/label/Ubuntu14.04x64-mingw32/gcc-build/avr/avr5/libgcc/../../../../gcc/libgcc/config/avr/lib1funcs.S:2413
      7c:	fc e1       	ldi	r31, 0x1C	; 28
/home/jenkins-mingw32/workspace/avr-gcc-staging/label/Ubuntu14.04x64-mingw32/gcc-build/avr/avr5/libgcc/../../../../gcc/libgcc/config/avr/lib1funcs.S:2414
      7e:	02 c0       	rjmp	.+4      	; 0x84 <__do_copy_data+0x10>
/home/jenkins-mingw32/workspace/avr-gcc-staging/label/Ubuntu14.04x64-mingw32/gcc-build/avr/avr5/libgcc/../../../../gcc/libgcc/config/avr/lib1funcs.S:2417
      80:	05 90       	lpm	r0, Z+
/home/jenkins-mingw32/workspace/avr-gcc-staging/label/Ubuntu14.04x64-mingw32/gcc-build/avr/avr5/libgcc/../../../../gcc/libgcc/config/avr/lib1funcs.S:2422
      82:	0d 92       	st	X+, r0
/home/jenkins-mingw32/workspace/avr-gcc-staging/label/Ubuntu14.04x64-mingw32/gcc-build/avr/avr5/libgcc/../../../../gcc/libgcc/config/avr/lib1funcs.S:2424
      84:	ac 3f       	cpi	r26, 0xFC	; 252
/home/jenkins-mingw32/workspace/avr-gcc-staging/label/Ubuntu14.04x64-mingw32/gcc-build/avr/avr5/libgcc/../../../../gcc/libgcc/config/avr/lib1funcs.S:2425
      86:	b1 07       	cpc	r27, r17
/home/jenkins-mingw32/workspace/avr-gcc-staging/label/Ubuntu14.04x64-mingw32/gcc-build/avr/avr5/libgcc/../../../../gcc/libgcc/config/avr/lib1funcs.S:2426
      88:	d9 f7       	brne	.-10     	; 0x80 <__do_copy_data+0xc>

0000008a <__do_clear_bss>:
__do_clear_bss():
/home/jenkins-mingw32/workspace/avr-gcc-staging/label/Ubuntu14.04x64-mingw32/gcc-build/avr/avr5/libgcc/../../../../gcc/libgcc/config/avr/lib1funcs.S:2441
      8a:	24 e0       	ldi	r18, 0x04	; 4
/home/jenkins-mingw32/workspace/avr-gcc-staging/label/Ubuntu14.04x64-mingw32/gcc-build/avr/avr5/libgcc/../../../../gcc/libgcc/config/avr/lib1funcs.S:2442
      8c:	ac ef       	ldi	r26, 0xFC	; 252
/home/jenkins-mingw32/workspace/avr-gcc-staging/label/Ubuntu14.04x64-mingw32/gcc-build/avr/avr5/libgcc/../../../../gcc/libgcc/config/avr/lib1funcs.S:2443
      8e:	b3 e0       	ldi	r27, 0x03	; 3
/home/jenkins-mingw32/workspace/avr-gcc-staging/label/Ubuntu14.04x64-mingw32/gcc-build/avr/avr5/libgcc/../../../../gcc/libgcc/config/avr/lib1funcs.S:2444
      90:	01 c0       	rjmp	.+2      	; 0x94 <.do_clear_bss_start>

00000092 <.do_clear_bss_loop>:
/home/jenkins-mingw32/workspace/avr-gcc-staging/label/Ubuntu14.04x64-mingw32/gcc-build/avr/avr5/libgcc/../../../../gcc/libgcc/config/avr/lib1funcs.S:2446
      92:	1d 92       	st	X+, r1

00000094 <.do_clear_bss_start>:
/home/jenkins-mingw32/workspace/avr-gcc-staging/label/Ubuntu14.04x64-mingw32/gcc-build/avr/avr5/libgcc/../../../../gcc/libgcc/config/avr/lib1funcs.S:2448
      94:	a1 38       	cpi	r26, 0x81	; 129
/home/jenkins-mingw32/workspace/avr-gcc-staging/label/Ubuntu14.04x64-mingw32/gcc-build/avr/avr5/libgcc/../../../../gcc/libgcc/config/avr/lib1funcs.S:2449
      96:	b2 07       	cpc	r27, r18
/home/jenkins-mingw32/workspace/avr-gcc-staging/label/Ubuntu14.04x64-mingw32/gcc-build/avr/avr5/libgcc/../../../../gcc/libgcc/config/avr/lib1funcs.S:2450
      98:	e1 f7       	brne	.-8      	; 0x92 <.do_clear_bss_loop>
.do_clear_bss_start():
      9a:	0e 94 4d 03 	call	0x69a	; 0x69a <main>
      9e:	0c 94 30 0e 	jmp	0x1c60	; 0x1c60 <_exit>

000000a2 <__bad_interrupt>:
__vector_22():
      a2:	0c 94 00 00 	jmp	0	; 0x0 <__vectors>

000000a6 <i2c_write(unsigned char)>:
_Z9i2c_writeh():
C:\Users\Utilizador\Desktop\RAFA\UNI\LABSI-LUMINOSIDADE\LABSI\PROG\PROGv1/PROGv1.ino:503
}
void i2c_stop(void) {
	TWCR = (1 << TWINT) | (1 << TWSTO) | (1 << TWEN);
}
void i2c_write(uint8_t data) {
	TWDR = data;
      a6:	80 93 bb 00 	sts	0x00BB, r24	; 0x8000bb <__DATA_REGION_ORIGIN__+0x5b>
C:\Users\Utilizador\Desktop\RAFA\UNI\LABSI-LUMINOSIDADE\LABSI\PROG\PROGv1/PROGv1.ino:504
	TWCR = (1 << TWINT) | (1 << TWEN);
      aa:	84 e8       	ldi	r24, 0x84	; 132
      ac:	80 93 bc 00 	sts	0x00BC, r24	; 0x8000bc <__DATA_REGION_ORIGIN__+0x5c>
      b0:	81 e2       	ldi	r24, 0x21	; 33
      b2:	9e e4       	ldi	r25, 0x4E	; 78
C:\Users\Utilizador\Desktop\RAFA\UNI\LABSI-LUMINOSIDADE\LABSI\PROG\PROGv1/PROGv1.ino:506
	uint16_t timeout = 0;
	while(!(TWCR & (1 << TWINT)) && timeout < I2C_TIMEOUT_CYCLES) {
      b4:	20 91 bc 00 	lds	r18, 0x00BC	; 0x8000bc <__DATA_REGION_ORIGIN__+0x5c>
      b8:	27 fd       	sbrc	r18, 7
      ba:	02 c0       	rjmp	.+4      	; 0xc0 <i2c_write(unsigned char)+0x1a>
      bc:	01 97       	sbiw	r24, 0x01	; 1
      be:	d1 f7       	brne	.-12     	; 0xb4 <i2c_write(unsigned char)+0xe>
C:\Users\Utilizador\Desktop\RAFA\UNI\LABSI-LUMINOSIDADE\LABSI\PROG\PROGv1/PROGv1.ino:509
		timeout++;
	}
}
      c0:	08 95       	ret

000000c2 <i2c_start()>:
_Z9i2c_startv():
C:\Users\Utilizador\Desktop\RAFA\UNI\LABSI-LUMINOSIDADE\LABSI\PROG\PROGv1/PROGv1.ino:493
	TWBR = 12;
	DDRC &= ~((1 << PC4) | (1 << PC5));
	PORTC |= (1 << PC4) | (1 << PC5);
}
void i2c_start(void) {
	TWCR = (1 << TWINT) | (1 << TWSTA) | (1 << TWEN);
      c2:	84 ea       	ldi	r24, 0xA4	; 164
      c4:	80 93 bc 00 	sts	0x00BC, r24	; 0x8000bc <__DATA_REGION_ORIGIN__+0x5c>
      c8:	81 e2       	ldi	r24, 0x21	; 33
      ca:	9e e4       	ldi	r25, 0x4E	; 78
C:\Users\Utilizador\Desktop\RAFA\UNI\LABSI-LUMINOSIDADE\LABSI\PROG\PROGv1/PROGv1.ino:495
	uint16_t timeout = 0;
	while(!(TWCR & (1 << TWINT)) && timeout < I2C_TIMEOUT_CYCLES) {
      cc:	20 91 bc 00 	lds	r18, 0x00BC	; 0x8000bc <__DATA_REGION_ORIGIN__+0x5c>
      d0:	27 fd       	sbrc	r18, 7
      d2:	02 c0       	rjmp	.+4      	; 0xd8 <i2c_start()+0x16>
      d4:	01 97       	sbiw	r24, 0x01	; 1
      d6:	d1 f7       	brne	.-12     	; 0xcc <i2c_start()+0xa>
C:\Users\Utilizador\Desktop\RAFA\UNI\LABSI-LUMINOSIDADE\LABSI\PROG\PROGv1/PROGv1.ino:498
		timeout++;
	}
}
      d8:	08 95       	ret

000000da <bh1750_read(unsigned char)>:
_Z11bh1750_readh():
C:\Users\Utilizador\Desktop\RAFA\UNI\LABSI-LUMINOSIDADE\LABSI\PROG\PROGv1/PROGv1.ino:664
		return 0;
	}
	i2c_stop();
	return 1;
}
uint16_t bh1750_read(uint8_t addr) {
      da:	cf 93       	push	r28
      dc:	c8 2f       	mov	r28, r24
C:\Users\Utilizador\Desktop\RAFA\UNI\LABSI-LUMINOSIDADE\LABSI\PROG\PROGv1/PROGv1.ino:666
	uint8_t high_byte, low_byte;
	i2c_start();
      de:	0e 94 61 00 	call	0xc2	; 0xc2 <i2c_start()>
i2c_get_status():
C:\Users\Utilizador\Desktop\RAFA\UNI\LABSI-LUMINOSIDADE\LABSI\PROG\PROGv1/PROGv1.ino:527
		timeout++;
	}
	return TWDR;
}
uint8_t i2c_get_status(void) {
	return TWSR & 0b11111000;
      e2:	80 91 b9 00 	lds	r24, 0x00B9	; 0x8000b9 <__DATA_REGION_ORIGIN__+0x59>
      e6:	88 7f       	andi	r24, 0xF8	; 248
_Z11bh1750_readh():
C:\Users\Utilizador\Desktop\RAFA\UNI\LABSI-LUMINOSIDADE\LABSI\PROG\PROGv1/PROGv1.ino:667
	return 1;
}
uint16_t bh1750_read(uint8_t addr) {
	uint8_t high_byte, low_byte;
	i2c_start();
	if(i2c_get_status() != 0x08) {
      e8:	88 30       	cpi	r24, 0x08	; 8
      ea:	39 f0       	breq	.+14     	; 0xfa <bh1750_read(unsigned char)+0x20>
i2c_stop():
C:\Users\Utilizador\Desktop\RAFA\UNI\LABSI-LUMINOSIDADE\LABSI\PROG\PROGv1/PROGv1.ino:500
	while(!(TWCR & (1 << TWINT)) && timeout < I2C_TIMEOUT_CYCLES) {
		timeout++;
	}
}
void i2c_stop(void) {
	TWCR = (1 << TWINT) | (1 << TWSTO) | (1 << TWEN);
      ec:	84 e9       	ldi	r24, 0x94	; 148
      ee:	80 93 bc 00 	sts	0x00BC, r24	; 0x8000bc <__DATA_REGION_ORIGIN__+0x5c>
_Z11bh1750_readh():
C:\Users\Utilizador\Desktop\RAFA\UNI\LABSI-LUMINOSIDADE\LABSI\PROG\PROGv1/PROGv1.ino:674
		return 0;
	}
	i2c_write((addr << 1) | 1);
	if(i2c_get_status() != 0x40) {
		i2c_stop();
		return 0;
      f2:	90 e0       	ldi	r25, 0x00	; 0
      f4:	80 e0       	ldi	r24, 0x00	; 0
C:\Users\Utilizador\Desktop\RAFA\UNI\LABSI-LUMINOSIDADE\LABSI\PROG\PROGv1/PROGv1.ino:683
	i2c_stop();
	uint16_t data = (high_byte << 8) | low_byte;
	uint16_t lux = (uint16_t)((float) data / 1.2);
	if(lux > 65500) lux = 65500;
	return lux;
}
      f6:	cf 91       	pop	r28
      f8:	08 95       	ret
C:\Users\Utilizador\Desktop\RAFA\UNI\LABSI-LUMINOSIDADE\LABSI\PROG\PROGv1/PROGv1.ino:671
	i2c_start();
	if(i2c_get_status() != 0x08) {
		i2c_stop();
		return 0;
	}
	i2c_write((addr << 1) | 1);
      fa:	8c 2f       	mov	r24, r28
      fc:	88 0f       	add	r24, r24
      fe:	81 60       	ori	r24, 0x01	; 1
     100:	0e 94 53 00 	call	0xa6	; 0xa6 <i2c_write(unsigned char)>
i2c_get_status():
C:\Users\Utilizador\Desktop\RAFA\UNI\LABSI-LUMINOSIDADE\LABSI\PROG\PROGv1/PROGv1.ino:527
		timeout++;
	}
	return TWDR;
}
uint8_t i2c_get_status(void) {
	return TWSR & 0b11111000;
     104:	80 91 b9 00 	lds	r24, 0x00B9	; 0x8000b9 <__DATA_REGION_ORIGIN__+0x59>
     108:	88 7f       	andi	r24, 0xF8	; 248
_Z11bh1750_readh():
C:\Users\Utilizador\Desktop\RAFA\UNI\LABSI-LUMINOSIDADE\LABSI\PROG\PROGv1/PROGv1.ino:672
	if(i2c_get_status() != 0x08) {
		i2c_stop();
		return 0;
	}
	i2c_write((addr << 1) | 1);
	if(i2c_get_status() != 0x40) {
     10a:	80 34       	cpi	r24, 0x40	; 64
     10c:	79 f7       	brne	.-34     	; 0xec <bh1750_read(unsigned char)+0x12>
i2c_read_ack():
C:\Users\Utilizador\Desktop\RAFA\UNI\LABSI-LUMINOSIDADE\LABSI\PROG\PROGv1/PROGv1.ino:511
	while(!(TWCR & (1 << TWINT)) && timeout < I2C_TIMEOUT_CYCLES) {
		timeout++;
	}
}
uint8_t i2c_read_ack(void) {
	TWCR = (1 << TWINT) | (1 << TWEN) | (1 << TWEA);
     10e:	84 ec       	ldi	r24, 0xC4	; 196
     110:	80 93 bc 00 	sts	0x00BC, r24	; 0x8000bc <__DATA_REGION_ORIGIN__+0x5c>
     114:	81 e2       	ldi	r24, 0x21	; 33
     116:	9e e4       	ldi	r25, 0x4E	; 78
C:\Users\Utilizador\Desktop\RAFA\UNI\LABSI-LUMINOSIDADE\LABSI\PROG\PROGv1/PROGv1.ino:513
	uint16_t timeout = 0;
	while(!(TWCR & (1 << TWINT)) && timeout < I2C_TIMEOUT_CYCLES) {
     118:	20 91 bc 00 	lds	r18, 0x00BC	; 0x8000bc <__DATA_REGION_ORIGIN__+0x5c>
     11c:	27 fd       	sbrc	r18, 7
     11e:	02 c0       	rjmp	.+4      	; 0x124 <bh1750_read(unsigned char)+0x4a>
     120:	01 97       	sbiw	r24, 0x01	; 1
     122:	d1 f7       	brne	.-12     	; 0x118 <bh1750_read(unsigned char)+0x3e>
C:\Users\Utilizador\Desktop\RAFA\UNI\LABSI-LUMINOSIDADE\LABSI\PROG\PROGv1/PROGv1.ino:516
		timeout++;
	}
	return TWDR;
     124:	60 91 bb 00 	lds	r22, 0x00BB	; 0x8000bb <__DATA_REGION_ORIGIN__+0x5b>
i2c_read_nack():
C:\Users\Utilizador\Desktop\RAFA\UNI\LABSI-LUMINOSIDADE\LABSI\PROG\PROGv1/PROGv1.ino:519
}
uint8_t i2c_read_nack(void) {
	TWCR = (1 << TWINT) | (1 << TWEN);
     128:	84 e8       	ldi	r24, 0x84	; 132
     12a:	80 93 bc 00 	sts	0x00BC, r24	; 0x8000bc <__DATA_REGION_ORIGIN__+0x5c>
     12e:	81 e2       	ldi	r24, 0x21	; 33
     130:	9e e4       	ldi	r25, 0x4E	; 78
C:\Users\Utilizador\Desktop\RAFA\UNI\LABSI-LUMINOSIDADE\LABSI\PROG\PROGv1/PROGv1.ino:521
	uint16_t timeout = 0;
	while(!(TWCR & (1 << TWINT)) && timeout < I2C_TIMEOUT_CYCLES) {
     132:	20 91 bc 00 	lds	r18, 0x00BC	; 0x8000bc <__DATA_REGION_ORIGIN__+0x5c>
     136:	27 fd       	sbrc	r18, 7
     138:	02 c0       	rjmp	.+4      	; 0x13e <bh1750_read(unsigned char)+0x64>
     13a:	01 97       	sbiw	r24, 0x01	; 1
     13c:	d1 f7       	brne	.-12     	; 0x132 <bh1750_read(unsigned char)+0x58>
C:\Users\Utilizador\Desktop\RAFA\UNI\LABSI-LUMINOSIDADE\LABSI\PROG\PROGv1/PROGv1.ino:524
		timeout++;
	}
	return TWDR;
     13e:	80 91 bb 00 	lds	r24, 0x00BB	; 0x8000bb <__DATA_REGION_ORIGIN__+0x5b>
i2c_stop():
C:\Users\Utilizador\Desktop\RAFA\UNI\LABSI-LUMINOSIDADE\LABSI\PROG\PROGv1/PROGv1.ino:500
	while(!(TWCR & (1 << TWINT)) && timeout < I2C_TIMEOUT_CYCLES) {
		timeout++;
	}
}
void i2c_stop(void) {
	TWCR = (1 << TWINT) | (1 << TWSTO) | (1 << TWEN);
     142:	94 e9       	ldi	r25, 0x94	; 148
     144:	90 93 bc 00 	sts	0x00BC, r25	; 0x8000bc <__DATA_REGION_ORIGIN__+0x5c>
_Z11bh1750_readh():
C:\Users\Utilizador\Desktop\RAFA\UNI\LABSI-LUMINOSIDADE\LABSI\PROG\PROGv1/PROGv1.ino:679
		return 0;
	}
	high_byte = i2c_read_ack();
	low_byte = i2c_read_nack();
	i2c_stop();
	uint16_t data = (high_byte << 8) | low_byte;
     148:	76 2f       	mov	r23, r22
     14a:	68 2f       	mov	r22, r24
C:\Users\Utilizador\Desktop\RAFA\UNI\LABSI-LUMINOSIDADE\LABSI\PROG\PROGv1/PROGv1.ino:680
	uint16_t lux = (uint16_t)((float) data / 1.2);
     14c:	90 e0       	ldi	r25, 0x00	; 0
     14e:	80 e0       	ldi	r24, 0x00	; 0
     150:	0e 94 5e 0a 	call	0x14bc	; 0x14bc <__floatunsisf>
     154:	2a e9       	ldi	r18, 0x9A	; 154
     156:	39 e9       	ldi	r19, 0x99	; 153
     158:	49 e9       	ldi	r20, 0x99	; 153
     15a:	5f e3       	ldi	r21, 0x3F	; 63
     15c:	0e 94 bd 09 	call	0x137a	; 0x137a <__divsf3>
     160:	0e 94 2f 0a 	call	0x145e	; 0x145e <__fixunssfsi>
     164:	cb 01       	movw	r24, r22
     166:	6d 3d       	cpi	r22, 0xDD	; 221
     168:	7f 4f       	sbci	r23, 0xFF	; 255
     16a:	28 f2       	brcs	.-118    	; 0xf6 <bh1750_read(unsigned char)+0x1c>
     16c:	8c ed       	ldi	r24, 0xDC	; 220
     16e:	9f ef       	ldi	r25, 0xFF	; 255
     170:	c2 cf       	rjmp	.-124    	; 0xf6 <bh1750_read(unsigned char)+0x1c>

00000172 <bh1750_send(unsigned char, unsigned char)>:
_Z11bh1750_sendhh():
C:\Users\Utilizador\Desktop\RAFA\UNI\LABSI-LUMINOSIDADE\LABSI\PROG\PROGv1/PROGv1.ino:649
    for(uint8_t i = 0; i < 128; i++) {
        ssd1306_data(i < width ? 0xFF : 0x00);
    }
}
// --- BH1750 Functions ---
uint8_t bh1750_send(uint8_t addr, uint8_t data) {
     172:	cf 93       	push	r28
     174:	df 93       	push	r29
     176:	d8 2f       	mov	r29, r24
     178:	c6 2f       	mov	r28, r22
C:\Users\Utilizador\Desktop\RAFA\UNI\LABSI-LUMINOSIDADE\LABSI\PROG\PROGv1/PROGv1.ino:650
	i2c_start();
     17a:	0e 94 61 00 	call	0xc2	; 0xc2 <i2c_start()>
C:\Users\Utilizador\Desktop\RAFA\UNI\LABSI-LUMINOSIDADE\LABSI\PROG\PROGv1/PROGv1.ino:651
	i2c_write(addr << 1 | 0);
     17e:	8d 2f       	mov	r24, r29
     180:	88 0f       	add	r24, r24
     182:	0e 94 53 00 	call	0xa6	; 0xa6 <i2c_write(unsigned char)>
i2c_get_status():
C:\Users\Utilizador\Desktop\RAFA\UNI\LABSI-LUMINOSIDADE\LABSI\PROG\PROGv1/PROGv1.ino:527
		timeout++;
	}
	return TWDR;
}
uint8_t i2c_get_status(void) {
	return TWSR & 0b11111000;
     186:	80 91 b9 00 	lds	r24, 0x00B9	; 0x8000b9 <__DATA_REGION_ORIGIN__+0x59>
     18a:	88 7f       	andi	r24, 0xF8	; 248
_Z11bh1750_sendhh():
C:\Users\Utilizador\Desktop\RAFA\UNI\LABSI-LUMINOSIDADE\LABSI\PROG\PROGv1/PROGv1.ino:652
}
// --- BH1750 Functions ---
uint8_t bh1750_send(uint8_t addr, uint8_t data) {
	i2c_start();
	i2c_write(addr << 1 | 0);
	if(i2c_get_status() != 0x18) { //SLA+W
     18c:	88 31       	cpi	r24, 0x18	; 24
     18e:	39 f0       	breq	.+14     	; 0x19e <bh1750_send(unsigned char, unsigned char)+0x2c>
i2c_stop():
C:\Users\Utilizador\Desktop\RAFA\UNI\LABSI-LUMINOSIDADE\LABSI\PROG\PROGv1/PROGv1.ino:500
	while(!(TWCR & (1 << TWINT)) && timeout < I2C_TIMEOUT_CYCLES) {
		timeout++;
	}
}
void i2c_stop(void) {
	TWCR = (1 << TWINT) | (1 << TWSTO) | (1 << TWEN);
     190:	84 e9       	ldi	r24, 0x94	; 148
     192:	80 93 bc 00 	sts	0x00BC, r24	; 0x8000bc <__DATA_REGION_ORIGIN__+0x5c>
_Z11bh1750_sendhh():
C:\Users\Utilizador\Desktop\RAFA\UNI\LABSI-LUMINOSIDADE\LABSI\PROG\PROGv1/PROGv1.ino:659
		return 0;
	}
	i2c_write(data);
	if(i2c_get_status() != 0x28) { //DATA+ACK
		i2c_stop();
		return 0;
     196:	80 e0       	ldi	r24, 0x00	; 0
C:\Users\Utilizador\Desktop\RAFA\UNI\LABSI-LUMINOSIDADE\LABSI\PROG\PROGv1/PROGv1.ino:663
	}
	i2c_stop();
	return 1;
}
     198:	df 91       	pop	r29
     19a:	cf 91       	pop	r28
     19c:	08 95       	ret
C:\Users\Utilizador\Desktop\RAFA\UNI\LABSI-LUMINOSIDADE\LABSI\PROG\PROGv1/PROGv1.ino:656
	i2c_write(addr << 1 | 0);
	if(i2c_get_status() != 0x18) { //SLA+W
		i2c_stop();
		return 0;
	}
	i2c_write(data);
     19e:	8c 2f       	mov	r24, r28
     1a0:	0e 94 53 00 	call	0xa6	; 0xa6 <i2c_write(unsigned char)>
i2c_get_status():
C:\Users\Utilizador\Desktop\RAFA\UNI\LABSI-LUMINOSIDADE\LABSI\PROG\PROGv1/PROGv1.ino:527
		timeout++;
	}
	return TWDR;
}
uint8_t i2c_get_status(void) {
	return TWSR & 0b11111000;
     1a4:	80 91 b9 00 	lds	r24, 0x00B9	; 0x8000b9 <__DATA_REGION_ORIGIN__+0x59>
     1a8:	88 7f       	andi	r24, 0xF8	; 248
_Z11bh1750_sendhh():
C:\Users\Utilizador\Desktop\RAFA\UNI\LABSI-LUMINOSIDADE\LABSI\PROG\PROGv1/PROGv1.ino:657
	if(i2c_get_status() != 0x18) { //SLA+W
		i2c_stop();
		return 0;
	}
	i2c_write(data);
	if(i2c_get_status() != 0x28) { //DATA+ACK
     1aa:	88 32       	cpi	r24, 0x28	; 40
     1ac:	89 f7       	brne	.-30     	; 0x190 <bh1750_send(unsigned char, unsigned char)+0x1e>
i2c_stop():
C:\Users\Utilizador\Desktop\RAFA\UNI\LABSI-LUMINOSIDADE\LABSI\PROG\PROGv1/PROGv1.ino:500
	while(!(TWCR & (1 << TWINT)) && timeout < I2C_TIMEOUT_CYCLES) {
		timeout++;
	}
}
void i2c_stop(void) {
	TWCR = (1 << TWINT) | (1 << TWSTO) | (1 << TWEN);
     1ae:	84 e9       	ldi	r24, 0x94	; 148
     1b0:	80 93 bc 00 	sts	0x00BC, r24	; 0x8000bc <__DATA_REGION_ORIGIN__+0x5c>
_Z11bh1750_sendhh():
C:\Users\Utilizador\Desktop\RAFA\UNI\LABSI-LUMINOSIDADE\LABSI\PROG\PROGv1/PROGv1.ino:662
	if(i2c_get_status() != 0x28) { //DATA+ACK
		i2c_stop();
		return 0;
	}
	i2c_stop();
	return 1;
     1b4:	81 e0       	ldi	r24, 0x01	; 1
     1b6:	f0 cf       	rjmp	.-32     	; 0x198 <bh1750_send(unsigned char, unsigned char)+0x26>

000001b8 <ssd1306_data(unsigned char)>:
_Z12ssd1306_datah():
C:\Users\Utilizador\Desktop\RAFA\UNI\LABSI-LUMINOSIDADE\LABSI\PROG\PROGv1/PROGv1.ino:536
	i2c_write(SSD1306_ADDR << 1);// Co = 0, D/C = 0 (cmd)
	i2c_write(0x00); 
	i2c_write(cmd);
	i2c_stop(); 
}
void ssd1306_data(uint8_t data) {
     1b8:	cf 93       	push	r28
     1ba:	c8 2f       	mov	r28, r24
C:\Users\Utilizador\Desktop\RAFA\UNI\LABSI-LUMINOSIDADE\LABSI\PROG\PROGv1/PROGv1.ino:537
	i2c_start();
     1bc:	0e 94 61 00 	call	0xc2	; 0xc2 <i2c_start()>
C:\Users\Utilizador\Desktop\RAFA\UNI\LABSI-LUMINOSIDADE\LABSI\PROG\PROGv1/PROGv1.ino:538
	i2c_write(SSD1306_ADDR << 1);// Co = 0, D/C = 1 (data)
     1c0:	88 e7       	ldi	r24, 0x78	; 120
     1c2:	0e 94 53 00 	call	0xa6	; 0xa6 <i2c_write(unsigned char)>
C:\Users\Utilizador\Desktop\RAFA\UNI\LABSI-LUMINOSIDADE\LABSI\PROG\PROGv1/PROGv1.ino:539
	i2c_write(0x40); 
     1c6:	80 e4       	ldi	r24, 0x40	; 64
     1c8:	0e 94 53 00 	call	0xa6	; 0xa6 <i2c_write(unsigned char)>
C:\Users\Utilizador\Desktop\RAFA\UNI\LABSI-LUMINOSIDADE\LABSI\PROG\PROGv1/PROGv1.ino:540
	i2c_write(data); 
     1cc:	8c 2f       	mov	r24, r28
     1ce:	0e 94 53 00 	call	0xa6	; 0xa6 <i2c_write(unsigned char)>
i2c_stop():
C:\Users\Utilizador\Desktop\RAFA\UNI\LABSI-LUMINOSIDADE\LABSI\PROG\PROGv1/PROGv1.ino:500
	while(!(TWCR & (1 << TWINT)) && timeout < I2C_TIMEOUT_CYCLES) {
		timeout++;
	}
}
void i2c_stop(void) {
	TWCR = (1 << TWINT) | (1 << TWSTO) | (1 << TWEN);
     1d2:	84 e9       	ldi	r24, 0x94	; 148
     1d4:	80 93 bc 00 	sts	0x00BC, r24	; 0x8000bc <__DATA_REGION_ORIGIN__+0x5c>
_Z12ssd1306_datah():
C:\Users\Utilizador\Desktop\RAFA\UNI\LABSI-LUMINOSIDADE\LABSI\PROG\PROGv1/PROGv1.ino:542
	i2c_start();
	i2c_write(SSD1306_ADDR << 1);// Co = 0, D/C = 1 (data)
	i2c_write(0x40); 
	i2c_write(data); 
	i2c_stop(); 
}
     1d8:	cf 91       	pop	r28
     1da:	08 95       	ret

000001dc <ssd1306_print(char const*)>:
_Z13ssd1306_printPKc():
C:\Users\Utilizador\Desktop\RAFA\UNI\LABSI-LUMINOSIDADE\LABSI\PROG\PROGv1/PROGv1.ino:579
    if (c < 32 || c > 127) c = '?';
    for (uint8_t i = 0; i < 6; i++) {
        ssd1306_data(font6x8[c - 32][i]);
    }
}
void ssd1306_print(const char *str) {
     1dc:	ef 92       	push	r14
     1de:	ff 92       	push	r15
     1e0:	0f 93       	push	r16
     1e2:	1f 93       	push	r17
     1e4:	cf 93       	push	r28
     1e6:	df 93       	push	r29
     1e8:	7c 01       	movw	r14, r24
C:\Users\Utilizador\Desktop\RAFA\UNI\LABSI-LUMINOSIDADE\LABSI\PROG\PROGv1/PROGv1.ino:580
    while (*str) {
     1ea:	f7 01       	movw	r30, r14
     1ec:	c1 91       	ld	r28, Z+
     1ee:	7f 01       	movw	r14, r30
     1f0:	cc 23       	and	r28, r28
     1f2:	b9 f0       	breq	.+46     	; 0x222 <ssd1306_print(char const*)+0x46>
ssd1306_char():
C:\Users\Utilizador\Desktop\RAFA\UNI\LABSI-LUMINOSIDADE\LABSI\PROG\PROGv1/PROGv1.ino:574
	ssd1306_set_cursor(row, 0); 
	for(uint8_t i = 0; i < 128; i++) 
	ssd1306_data(0x00); 
}
void ssd1306_char(char c) {
    if (c < 32 || c > 127) c = '?';
     1f4:	c0 32       	cpi	r28, 0x20	; 32
     1f6:	0c f4       	brge	.+2      	; 0x1fa <ssd1306_print(char const*)+0x1e>
_Z13ssd1306_printPKc():
     1f8:	cf e3       	ldi	r28, 0x3F	; 63
     1fa:	f6 e0       	ldi	r31, 0x06	; 6
     1fc:	cf 02       	muls	r28, r31
     1fe:	e0 01       	movw	r28, r0
     200:	11 24       	eor	r1, r1
     202:	10 e0       	ldi	r17, 0x00	; 0
     204:	00 e0       	ldi	r16, 0x00	; 0
ssd1306_char():
C:\Users\Utilizador\Desktop\RAFA\UNI\LABSI-LUMINOSIDADE\LABSI\PROG\PROGv1/PROGv1.ino:576
    for (uint8_t i = 0; i < 6; i++) {
        ssd1306_data(font6x8[c - 32][i]);
     206:	f8 01       	movw	r30, r16
     208:	ec 0f       	add	r30, r28
     20a:	fd 1f       	adc	r31, r29
     20c:	e5 5b       	subi	r30, 0xB5	; 181
     20e:	ff 4f       	sbci	r31, 0xFF	; 255
     210:	80 81       	ld	r24, Z
     212:	0e 94 dc 00 	call	0x1b8	; 0x1b8 <ssd1306_data(unsigned char)>
     216:	0f 5f       	subi	r16, 0xFF	; 255
     218:	1f 4f       	sbci	r17, 0xFF	; 255
C:\Users\Utilizador\Desktop\RAFA\UNI\LABSI-LUMINOSIDADE\LABSI\PROG\PROGv1/PROGv1.ino:575
	for(uint8_t i = 0; i < 128; i++) 
	ssd1306_data(0x00); 
}
void ssd1306_char(char c) {
    if (c < 32 || c > 127) c = '?';
    for (uint8_t i = 0; i < 6; i++) {
     21a:	06 30       	cpi	r16, 0x06	; 6
     21c:	11 05       	cpc	r17, r1
     21e:	99 f7       	brne	.-26     	; 0x206 <ssd1306_print(char const*)+0x2a>
     220:	e4 cf       	rjmp	.-56     	; 0x1ea <ssd1306_print(char const*)+0xe>
_Z13ssd1306_printPKc():
C:\Users\Utilizador\Desktop\RAFA\UNI\LABSI-LUMINOSIDADE\LABSI\PROG\PROGv1/PROGv1.ino:583
}
void ssd1306_print(const char *str) {
    while (*str) {
        ssd1306_char(*str++);
    }
}
     222:	df 91       	pop	r29
     224:	cf 91       	pop	r28
     226:	1f 91       	pop	r17
     228:	0f 91       	pop	r16
     22a:	ff 90       	pop	r15
     22c:	ef 90       	pop	r14
     22e:	08 95       	ret

00000230 <ssd1306_cmd(unsigned char)>:
_Z11ssd1306_cmdh():
C:\Users\Utilizador\Desktop\RAFA\UNI\LABSI-LUMINOSIDADE\LABSI\PROG\PROGv1/PROGv1.ino:529
	return TWDR;
}
uint8_t i2c_get_status(void) {
	return TWSR & 0b11111000;
}
void ssd1306_cmd(uint8_t cmd) {
     230:	cf 93       	push	r28
     232:	c8 2f       	mov	r28, r24
C:\Users\Utilizador\Desktop\RAFA\UNI\LABSI-LUMINOSIDADE\LABSI\PROG\PROGv1/PROGv1.ino:530
	i2c_start(); // write mode
     234:	0e 94 61 00 	call	0xc2	; 0xc2 <i2c_start()>
C:\Users\Utilizador\Desktop\RAFA\UNI\LABSI-LUMINOSIDADE\LABSI\PROG\PROGv1/PROGv1.ino:531
	i2c_write(SSD1306_ADDR << 1);// Co = 0, D/C = 0 (cmd)
     238:	88 e7       	ldi	r24, 0x78	; 120
     23a:	0e 94 53 00 	call	0xa6	; 0xa6 <i2c_write(unsigned char)>
C:\Users\Utilizador\Desktop\RAFA\UNI\LABSI-LUMINOSIDADE\LABSI\PROG\PROGv1/PROGv1.ino:532
	i2c_write(0x00); 
     23e:	80 e0       	ldi	r24, 0x00	; 0
     240:	0e 94 53 00 	call	0xa6	; 0xa6 <i2c_write(unsigned char)>
C:\Users\Utilizador\Desktop\RAFA\UNI\LABSI-LUMINOSIDADE\LABSI\PROG\PROGv1/PROGv1.ino:533
	i2c_write(cmd);
     244:	8c 2f       	mov	r24, r28
     246:	0e 94 53 00 	call	0xa6	; 0xa6 <i2c_write(unsigned char)>
i2c_stop():
C:\Users\Utilizador\Desktop\RAFA\UNI\LABSI-LUMINOSIDADE\LABSI\PROG\PROGv1/PROGv1.ino:500
	while(!(TWCR & (1 << TWINT)) && timeout < I2C_TIMEOUT_CYCLES) {
		timeout++;
	}
}
void i2c_stop(void) {
	TWCR = (1 << TWINT) | (1 << TWSTO) | (1 << TWEN);
     24a:	84 e9       	ldi	r24, 0x94	; 148
     24c:	80 93 bc 00 	sts	0x00BC, r24	; 0x8000bc <__DATA_REGION_ORIGIN__+0x5c>
_Z11ssd1306_cmdh():
C:\Users\Utilizador\Desktop\RAFA\UNI\LABSI-LUMINOSIDADE\LABSI\PROG\PROGv1/PROGv1.ino:535
	i2c_start(); // write mode
	i2c_write(SSD1306_ADDR << 1);// Co = 0, D/C = 0 (cmd)
	i2c_write(0x00); 
	i2c_write(cmd);
	i2c_stop(); 
}
     250:	cf 91       	pop	r28
     252:	08 95       	ret

00000254 <ssd1306_set_cursor(unsigned char, unsigned char) [clone .constprop.0]>:
_Z18ssd1306_set_cursorhh.constprop.0():
C:\Users\Utilizador\Desktop\RAFA\UNI\LABSI-LUMINOSIDADE\LABSI\PROG\PROGv1/PROGv1.ino:589
void ssd1306_print_xy(uint8_t row, uint8_t col, const char *str) {
    ssd1306_set_cursor(row, col);
    ssd1306_print(str);
}
void ssd1306_set_cursor(uint8_t row, uint8_t col) {
    ssd1306_cmd(0xB0 + row);          // page (0–7)
     254:	80 55       	subi	r24, 0x50	; 80
     256:	0e 94 18 01 	call	0x230	; 0x230 <ssd1306_cmd(unsigned char)>
C:\Users\Utilizador\Desktop\RAFA\UNI\LABSI-LUMINOSIDADE\LABSI\PROG\PROGv1/PROGv1.ino:590
    ssd1306_cmd(0x00 + (col & 0x0F)); // low column
     25a:	80 e0       	ldi	r24, 0x00	; 0
     25c:	0e 94 18 01 	call	0x230	; 0x230 <ssd1306_cmd(unsigned char)>
C:\Users\Utilizador\Desktop\RAFA\UNI\LABSI-LUMINOSIDADE\LABSI\PROG\PROGv1/PROGv1.ino:591
    ssd1306_cmd(0x10 + (col >> 4));   // high column
     260:	80 e1       	ldi	r24, 0x10	; 16
     262:	0c 94 18 01 	jmp	0x230	; 0x230 <ssd1306_cmd(unsigned char)>

00000266 <ssd1306_clear()>:
_Z13ssd1306_clearv():
C:\Users\Utilizador\Desktop\RAFA\UNI\LABSI-LUMINOSIDADE\LABSI\PROG\PROGv1/PROGv1.ino:558
    ssd1306_cmd(0xA6); // Normal
    ssd1306_cmd(0xA8); ssd1306_cmd(0x3F); // Mux
    ssd1306_cmd(0x8D); ssd1306_cmd(0x14); // Charge Pump
    ssd1306_cmd(0xAF); // Display ON
}
void ssd1306_clear(void) {
     266:	cf 93       	push	r28
     268:	df 93       	push	r29
     26a:	c0 eb       	ldi	r28, 0xB0	; 176
C:\Users\Utilizador\Desktop\RAFA\UNI\LABSI-LUMINOSIDADE\LABSI\PROG\PROGv1/PROGv1.ino:560
    for (uint8_t page = 0; page < 8; page++) {
        ssd1306_cmd(0xB0 + page); // page address
     26c:	8c 2f       	mov	r24, r28
     26e:	0e 94 18 01 	call	0x230	; 0x230 <ssd1306_cmd(unsigned char)>
C:\Users\Utilizador\Desktop\RAFA\UNI\LABSI-LUMINOSIDADE\LABSI\PROG\PROGv1/PROGv1.ino:561
        ssd1306_cmd(0x00);        // low column
     272:	80 e0       	ldi	r24, 0x00	; 0
     274:	0e 94 18 01 	call	0x230	; 0x230 <ssd1306_cmd(unsigned char)>
C:\Users\Utilizador\Desktop\RAFA\UNI\LABSI-LUMINOSIDADE\LABSI\PROG\PROGv1/PROGv1.ino:562
        ssd1306_cmd(0x10);        // high column
     278:	80 e1       	ldi	r24, 0x10	; 16
     27a:	0e 94 18 01 	call	0x230	; 0x230 <ssd1306_cmd(unsigned char)>
C:\Users\Utilizador\Desktop\RAFA\UNI\LABSI-LUMINOSIDADE\LABSI\PROG\PROGv1/PROGv1.ino:563
        for (uint8_t col = 0; col < 128; col++) {
     27e:	d0 e0       	ldi	r29, 0x00	; 0
C:\Users\Utilizador\Desktop\RAFA\UNI\LABSI-LUMINOSIDADE\LABSI\PROG\PROGv1/PROGv1.ino:564
            ssd1306_data(0x00);
     280:	80 e0       	ldi	r24, 0x00	; 0
     282:	0e 94 dc 00 	call	0x1b8	; 0x1b8 <ssd1306_data(unsigned char)>
C:\Users\Utilizador\Desktop\RAFA\UNI\LABSI-LUMINOSIDADE\LABSI\PROG\PROGv1/PROGv1.ino:563
void ssd1306_clear(void) {
    for (uint8_t page = 0; page < 8; page++) {
        ssd1306_cmd(0xB0 + page); // page address
        ssd1306_cmd(0x00);        // low column
        ssd1306_cmd(0x10);        // high column
        for (uint8_t col = 0; col < 128; col++) {
     286:	df 5f       	subi	r29, 0xFF	; 255
     288:	d0 38       	cpi	r29, 0x80	; 128
     28a:	d1 f7       	brne	.-12     	; 0x280 <ssd1306_clear()+0x1a>
     28c:	cf 5f       	subi	r28, 0xFF	; 255
C:\Users\Utilizador\Desktop\RAFA\UNI\LABSI-LUMINOSIDADE\LABSI\PROG\PROGv1/PROGv1.ino:559
    ssd1306_cmd(0xA8); ssd1306_cmd(0x3F); // Mux
    ssd1306_cmd(0x8D); ssd1306_cmd(0x14); // Charge Pump
    ssd1306_cmd(0xAF); // Display ON
}
void ssd1306_clear(void) {
    for (uint8_t page = 0; page < 8; page++) {
     28e:	c8 3b       	cpi	r28, 0xB8	; 184
     290:	69 f7       	brne	.-38     	; 0x26c <ssd1306_clear()+0x6>
C:\Users\Utilizador\Desktop\RAFA\UNI\LABSI-LUMINOSIDADE\LABSI\PROG\PROGv1/PROGv1.ino:567
        ssd1306_cmd(0x10);        // high column
        for (uint8_t col = 0; col < 128; col++) {
            ssd1306_data(0x00);
        }
    }
}
     292:	df 91       	pop	r29
     294:	cf 91       	pop	r28
     296:	08 95       	ret

00000298 <buzzer_bips(unsigned char)>:
_Z11buzzer_bipsh():
C:\Users\Utilizador\Desktop\RAFA\UNI\LABSI-LUMINOSIDADE\LABSI\PROG\PROGv1/PROGv1.ino:247
uint8_t IS_DELAY_FINISHED() {
	if(g_delay_counter_2ms == 0) return 1;
	else return 0;
}
void buzzer_bips(uint8_t num_bips) {
	if(g_buzzer_counter == 0) {
     298:	90 91 fd 03 	lds	r25, 0x03FD	; 0x8003fd <g_buzzer_counter>
     29c:	91 11       	cpse	r25, r1
     29e:	06 c0       	rjmp	.+12     	; 0x2ac <buzzer_bips(unsigned char)+0x14>
C:\Users\Utilizador\Desktop\RAFA\UNI\LABSI-LUMINOSIDADE\LABSI\PROG\PROGv1/PROGv1.ino:249
		// Cada bip dura 400ms (200 ticks * 2ms)
		g_buzzer_counter = num_bips * 200;
     2a0:	98 ec       	ldi	r25, 0xC8	; 200
     2a2:	89 9f       	mul	r24, r25
     2a4:	80 2d       	mov	r24, r0
     2a6:	11 24       	eor	r1, r1
     2a8:	80 93 fd 03 	sts	0x03FD, r24	; 0x8003fd <g_buzzer_counter>
C:\Users\Utilizador\Desktop\RAFA\UNI\LABSI-LUMINOSIDADE\LABSI\PROG\PROGv1/PROGv1.ino:251
	}
}
     2ac:	08 95       	ret

000002ae <delay_us(unsigned int)>:
_Z8delay_usj():
C:\Users\Utilizador\Desktop\RAFA\UNI\LABSI-LUMINOSIDADE\LABSI\PROG\PROGv1/PROGv1.ino:231
		"nop\n\t"
		"nop\n\t"
		"nop\n\t"
		"nop\n\t"::: "memory");
}
void delay_us(uint16_t us) {
     2ae:	ac 01       	movw	r20, r24
C:\Users\Utilizador\Desktop\RAFA\UNI\LABSI-LUMINOSIDADE\LABSI\PROG\PROGv1/PROGv1.ino:232
	for(uint16_t i = 0; i < us; i++) {
     2b0:	30 e0       	ldi	r19, 0x00	; 0
     2b2:	20 e0       	ldi	r18, 0x00	; 0
     2b4:	94 e0       	ldi	r25, 0x04	; 4
	...
short_delay():
C:\Users\Utilizador\Desktop\RAFA\UNI\LABSI-LUMINOSIDADE\LABSI\PROG\PROGv1/PROGv1.ino:229
		"nop\n\t"
		"nop\n\t"
		"nop\n\t"
		"nop\n\t"
		"nop\n\t"
		"nop\n\t"::: "memory");
     2d6:	91 50       	subi	r25, 0x01	; 1
_Z8delay_usj():
C:\Users\Utilizador\Desktop\RAFA\UNI\LABSI-LUMINOSIDADE\LABSI\PROG\PROGv1/PROGv1.ino:233
}
void delay_us(uint16_t us) {
	for(uint16_t i = 0; i < us; i++) {
		for(uint8_t j = 0; j < 4; j++) {
     2d8:	71 f7       	brne	.-36     	; 0x2b6 <delay_us(unsigned int)+0x8>
C:\Users\Utilizador\Desktop\RAFA\UNI\LABSI-LUMINOSIDADE\LABSI\PROG\PROGv1/PROGv1.ino:232
		"nop\n\t"
		"nop\n\t"
		"nop\n\t"::: "memory");
}
void delay_us(uint16_t us) {
	for(uint16_t i = 0; i < us; i++) {
     2da:	2f 5f       	subi	r18, 0xFF	; 255
     2dc:	3f 4f       	sbci	r19, 0xFF	; 255
     2de:	42 17       	cp	r20, r18
     2e0:	53 07       	cpc	r21, r19
     2e2:	41 f7       	brne	.-48     	; 0x2b4 <delay_us(unsigned int)+0x6>
C:\Users\Utilizador\Desktop\RAFA\UNI\LABSI-LUMINOSIDADE\LABSI\PROG\PROGv1/PROGv1.ino:237
		for(uint8_t j = 0; j < 4; j++) {
			short_delay();
		}
	}
}
     2e4:	08 95       	ret

000002e6 <sonar_is_close(unsigned char)>:
_Z14sonar_is_closeh():
C:\Users\Utilizador\Desktop\RAFA\UNI\LABSI-LUMINOSIDADE\LABSI\PROG\PROGv1/PROGv1.ino:825
    OCR2A = brightness;
    g_led_brightness = brightness;
}
// verifica se há objeto < ~20 cm ---
uint8_t sonar_is_close(uint8_t sonar_id)
{
     2e6:	cf 92       	push	r12
     2e8:	df 92       	push	r13
     2ea:	ef 92       	push	r14
     2ec:	ff 92       	push	r15
     2ee:	0f 93       	push	r16
     2f0:	1f 93       	push	r17
     2f2:	cf 93       	push	r28
     2f4:	df 93       	push	r29
C:\Users\Utilizador\Desktop\RAFA\UNI\LABSI-LUMINOSIDADE\LABSI\PROG\PROGv1/PROGv1.ino:836
  uint8_t trig_pin, echo_pin;
  uint32_t *last_time;
  uint8_t *stable_state;

  // Seleciona sonar
  if (sonar_id == 1) {
     2f6:	81 30       	cpi	r24, 0x01	; 1
     2f8:	41 f5       	brne	.+80     	; 0x34a <sonar_is_close(unsigned char)+0x64>
C:\Users\Utilizador\Desktop\RAFA\UNI\LABSI-LUMINOSIDADE\LABSI\PROG\PROGv1/PROGv1.ino:839
      trig_pin = SONAR1_TRIG;
      echo_pin = SONAR1_ECHO;
      last_time = &last_trigger_time_1;
     2fa:	40 91 06 04 	lds	r20, 0x0406	; 0x800406 <sonar_is_close(unsigned char)::last_trigger_time_1>
     2fe:	50 91 07 04 	lds	r21, 0x0407	; 0x800407 <sonar_is_close(unsigned char)::last_trigger_time_1+0x1>
     302:	60 91 08 04 	lds	r22, 0x0408	; 0x800408 <sonar_is_close(unsigned char)::last_trigger_time_1+0x2>
     306:	70 91 09 04 	lds	r23, 0x0409	; 0x800409 <sonar_is_close(unsigned char)::last_trigger_time_1+0x3>
C:\Users\Utilizador\Desktop\RAFA\UNI\LABSI-LUMINOSIDADE\LABSI\PROG\PROGv1/PROGv1.ino:840
      stable_state = &stable_state_1;
     30a:	01 e0       	ldi	r16, 0x01	; 1
     30c:	14 e0       	ldi	r17, 0x04	; 4
C:\Users\Utilizador\Desktop\RAFA\UNI\LABSI-LUMINOSIDADE\LABSI\PROG\PROGv1/PROGv1.ino:839

  // Seleciona sonar
  if (sonar_id == 1) {
      trig_pin = SONAR1_TRIG;
      echo_pin = SONAR1_ECHO;
      last_time = &last_trigger_time_1;
     30e:	e6 e0       	ldi	r30, 0x06	; 6
     310:	f4 e0       	ldi	r31, 0x04	; 4
C:\Users\Utilizador\Desktop\RAFA\UNI\LABSI-LUMINOSIDADE\LABSI\PROG\PROGv1/PROGv1.ino:837
  uint32_t *last_time;
  uint8_t *stable_state;

  // Seleciona sonar
  if (sonar_id == 1) {
      trig_pin = SONAR1_TRIG;
     312:	22 e0       	ldi	r18, 0x02	; 2
C:\Users\Utilizador\Desktop\RAFA\UNI\LABSI-LUMINOSIDADE\LABSI\PROG\PROGv1/PROGv1.ino:849
      last_time = &last_trigger_time_2;
      stable_state = &stable_state_2;
  }

  // Intervalo mínimo entre triggers (60 ms)
  if (g_millis - *last_time < 60) {
     314:	80 91 0a 04 	lds	r24, 0x040A	; 0x80040a <g_millis>
     318:	90 91 0b 04 	lds	r25, 0x040B	; 0x80040b <g_millis+0x1>
     31c:	a0 91 0c 04 	lds	r26, 0x040C	; 0x80040c <g_millis+0x2>
     320:	b0 91 0d 04 	lds	r27, 0x040D	; 0x80040d <g_millis+0x3>
     324:	84 1b       	sub	r24, r20
     326:	95 0b       	sbc	r25, r21
     328:	a6 0b       	sbc	r26, r22
     32a:	b7 0b       	sbc	r27, r23
     32c:	cc 97       	sbiw	r24, 0x3c	; 60
     32e:	a1 05       	cpc	r26, r1
     330:	b1 05       	cpc	r27, r1
     332:	c8 f4       	brcc	.+50     	; 0x366 <sonar_is_close(unsigned char)+0x80>
C:\Users\Utilizador\Desktop\RAFA\UNI\LABSI-LUMINOSIDADE\LABSI\PROG\PROGv1/PROGv1.ino:850
      return *stable_state;
     334:	f8 01       	movw	r30, r16
     336:	80 81       	ld	r24, Z
C:\Users\Utilizador\Desktop\RAFA\UNI\LABSI-LUMINOSIDADE\LABSI\PROG\PROGv1/PROGv1.ino:916
      return 0;
  } else {
      *stable_state = 0;
      return 0;
  }
}
     338:	df 91       	pop	r29
     33a:	cf 91       	pop	r28
     33c:	1f 91       	pop	r17
     33e:	0f 91       	pop	r16
     340:	ff 90       	pop	r15
     342:	ef 90       	pop	r14
     344:	df 90       	pop	r13
     346:	cf 90       	pop	r12
     348:	08 95       	ret
C:\Users\Utilizador\Desktop\RAFA\UNI\LABSI-LUMINOSIDADE\LABSI\PROG\PROGv1/PROGv1.ino:844
      last_time = &last_trigger_time_1;
      stable_state = &stable_state_1;
  } else {
      trig_pin = SONAR2_TRIG;
      echo_pin = SONAR2_ECHO;
      last_time = &last_trigger_time_2;
     34a:	40 91 02 04 	lds	r20, 0x0402	; 0x800402 <sonar_is_close(unsigned char)::last_trigger_time_2>
     34e:	50 91 03 04 	lds	r21, 0x0403	; 0x800403 <sonar_is_close(unsigned char)::last_trigger_time_2+0x1>
     352:	60 91 04 04 	lds	r22, 0x0404	; 0x800404 <sonar_is_close(unsigned char)::last_trigger_time_2+0x2>
     356:	70 91 05 04 	lds	r23, 0x0405	; 0x800405 <sonar_is_close(unsigned char)::last_trigger_time_2+0x3>
C:\Users\Utilizador\Desktop\RAFA\UNI\LABSI-LUMINOSIDADE\LABSI\PROG\PROGv1/PROGv1.ino:845
      stable_state = &stable_state_2;
     35a:	00 e0       	ldi	r16, 0x00	; 0
     35c:	14 e0       	ldi	r17, 0x04	; 4
C:\Users\Utilizador\Desktop\RAFA\UNI\LABSI-LUMINOSIDADE\LABSI\PROG\PROGv1/PROGv1.ino:844
      last_time = &last_trigger_time_1;
      stable_state = &stable_state_1;
  } else {
      trig_pin = SONAR2_TRIG;
      echo_pin = SONAR2_ECHO;
      last_time = &last_trigger_time_2;
     35e:	e2 e0       	ldi	r30, 0x02	; 2
     360:	f4 e0       	ldi	r31, 0x04	; 4
C:\Users\Utilizador\Desktop\RAFA\UNI\LABSI-LUMINOSIDADE\LABSI\PROG\PROGv1/PROGv1.ino:842
      trig_pin = SONAR1_TRIG;
      echo_pin = SONAR1_ECHO;
      last_time = &last_trigger_time_1;
      stable_state = &stable_state_1;
  } else {
      trig_pin = SONAR2_TRIG;
     362:	23 e0       	ldi	r18, 0x03	; 3
     364:	d7 cf       	rjmp	.-82     	; 0x314 <sonar_is_close(unsigned char)+0x2e>
C:\Users\Utilizador\Desktop\RAFA\UNI\LABSI-LUMINOSIDADE\LABSI\PROG\PROGv1/PROGv1.ino:852

  // Intervalo mínimo entre triggers (60 ms)
  if (g_millis - *last_time < 60) {
      return *stable_state;
  }
  *last_time = g_millis;
     366:	80 91 0a 04 	lds	r24, 0x040A	; 0x80040a <g_millis>
     36a:	90 91 0b 04 	lds	r25, 0x040B	; 0x80040b <g_millis+0x1>
     36e:	a0 91 0c 04 	lds	r26, 0x040C	; 0x80040c <g_millis+0x2>
     372:	b0 91 0d 04 	lds	r27, 0x040D	; 0x80040d <g_millis+0x3>
     376:	80 83       	st	Z, r24
     378:	91 83       	std	Z+1, r25	; 0x01
     37a:	a2 83       	std	Z+2, r26	; 0x02
     37c:	b3 83       	std	Z+3, r27	; 0x03
C:\Users\Utilizador\Desktop\RAFA\UNI\LABSI-LUMINOSIDADE\LABSI\PROG\PROGv1/PROGv1.ino:860

  // Faz 3 leituras e aplica filtro de maioria
  for (uint8_t i = 0; i < 3; i++)
  {
      // Trigger de 10 us
      PORTC &= ~(1 << trig_pin);
     37e:	c1 e0       	ldi	r28, 0x01	; 1
     380:	d0 e0       	ldi	r29, 0x00	; 0
     382:	02 c0       	rjmp	.+4      	; 0x388 <sonar_is_close(unsigned char)+0xa2>
     384:	cc 0f       	add	r28, r28
     386:	dd 1f       	adc	r29, r29
     388:	2a 95       	dec	r18
     38a:	e2 f7       	brpl	.-8      	; 0x384 <sonar_is_close(unsigned char)+0x9e>
     38c:	cc 2e       	mov	r12, r28
     38e:	dc 2e       	mov	r13, r28
     390:	d0 94       	com	r13
     392:	83 e0       	ldi	r24, 0x03	; 3
     394:	e8 2e       	mov	r14, r24
C:\Users\Utilizador\Desktop\RAFA\UNI\LABSI-LUMINOSIDADE\LABSI\PROG\PROGv1/PROGv1.ino:854
  if (g_millis - *last_time < 60) {
      return *stable_state;
  }
  *last_time = g_millis;

  uint8_t close_count = 0;
     396:	f1 2c       	mov	r15, r1
C:\Users\Utilizador\Desktop\RAFA\UNI\LABSI-LUMINOSIDADE\LABSI\PROG\PROGv1/PROGv1.ino:860

  // Faz 3 leituras e aplica filtro de maioria
  for (uint8_t i = 0; i < 3; i++)
  {
      // Trigger de 10 us
      PORTC &= ~(1 << trig_pin);
     398:	88 b1       	in	r24, 0x08	; 8
     39a:	8d 21       	and	r24, r13
     39c:	88 b9       	out	0x08, r24	; 8
C:\Users\Utilizador\Desktop\RAFA\UNI\LABSI-LUMINOSIDADE\LABSI\PROG\PROGv1/PROGv1.ino:861
      delay_us(2);
     39e:	82 e0       	ldi	r24, 0x02	; 2
     3a0:	90 e0       	ldi	r25, 0x00	; 0
     3a2:	0e 94 57 01 	call	0x2ae	; 0x2ae <delay_us(unsigned int)>
C:\Users\Utilizador\Desktop\RAFA\UNI\LABSI-LUMINOSIDADE\LABSI\PROG\PROGv1/PROGv1.ino:862
      PORTC |= (1 << trig_pin);
     3a6:	88 b1       	in	r24, 0x08	; 8
     3a8:	8c 29       	or	r24, r12
     3aa:	88 b9       	out	0x08, r24	; 8
C:\Users\Utilizador\Desktop\RAFA\UNI\LABSI-LUMINOSIDADE\LABSI\PROG\PROGv1/PROGv1.ino:863
      delay_us(10);
     3ac:	8a e0       	ldi	r24, 0x0A	; 10
     3ae:	90 e0       	ldi	r25, 0x00	; 0
     3b0:	0e 94 57 01 	call	0x2ae	; 0x2ae <delay_us(unsigned int)>
C:\Users\Utilizador\Desktop\RAFA\UNI\LABSI-LUMINOSIDADE\LABSI\PROG\PROGv1/PROGv1.ino:864
      PORTC &= ~(1 << trig_pin);
     3b4:	88 b1       	in	r24, 0x08	; 8
     3b6:	8d 21       	and	r24, r13
     3b8:	88 b9       	out	0x08, r24	; 8
C:\Users\Utilizador\Desktop\RAFA\UNI\LABSI-LUMINOSIDADE\LABSI\PROG\PROGv1/PROGv1.ino:866

      delay_us(200); // evita eco imediato
     3ba:	88 ec       	ldi	r24, 0xC8	; 200
     3bc:	90 e0       	ldi	r25, 0x00	; 0
     3be:	0e 94 57 01 	call	0x2ae	; 0x2ae <delay_us(unsigned int)>
C:\Users\Utilizador\Desktop\RAFA\UNI\LABSI-LUMINOSIDADE\LABSI\PROG\PROGv1/PROGv1.ino:869

      // Mede pulso com interrupções desligadas
      cli();
     3c2:	f8 94       	cli
C:\Users\Utilizador\Desktop\RAFA\UNI\LABSI-LUMINOSIDADE\LABSI\PROG\PROGv1/PROGv1.ino:871

      uint16_t timeout = 0;
     3c4:	30 e0       	ldi	r19, 0x00	; 0
     3c6:	20 e0       	ldi	r18, 0x00	; 0
C:\Users\Utilizador\Desktop\RAFA\UNI\LABSI-LUMINOSIDADE\LABSI\PROG\PROGv1/PROGv1.ino:874

      // Espera echo subir
      while (!(PIND & (1 << echo_pin)) && timeout < 7500) timeout++;
     3c8:	89 b1       	in	r24, 0x09	; 9
     3ca:	90 e0       	ldi	r25, 0x00	; 0
     3cc:	8c 23       	and	r24, r28
     3ce:	9d 23       	and	r25, r29
     3d0:	89 2b       	or	r24, r25
     3d2:	39 f4       	brne	.+14     	; 0x3e2 <sonar_is_close(unsigned char)+0xfc>
     3d4:	2c 34       	cpi	r18, 0x4C	; 76
     3d6:	fd e1       	ldi	r31, 0x1D	; 29
     3d8:	3f 07       	cpc	r19, r31
     3da:	31 f0       	breq	.+12     	; 0x3e8 <sonar_is_close(unsigned char)+0x102>
     3dc:	2f 5f       	subi	r18, 0xFF	; 255
     3de:	3f 4f       	sbci	r19, 0xFF	; 255
     3e0:	f3 cf       	rjmp	.-26     	; 0x3c8 <sonar_is_close(unsigned char)+0xe2>
C:\Users\Utilizador\Desktop\RAFA\UNI\LABSI-LUMINOSIDADE\LABSI\PROG\PROGv1/PROGv1.ino:875
      if (timeout >= 7500) { sei(); continue; }
     3e2:	2c 34       	cpi	r18, 0x4C	; 76
     3e4:	3d 41       	sbci	r19, 0x1D	; 29
     3e6:	59 f4       	brne	.+22     	; 0x3fe <sonar_is_close(unsigned char)+0x118>
     3e8:	78 94       	sei
     3ea:	ea 94       	dec	r14
C:\Users\Utilizador\Desktop\RAFA\UNI\LABSI-LUMINOSIDADE\LABSI\PROG\PROGv1/PROGv1.ino:857
  *last_time = g_millis;

  uint8_t close_count = 0;

  // Faz 3 leituras e aplica filtro de maioria
  for (uint8_t i = 0; i < 3; i++)
     3ec:	e1 10       	cpse	r14, r1
     3ee:	d4 cf       	rjmp	.-88     	; 0x398 <sonar_is_close(unsigned char)+0xb2>
C:\Users\Utilizador\Desktop\RAFA\UNI\LABSI-LUMINOSIDADE\LABSI\PROG\PROGv1/PROGv1.ino:905

      delay_us(500);
  }

  // Filtro de maioria (2 de 3)
  uint8_t reading = (close_count >= 2) ? 1 : 0;
     3f0:	41 e0       	ldi	r20, 0x01	; 1
C:\Users\Utilizador\Desktop\RAFA\UNI\LABSI-LUMINOSIDADE\LABSI\PROG\PROGv1/PROGv1.ino:909

  // Debounce lógico
  if (reading == 1) {
      if (*stable_state == 1) return 1;
     3f2:	f8 01       	movw	r30, r16
C:\Users\Utilizador\Desktop\RAFA\UNI\LABSI-LUMINOSIDADE\LABSI\PROG\PROGv1/PROGv1.ino:905

      delay_us(500);
  }

  // Filtro de maioria (2 de 3)
  uint8_t reading = (close_count >= 2) ? 1 : 0;
     3f4:	4f 15       	cp	r20, r15
     3f6:	c8 f1       	brcs	.+114    	; 0x46a <__LOCK_REGION_LENGTH__+0x6a>
C:\Users\Utilizador\Desktop\RAFA\UNI\LABSI-LUMINOSIDADE\LABSI\PROG\PROGv1/PROGv1.ino:913
  if (reading == 1) {
      if (*stable_state == 1) return 1;
      *stable_state = 1;
      return 0;
  } else {
      *stable_state = 0;
     3f8:	10 82       	st	Z, r1
C:\Users\Utilizador\Desktop\RAFA\UNI\LABSI-LUMINOSIDADE\LABSI\PROG\PROGv1/PROGv1.ino:911

  // Debounce lógico
  if (reading == 1) {
      if (*stable_state == 1) return 1;
      *stable_state = 1;
      return 0;
     3fa:	80 e0       	ldi	r24, 0x00	; 0
     3fc:	9d cf       	rjmp	.-198    	; 0x338 <sonar_is_close(unsigned char)+0x52>
C:\Users\Utilizador\Desktop\RAFA\UNI\LABSI-LUMINOSIDADE\LABSI\PROG\PROGv1/PROGv1.ino:877

      // Espera echo subir
      while (!(PIND & (1 << echo_pin)) && timeout < 7500) timeout++;
      if (timeout >= 7500) { sei(); continue; }

      uint16_t start = TCNT1;
     3fe:	20 91 84 00 	lds	r18, 0x0084	; 0x800084 <__DATA_REGION_ORIGIN__+0x24>
     402:	30 91 85 00 	lds	r19, 0x0085	; 0x800085 <__DATA_REGION_ORIGIN__+0x25>
C:\Users\Utilizador\Desktop\RAFA\UNI\LABSI-LUMINOSIDADE\LABSI\PROG\PROGv1/PROGv1.ino:878
      timeout = 0;
     406:	50 e0       	ldi	r21, 0x00	; 0
     408:	40 e0       	ldi	r20, 0x00	; 0
C:\Users\Utilizador\Desktop\RAFA\UNI\LABSI-LUMINOSIDADE\LABSI\PROG\PROGv1/PROGv1.ino:881

      // Espera echo descer
      while ((PIND & (1 << echo_pin)) && timeout < 30000) timeout++;
     40a:	89 b1       	in	r24, 0x09	; 9
     40c:	90 e0       	ldi	r25, 0x00	; 0
     40e:	8c 23       	and	r24, r28
     410:	9d 23       	and	r25, r29
     412:	89 2b       	or	r24, r25
     414:	21 f0       	breq	.+8      	; 0x41e <__LOCK_REGION_LENGTH__+0x1e>
     416:	40 33       	cpi	r20, 0x30	; 48
     418:	85 e7       	ldi	r24, 0x75	; 117
     41a:	58 07       	cpc	r21, r24
     41c:	19 f5       	brne	.+70     	; 0x464 <__LOCK_REGION_LENGTH__+0x64>
C:\Users\Utilizador\Desktop\RAFA\UNI\LABSI-LUMINOSIDADE\LABSI\PROG\PROGv1/PROGv1.ino:882
      uint16_t end = TCNT1;
     41e:	60 91 84 00 	lds	r22, 0x0084	; 0x800084 <__DATA_REGION_ORIGIN__+0x24>
     422:	70 91 85 00 	lds	r23, 0x0085	; 0x800085 <__DATA_REGION_ORIGIN__+0x25>
C:\Users\Utilizador\Desktop\RAFA\UNI\LABSI-LUMINOSIDADE\LABSI\PROG\PROGv1/PROGv1.ino:884

      sei();
     426:	78 94       	sei
C:\Users\Utilizador\Desktop\RAFA\UNI\LABSI-LUMINOSIDADE\LABSI\PROG\PROGv1/PROGv1.ino:886

      if (timeout >= 30000) continue;
     428:	40 33       	cpi	r20, 0x30	; 48
     42a:	55 47       	sbci	r21, 0x75	; 117
     42c:	f1 f2       	breq	.-68     	; 0x3ea <sonar_is_close(unsigned char)+0x104>
C:\Users\Utilizador\Desktop\RAFA\UNI\LABSI-LUMINOSIDADE\LABSI\PROG\PROGv1/PROGv1.ino:890

      // Calcula ticks (Timer1 = 4 us/tick)
      uint16_t ticks;
      if (end >= start) ticks = end - start;
     42e:	cb 01       	movw	r24, r22
     430:	62 17       	cp	r22, r18
     432:	73 07       	cpc	r23, r19
     434:	30 f4       	brcc	.+12     	; 0x442 <__LOCK_REGION_LENGTH__+0x42>
C:\Users\Utilizador\Desktop\RAFA\UNI\LABSI-LUMINOSIDADE\LABSI\PROG\PROGv1/PROGv1.ino:891
      else ticks = (ICR1 - start) + end;
     436:	80 91 86 00 	lds	r24, 0x0086	; 0x800086 <__DATA_REGION_ORIGIN__+0x26>
     43a:	90 91 87 00 	lds	r25, 0x0087	; 0x800087 <__DATA_REGION_ORIGIN__+0x27>
     43e:	86 0f       	add	r24, r22
     440:	97 1f       	adc	r25, r23
     442:	82 1b       	sub	r24, r18
     444:	93 0b       	sbc	r25, r19
C:\Users\Utilizador\Desktop\RAFA\UNI\LABSI-LUMINOSIDADE\LABSI\PROG\PROGv1/PROGv1.ino:894

      // Filtro de outliers
      if (ticks < 20 || ticks > 4000) continue;
     446:	9c 01       	movw	r18, r24
     448:	24 51       	subi	r18, 0x14	; 20
     44a:	31 09       	sbc	r19, r1
     44c:	2d 38       	cpi	r18, 0x8D	; 141
     44e:	3f 40       	sbci	r19, 0x0F	; 15
     450:	60 f6       	brcc	.-104    	; 0x3ea <sonar_is_close(unsigned char)+0x104>
C:\Users\Utilizador\Desktop\RAFA\UNI\LABSI-LUMINOSIDADE\LABSI\PROG\PROGv1/PROGv1.ino:897

      // Verifica se está abaixo do limite (~20 cm)
      if (ticks < SONAR_THRESHOLD_TICKS_20CM) {
     452:	82 32       	cpi	r24, 0x22	; 34
     454:	91 40       	sbci	r25, 0x01	; 1
     456:	08 f4       	brcc	.+2      	; 0x45a <__LOCK_REGION_LENGTH__+0x5a>
C:\Users\Utilizador\Desktop\RAFA\UNI\LABSI-LUMINOSIDADE\LABSI\PROG\PROGv1/PROGv1.ino:898
          close_count++;
     458:	f3 94       	inc	r15
C:\Users\Utilizador\Desktop\RAFA\UNI\LABSI-LUMINOSIDADE\LABSI\PROG\PROGv1/PROGv1.ino:901
      }

      delay_us(500);
     45a:	84 ef       	ldi	r24, 0xF4	; 244
     45c:	91 e0       	ldi	r25, 0x01	; 1
     45e:	0e 94 57 01 	call	0x2ae	; 0x2ae <delay_us(unsigned int)>
     462:	c3 cf       	rjmp	.-122    	; 0x3ea <sonar_is_close(unsigned char)+0x104>
C:\Users\Utilizador\Desktop\RAFA\UNI\LABSI-LUMINOSIDADE\LABSI\PROG\PROGv1/PROGv1.ino:881

      uint16_t start = TCNT1;
      timeout = 0;

      // Espera echo descer
      while ((PIND & (1 << echo_pin)) && timeout < 30000) timeout++;
     464:	4f 5f       	subi	r20, 0xFF	; 255
     466:	5f 4f       	sbci	r21, 0xFF	; 255
     468:	d0 cf       	rjmp	.-96     	; 0x40a <__LOCK_REGION_LENGTH__+0xa>
C:\Users\Utilizador\Desktop\RAFA\UNI\LABSI-LUMINOSIDADE\LABSI\PROG\PROGv1/PROGv1.ino:909
  // Filtro de maioria (2 de 3)
  uint8_t reading = (close_count >= 2) ? 1 : 0;

  // Debounce lógico
  if (reading == 1) {
      if (*stable_state == 1) return 1;
     46a:	80 81       	ld	r24, Z
     46c:	81 30       	cpi	r24, 0x01	; 1
     46e:	09 f4       	brne	.+2      	; 0x472 <__LOCK_REGION_LENGTH__+0x72>
     470:	63 cf       	rjmp	.-314    	; 0x338 <sonar_is_close(unsigned char)+0x52>
C:\Users\Utilizador\Desktop\RAFA\UNI\LABSI-LUMINOSIDADE\LABSI\PROG\PROGv1/PROGv1.ino:910
      *stable_state = 1;
     472:	81 e0       	ldi	r24, 0x01	; 1
     474:	80 83       	st	Z, r24
     476:	c1 cf       	rjmp	.-126    	; 0x3fa <sonar_is_close(unsigned char)+0x114>

00000478 <oled_write_line(unsigned char, char const*, char*)>:
_Z15oled_write_linehPKcPc():
C:\Users\Utilizador\Desktop\RAFA\UNI\LABSI-LUMINOSIDADE\LABSI\PROG\PROGv1/PROGv1.ino:600
    case ABRIR:  return "ABRIR";
    case FECHAR: return "FECHAR";
    default:     return "PARAR";
  }
}
void oled_write_line(uint8_t row, const char *text, char *last_buffer) { 
     478:	ef 92       	push	r14
     47a:	ff 92       	push	r15
     47c:	1f 93       	push	r17
     47e:	cf 93       	push	r28
     480:	df 93       	push	r29
     482:	18 2f       	mov	r17, r24
     484:	eb 01       	movw	r28, r22
     486:	7a 01       	movw	r14, r20
C:\Users\Utilizador\Desktop\RAFA\UNI\LABSI-LUMINOSIDADE\LABSI\PROG\PROGv1/PROGv1.ino:601
  if(strcmp(text, last_buffer) == 0) return; // nada mudou → não redesenha 
     488:	ba 01       	movw	r22, r20
     48a:	ce 01       	movw	r24, r28
     48c:	0e 94 48 0b 	call	0x1690	; 0x1690 <strcmp>
     490:	89 2b       	or	r24, r25
     492:	b1 f0       	breq	.+44     	; 0x4c0 <oled_write_line(unsigned char, char const*, char*)+0x48>
C:\Users\Utilizador\Desktop\RAFA\UNI\LABSI-LUMINOSIDADE\LABSI\PROG\PROGv1/PROGv1.ino:602
  strcpy(last_buffer, text); 
     494:	be 01       	movw	r22, r28
     496:	c7 01       	movw	r24, r14
     498:	0e 94 51 0b 	call	0x16a2	; 0x16a2 <strcpy>
C:\Users\Utilizador\Desktop\RAFA\UNI\LABSI-LUMINOSIDADE\LABSI\PROG\PROGv1/PROGv1.ino:603
  ssd1306_set_cursor(row, 0); 
     49c:	81 2f       	mov	r24, r17
     49e:	0e 94 2a 01 	call	0x254	; 0x254 <ssd1306_set_cursor(unsigned char, unsigned char) [clone .constprop.0]>
C:\Users\Utilizador\Desktop\RAFA\UNI\LABSI-LUMINOSIDADE\LABSI\PROG\PROGv1/PROGv1.ino:604
  ssd1306_print(" "); // limpa com espaços 
     4a2:	82 ec       	ldi	r24, 0xC2	; 194
     4a4:	93 e0       	ldi	r25, 0x03	; 3
     4a6:	0e 94 ee 00 	call	0x1dc	; 0x1dc <ssd1306_print(char const*)>
C:\Users\Utilizador\Desktop\RAFA\UNI\LABSI-LUMINOSIDADE\LABSI\PROG\PROGv1/PROGv1.ino:605
  ssd1306_set_cursor(row, 0); 
     4aa:	81 2f       	mov	r24, r17
     4ac:	0e 94 2a 01 	call	0x254	; 0x254 <ssd1306_set_cursor(unsigned char, unsigned char) [clone .constprop.0]>
C:\Users\Utilizador\Desktop\RAFA\UNI\LABSI-LUMINOSIDADE\LABSI\PROG\PROGv1/PROGv1.ino:606
  ssd1306_print(text); 
     4b0:	ce 01       	movw	r24, r28
C:\Users\Utilizador\Desktop\RAFA\UNI\LABSI-LUMINOSIDADE\LABSI\PROG\PROGv1/PROGv1.ino:607
}
     4b2:	df 91       	pop	r29
     4b4:	cf 91       	pop	r28
     4b6:	1f 91       	pop	r17
     4b8:	ff 90       	pop	r15
     4ba:	ef 90       	pop	r14
C:\Users\Utilizador\Desktop\RAFA\UNI\LABSI-LUMINOSIDADE\LABSI\PROG\PROGv1/PROGv1.ino:606
  if(strcmp(text, last_buffer) == 0) return; // nada mudou → não redesenha 
  strcpy(last_buffer, text); 
  ssd1306_set_cursor(row, 0); 
  ssd1306_print(" "); // limpa com espaços 
  ssd1306_set_cursor(row, 0); 
  ssd1306_print(text); 
     4bc:	0c 94 ee 00 	jmp	0x1dc	; 0x1dc <ssd1306_print(char const*)>
C:\Users\Utilizador\Desktop\RAFA\UNI\LABSI-LUMINOSIDADE\LABSI\PROG\PROGv1/PROGv1.ino:607
}
     4c0:	df 91       	pop	r29
     4c2:	cf 91       	pop	r28
     4c4:	1f 91       	pop	r17
     4c6:	ff 90       	pop	r15
     4c8:	ef 90       	pop	r14
     4ca:	08 95       	ret

000004cc <__vector_4>:
__vector_4():
C:\Users\Utilizador\Desktop\RAFA\UNI\LABSI-LUMINOSIDADE\LABSI\PROG\PROGv1/PROGv1.ino:284
		g_contador = 0;
	}
	g_display_counter++;

}
ISR(PCINT1_vect) {
     4cc:	1f 92       	push	r1
     4ce:	0f 92       	push	r0
     4d0:	0f b6       	in	r0, 0x3f	; 63
     4d2:	0f 92       	push	r0
     4d4:	11 24       	eor	r1, r1
     4d6:	2f 93       	push	r18
     4d8:	3f 93       	push	r19
     4da:	4f 93       	push	r20
     4dc:	5f 93       	push	r21
     4de:	6f 93       	push	r22
     4e0:	7f 93       	push	r23
     4e2:	8f 93       	push	r24
     4e4:	9f 93       	push	r25
     4e6:	af 93       	push	r26
     4e8:	bf 93       	push	r27
     4ea:	cf 93       	push	r28
     4ec:	df 93       	push	r29
     4ee:	ef 93       	push	r30
     4f0:	ff 93       	push	r31
C:\Users\Utilizador\Desktop\RAFA\UNI\LABSI-LUMINOSIDADE\LABSI\PROG\PROGv1/PROGv1.ino:285
	uint8_t current_state = PINC & (1 << PC1);
     4f2:	c6 b1       	in	r28, 0x06	; 6
     4f4:	c2 70       	andi	r28, 0x02	; 2
C:\Users\Utilizador\Desktop\RAFA\UNI\LABSI-LUMINOSIDADE\LABSI\PROG\PROGv1/PROGv1.ino:286
	if(current_state > g_prev_pc1_state) {
     4f6:	80 91 ff 03 	lds	r24, 0x03FF	; 0x8003ff <g_prev_pc1_state>
     4fa:	8c 17       	cp	r24, r28
     4fc:	08 f0       	brcs	.+2      	; 0x500 <__vector_4+0x34>
     4fe:	3f c0       	rjmp	.+126    	; 0x57e <__vector_4+0xb2>
C:\Users\Utilizador\Desktop\RAFA\UNI\LABSI-LUMINOSIDADE\LABSI\PROG\PROGv1/PROGv1.ino:288
		// Transição de 0 para 1 detectada
		if(!g_mode_locked) {
     500:	80 91 fe 03 	lds	r24, 0x03FE	; 0x8003fe <g_mode_locked>
     504:	81 11       	cpse	r24, r1
     506:	23 c0       	rjmp	.+70     	; 0x54e <__vector_4+0x82>
C:\Users\Utilizador\Desktop\RAFA\UNI\LABSI-LUMINOSIDADE\LABSI\PROG\PROGv1/PROGv1.ino:290
			// Alternar Modo (apenas uma vez)
			if(g_operating_mode == MODE_AUTOMATIC) {
     508:	80 91 06 01 	lds	r24, 0x0106	; 0x800106 <g_operating_mode>
     50c:	81 11       	cpse	r24, r1
     50e:	34 c0       	rjmp	.+104    	; 0x578 <__vector_4+0xac>
C:\Users\Utilizador\Desktop\RAFA\UNI\LABSI-LUMINOSIDADE\LABSI\PROG\PROGv1/PROGv1.ino:291
				g_operating_mode = MODE_MANUAL;
     510:	81 e0       	ldi	r24, 0x01	; 1
     512:	80 93 06 01 	sts	0x0106, r24	; 0x800106 <g_operating_mode>
C:\Users\Utilizador\Desktop\RAFA\UNI\LABSI-LUMINOSIDADE\LABSI\PROG\PROGv1/PROGv1.ino:295
			} else {
				g_operating_mode = MODE_AUTOMATIC;
			}
			g_mode_changed = 1; // Sinalizar ao main loop
     516:	d1 e0       	ldi	r29, 0x01	; 1
     518:	d0 93 00 01 	sts	0x0100, r29	; 0x800100 <__data_start>
control_motor_1():
C:\Users\Utilizador\Desktop\RAFA\UNI\LABSI-LUMINOSIDADE\LABSI\PROG\PROGv1/PROGv1.ino:753
	// Interrupção de PC1 (botão touch)
	PCICR |= (1 << PCIE1);
	PCMSK1 |= (1 << PCINT9);
}
void control_motor_1(Servo_pos action) {
    g_motor1_action = action;
     51c:	21 e0       	ldi	r18, 0x01	; 1
     51e:	30 e0       	ldi	r19, 0x00	; 0
     520:	30 93 0a 01 	sts	0x010A, r19	; 0x80010a <g_motor1_action+0x1>
     524:	20 93 09 01 	sts	0x0109, r18	; 0x800109 <g_motor1_action>
C:\Users\Utilizador\Desktop\RAFA\UNI\LABSI-LUMINOSIDADE\LABSI\PROG\PROGv1/PROGv1.ino:767
            break;
        case FECHAR:
            valor_pwm = 196;
            break;
    }
    OCR1B = valor_pwm;
     528:	8c eb       	ldi	r24, 0xBC	; 188
     52a:	90 e0       	ldi	r25, 0x00	; 0
     52c:	90 93 8b 00 	sts	0x008B, r25	; 0x80008b <__DATA_REGION_ORIGIN__+0x2b>
     530:	80 93 8a 00 	sts	0x008A, r24	; 0x80008a <__DATA_REGION_ORIGIN__+0x2a>
control_motor_2():
C:\Users\Utilizador\Desktop\RAFA\UNI\LABSI-LUMINOSIDADE\LABSI\PROG\PROGv1/PROGv1.ino:770
}
void control_motor_2(Servo_pos action) {
    g_motor2_action = action;
     534:	30 93 08 01 	sts	0x0108, r19	; 0x800108 <g_motor2_action+0x1>
     538:	20 93 07 01 	sts	0x0107, r18	; 0x800107 <g_motor2_action>
C:\Users\Utilizador\Desktop\RAFA\UNI\LABSI-LUMINOSIDADE\LABSI\PROG\PROGv1/PROGv1.ino:784
			break;
		case FECHAR:
			valor_pwm = 197;
			break;
	}
	OCR1A = valor_pwm;
     53c:	90 93 89 00 	sts	0x0089, r25	; 0x800089 <__DATA_REGION_ORIGIN__+0x29>
     540:	80 93 88 00 	sts	0x0088, r24	; 0x800088 <__DATA_REGION_ORIGIN__+0x28>
__vector_4():
C:\Users\Utilizador\Desktop\RAFA\UNI\LABSI-LUMINOSIDADE\LABSI\PROG\PROGv1/PROGv1.ino:298
				g_operating_mode = MODE_AUTOMATIC;
			}
			g_mode_changed = 1; // Sinalizar ao main loop
			control_motor_1(1);
			control_motor_2(1);
			buzzer_bips(1); // 1 bip na troca de modo
     544:	81 e0       	ldi	r24, 0x01	; 1
     546:	0e 94 4c 01 	call	0x298	; 0x298 <buzzer_bips(unsigned char)>
C:\Users\Utilizador\Desktop\RAFA\UNI\LABSI-LUMINOSIDADE\LABSI\PROG\PROGv1/PROGv1.ino:299
			g_mode_locked = 1; // Bloquear mais mudanças
     54a:	d0 93 fe 03 	sts	0x03FE, r29	; 0x8003fe <g_mode_locked>
C:\Users\Utilizador\Desktop\RAFA\UNI\LABSI-LUMINOSIDADE\LABSI\PROG\PROGv1/PROGv1.ino:305
		}
	} else if(current_state < g_prev_pc1_state) {
		// Transição de 1 para 0 detectada
		g_mode_locked = 0; // Desbloquear sistema para o próximo toque
	}
	g_prev_pc1_state = current_state;
     54e:	c0 93 ff 03 	sts	0x03FF, r28	; 0x8003ff <g_prev_pc1_state>
C:\Users\Utilizador\Desktop\RAFA\UNI\LABSI-LUMINOSIDADE\LABSI\PROG\PROGv1/PROGv1.ino:306
}
     552:	ff 91       	pop	r31
     554:	ef 91       	pop	r30
     556:	df 91       	pop	r29
     558:	cf 91       	pop	r28
     55a:	bf 91       	pop	r27
     55c:	af 91       	pop	r26
     55e:	9f 91       	pop	r25
     560:	8f 91       	pop	r24
     562:	7f 91       	pop	r23
     564:	6f 91       	pop	r22
     566:	5f 91       	pop	r21
     568:	4f 91       	pop	r20
     56a:	3f 91       	pop	r19
     56c:	2f 91       	pop	r18
     56e:	0f 90       	pop	r0
     570:	0f be       	out	0x3f, r0	; 63
     572:	0f 90       	pop	r0
     574:	1f 90       	pop	r1
     576:	18 95       	reti
C:\Users\Utilizador\Desktop\RAFA\UNI\LABSI-LUMINOSIDADE\LABSI\PROG\PROGv1/PROGv1.ino:293
		if(!g_mode_locked) {
			// Alternar Modo (apenas uma vez)
			if(g_operating_mode == MODE_AUTOMATIC) {
				g_operating_mode = MODE_MANUAL;
			} else {
				g_operating_mode = MODE_AUTOMATIC;
     578:	10 92 06 01 	sts	0x0106, r1	; 0x800106 <g_operating_mode>
     57c:	cc cf       	rjmp	.-104    	; 0x516 <__vector_4+0x4a>
C:\Users\Utilizador\Desktop\RAFA\UNI\LABSI-LUMINOSIDADE\LABSI\PROG\PROGv1/PROGv1.ino:301
			control_motor_1(1);
			control_motor_2(1);
			buzzer_bips(1); // 1 bip na troca de modo
			g_mode_locked = 1; // Bloquear mais mudanças
		}
	} else if(current_state < g_prev_pc1_state) {
     57e:	80 91 ff 03 	lds	r24, 0x03FF	; 0x8003ff <g_prev_pc1_state>
     582:	c8 17       	cp	r28, r24
     584:	20 f7       	brcc	.-56     	; 0x54e <__vector_4+0x82>
C:\Users\Utilizador\Desktop\RAFA\UNI\LABSI-LUMINOSIDADE\LABSI\PROG\PROGv1/PROGv1.ino:303
		// Transição de 1 para 0 detectada
		g_mode_locked = 0; // Desbloquear sistema para o próximo toque
     586:	10 92 fe 03 	sts	0x03FE, r1	; 0x8003fe <g_mode_locked>
     58a:	e1 cf       	rjmp	.-62     	; 0x54e <__vector_4+0x82>

0000058c <__vector_14>:
__vector_14():
C:\Users\Utilizador\Desktop\RAFA\UNI\LABSI-LUMINOSIDADE\LABSI\PROG\PROGv1/PROGv1.ino:253
		// Cada bip dura 400ms (200 ticks * 2ms)
		g_buzzer_counter = num_bips * 200;
	}
}
// --- Timer ISR (2ms) ---
ISR(TIMER0_COMPA_vect) {
     58c:	1f 92       	push	r1
     58e:	0f 92       	push	r0
     590:	0f b6       	in	r0, 0x3f	; 63
     592:	0f 92       	push	r0
     594:	11 24       	eor	r1, r1
     596:	6f 93       	push	r22
     598:	7f 93       	push	r23
     59a:	8f 93       	push	r24
     59c:	9f 93       	push	r25
     59e:	af 93       	push	r26
     5a0:	bf 93       	push	r27
C:\Users\Utilizador\Desktop\RAFA\UNI\LABSI-LUMINOSIDADE\LABSI\PROG\PROGv1/PROGv1.ino:254
	g_flag_2ms = 1;
     5a2:	81 e0       	ldi	r24, 0x01	; 1
     5a4:	80 93 7f 04 	sts	0x047F, r24	; 0x80047f <g_flag_2ms>
C:\Users\Utilizador\Desktop\RAFA\UNI\LABSI-LUMINOSIDADE\LABSI\PROG\PROGv1/PROGv1.ino:255
	g_millis += 2;
     5a8:	80 91 0a 04 	lds	r24, 0x040A	; 0x80040a <g_millis>
     5ac:	90 91 0b 04 	lds	r25, 0x040B	; 0x80040b <g_millis+0x1>
     5b0:	a0 91 0c 04 	lds	r26, 0x040C	; 0x80040c <g_millis+0x2>
     5b4:	b0 91 0d 04 	lds	r27, 0x040D	; 0x80040d <g_millis+0x3>
     5b8:	02 96       	adiw	r24, 0x02	; 2
     5ba:	a1 1d       	adc	r26, r1
     5bc:	b1 1d       	adc	r27, r1
     5be:	80 93 0a 04 	sts	0x040A, r24	; 0x80040a <g_millis>
     5c2:	90 93 0b 04 	sts	0x040B, r25	; 0x80040b <g_millis+0x1>
     5c6:	a0 93 0c 04 	sts	0x040C, r26	; 0x80040c <g_millis+0x2>
     5ca:	b0 93 0d 04 	sts	0x040D, r27	; 0x80040d <g_millis+0x3>
C:\Users\Utilizador\Desktop\RAFA\UNI\LABSI-LUMINOSIDADE\LABSI\PROG\PROGv1/PROGv1.ino:256
	if(g_delay_counter_2ms > 0) {
     5ce:	80 91 0e 04 	lds	r24, 0x040E	; 0x80040e <g_delay_counter_2ms>
     5d2:	90 91 0f 04 	lds	r25, 0x040F	; 0x80040f <g_delay_counter_2ms+0x1>
     5d6:	89 2b       	or	r24, r25
     5d8:	49 f0       	breq	.+18     	; 0x5ec <__vector_14+0x60>
C:\Users\Utilizador\Desktop\RAFA\UNI\LABSI-LUMINOSIDADE\LABSI\PROG\PROGv1/PROGv1.ino:257
		g_delay_counter_2ms--;
     5da:	80 91 0e 04 	lds	r24, 0x040E	; 0x80040e <g_delay_counter_2ms>
     5de:	90 91 0f 04 	lds	r25, 0x040F	; 0x80040f <g_delay_counter_2ms+0x1>
     5e2:	01 97       	sbiw	r24, 0x01	; 1
     5e4:	90 93 0f 04 	sts	0x040F, r25	; 0x80040f <g_delay_counter_2ms+0x1>
     5e8:	80 93 0e 04 	sts	0x040E, r24	; 0x80040e <g_delay_counter_2ms>
C:\Users\Utilizador\Desktop\RAFA\UNI\LABSI-LUMINOSIDADE\LABSI\PROG\PROGv1/PROGv1.ino:259
	}
	if(g_fix_state == 2 && g_fix_timer > 0) {
     5ec:	80 91 72 04 	lds	r24, 0x0472	; 0x800472 <g_fix_state>
     5f0:	82 30       	cpi	r24, 0x02	; 2
     5f2:	79 f4       	brne	.+30     	; 0x612 <__vector_14+0x86>
     5f4:	80 91 27 04 	lds	r24, 0x0427	; 0x800427 <g_fix_timer>
     5f8:	90 91 28 04 	lds	r25, 0x0428	; 0x800428 <g_fix_timer+0x1>
     5fc:	89 2b       	or	r24, r25
     5fe:	49 f0       	breq	.+18     	; 0x612 <__vector_14+0x86>
C:\Users\Utilizador\Desktop\RAFA\UNI\LABSI-LUMINOSIDADE\LABSI\PROG\PROGv1/PROGv1.ino:260
		g_fix_timer--;
     600:	80 91 27 04 	lds	r24, 0x0427	; 0x800427 <g_fix_timer>
     604:	90 91 28 04 	lds	r25, 0x0428	; 0x800428 <g_fix_timer+0x1>
     608:	01 97       	sbiw	r24, 0x01	; 1
     60a:	90 93 28 04 	sts	0x0428, r25	; 0x800428 <g_fix_timer+0x1>
     60e:	80 93 27 04 	sts	0x0427, r24	; 0x800427 <g_fix_timer>
C:\Users\Utilizador\Desktop\RAFA\UNI\LABSI-LUMINOSIDADE\LABSI\PROG\PROGv1/PROGv1.ino:263
	}
	// Timer de gesto (sonares)
	if(g_gesture_timer > 0) {
     612:	80 91 34 04 	lds	r24, 0x0434	; 0x800434 <g_gesture_timer>
     616:	90 91 35 04 	lds	r25, 0x0435	; 0x800435 <g_gesture_timer+0x1>
     61a:	89 2b       	or	r24, r25
     61c:	49 f0       	breq	.+18     	; 0x630 <__vector_14+0xa4>
C:\Users\Utilizador\Desktop\RAFA\UNI\LABSI-LUMINOSIDADE\LABSI\PROG\PROGv1/PROGv1.ino:264
		g_gesture_timer--;
     61e:	80 91 34 04 	lds	r24, 0x0434	; 0x800434 <g_gesture_timer>
     622:	90 91 35 04 	lds	r25, 0x0435	; 0x800435 <g_gesture_timer+0x1>
     626:	01 97       	sbiw	r24, 0x01	; 1
     628:	90 93 35 04 	sts	0x0435, r25	; 0x800435 <g_gesture_timer+0x1>
     62c:	80 93 34 04 	sts	0x0434, r24	; 0x800434 <g_gesture_timer>
C:\Users\Utilizador\Desktop\RAFA\UNI\LABSI-LUMINOSIDADE\LABSI\PROG\PROGv1/PROGv1.ino:267
	}
	// Controlo do Buzzer
	if(g_buzzer_counter > 0) {
     630:	80 91 fd 03 	lds	r24, 0x03FD	; 0x8003fd <g_buzzer_counter>
     634:	88 23       	and	r24, r24
     636:	79 f1       	breq	.+94     	; 0x696 <__vector_14+0x10a>
C:\Users\Utilizador\Desktop\RAFA\UNI\LABSI-LUMINOSIDADE\LABSI\PROG\PROGv1/PROGv1.ino:268
		g_buzzer_counter--;
     638:	80 91 fd 03 	lds	r24, 0x03FD	; 0x8003fd <g_buzzer_counter>
     63c:	81 50       	subi	r24, 0x01	; 1
     63e:	80 93 fd 03 	sts	0x03FD, r24	; 0x8003fd <g_buzzer_counter>
C:\Users\Utilizador\Desktop\RAFA\UNI\LABSI-LUMINOSIDADE\LABSI\PROG\PROGv1/PROGv1.ino:270
		// Alterna o Buzzer (PC0) a cada 50ms (25 ticks)
		if(g_buzzer_counter % 25 == 0) {
     642:	80 91 fd 03 	lds	r24, 0x03FD	; 0x8003fd <g_buzzer_counter>
     646:	69 e1       	ldi	r22, 0x19	; 25
     648:	0e 94 ec 0a 	call	0x15d8	; 0x15d8 <__udivmodqi4>
     64c:	91 11       	cpse	r25, r1
     64e:	04 c0       	rjmp	.+8      	; 0x658 <__vector_14+0xcc>
C:\Users\Utilizador\Desktop\RAFA\UNI\LABSI-LUMINOSIDADE\LABSI\PROG\PROGv1/PROGv1.ino:271
			PORTC ^= (1 << BUZZER_PIN);
     650:	88 b1       	in	r24, 0x08	; 8
     652:	91 e0       	ldi	r25, 0x01	; 1
     654:	89 27       	eor	r24, r25
     656:	88 b9       	out	0x08, r24	; 8
C:\Users\Utilizador\Desktop\RAFA\UNI\LABSI-LUMINOSIDADE\LABSI\PROG\PROGv1/PROGv1.ino:276
		}
	} else {
		PORTC &= ~(1 << BUZZER_PIN); // Desliga o Buzzer
	}
	g_contador++;
     658:	80 91 fc 03 	lds	r24, 0x03FC	; 0x8003fc <__data_end>
     65c:	8f 5f       	subi	r24, 0xFF	; 255
     65e:	80 93 fc 03 	sts	0x03FC, r24	; 0x8003fc <__data_end>
C:\Users\Utilizador\Desktop\RAFA\UNI\LABSI-LUMINOSIDADE\LABSI\PROG\PROGv1/PROGv1.ino:277
	if(g_contador >= 250) {
     662:	80 91 fc 03 	lds	r24, 0x03FC	; 0x8003fc <__data_end>
     666:	8a 3f       	cpi	r24, 0xFA	; 250
     668:	30 f0       	brcs	.+12     	; 0x676 <__vector_14+0xea>
C:\Users\Utilizador\Desktop\RAFA\UNI\LABSI-LUMINOSIDADE\LABSI\PROG\PROGv1/PROGv1.ino:278
		PORTD ^= (1 << PD6);
     66a:	8b b1       	in	r24, 0x0b	; 11
     66c:	90 e4       	ldi	r25, 0x40	; 64
     66e:	89 27       	eor	r24, r25
     670:	8b b9       	out	0x0b, r24	; 11
C:\Users\Utilizador\Desktop\RAFA\UNI\LABSI-LUMINOSIDADE\LABSI\PROG\PROGv1/PROGv1.ino:279
		g_contador = 0;
     672:	10 92 fc 03 	sts	0x03FC, r1	; 0x8003fc <__data_end>
C:\Users\Utilizador\Desktop\RAFA\UNI\LABSI-LUMINOSIDADE\LABSI\PROG\PROGv1/PROGv1.ino:281
	}
	g_display_counter++;
     676:	80 91 73 04 	lds	r24, 0x0473	; 0x800473 <g_display_counter>
     67a:	8f 5f       	subi	r24, 0xFF	; 255
     67c:	80 93 73 04 	sts	0x0473, r24	; 0x800473 <g_display_counter>
C:\Users\Utilizador\Desktop\RAFA\UNI\LABSI-LUMINOSIDADE\LABSI\PROG\PROGv1/PROGv1.ino:283

}
     680:	bf 91       	pop	r27
     682:	af 91       	pop	r26
     684:	9f 91       	pop	r25
     686:	8f 91       	pop	r24
     688:	7f 91       	pop	r23
     68a:	6f 91       	pop	r22
     68c:	0f 90       	pop	r0
     68e:	0f be       	out	0x3f, r0	; 63
     690:	0f 90       	pop	r0
     692:	1f 90       	pop	r1
     694:	18 95       	reti
C:\Users\Utilizador\Desktop\RAFA\UNI\LABSI-LUMINOSIDADE\LABSI\PROG\PROGv1/PROGv1.ino:274
		// Alterna o Buzzer (PC0) a cada 50ms (25 ticks)
		if(g_buzzer_counter % 25 == 0) {
			PORTC ^= (1 << BUZZER_PIN);
		}
	} else {
		PORTC &= ~(1 << BUZZER_PIN); // Desliga o Buzzer
     696:	40 98       	cbi	0x08, 0	; 8
     698:	df cf       	rjmp	.-66     	; 0x658 <__vector_14+0xcc>

0000069a <main>:
main():
C:\Users\Utilizador\Desktop\RAFA\UNI\LABSI-LUMINOSIDADE\LABSI\PROG\PROGv1/PROGv1.ino:1025
            buzzer_bips(3);
        }
        break;
  }
}
int main(void) {
     69a:	cf 93       	push	r28
     69c:	df 93       	push	r29
     69e:	cd b7       	in	r28, 0x3d	; 61
     6a0:	de b7       	in	r29, 0x3e	; 62
     6a2:	a8 97       	sbiw	r28, 0x28	; 40
     6a4:	0f b6       	in	r0, 0x3f	; 63
     6a6:	f8 94       	cli
     6a8:	de bf       	out	0x3e, r29	; 62
     6aa:	0f be       	out	0x3f, r0	; 63
     6ac:	cd bf       	out	0x3d, r28	; 61
uart_init():
C:\Users\Utilizador\Desktop\RAFA\UNI\LABSI-LUMINOSIDADE\LABSI\PROG\PROGv1/PROGv1.ino:310
	g_prev_pc1_state = current_state;
}
// --- UART (ESP32) ---
void uart_init(void) {
    // Configura Baud Rate (9600)
    UBRR0H = (unsigned char)(UBRR_VAL >> 8);
     6ae:	10 92 c5 00 	sts	0x00C5, r1	; 0x8000c5 <__DATA_REGION_ORIGIN__+0x65>
C:\Users\Utilizador\Desktop\RAFA\UNI\LABSI-LUMINOSIDADE\LABSI\PROG\PROGv1/PROGv1.ino:311
    UBRR0L = (unsigned char)UBRR_VAL;
     6b2:	87 e6       	ldi	r24, 0x67	; 103
     6b4:	80 93 c4 00 	sts	0x00C4, r24	; 0x8000c4 <__DATA_REGION_ORIGIN__+0x64>
C:\Users\Utilizador\Desktop\RAFA\UNI\LABSI-LUMINOSIDADE\LABSI\PROG\PROGv1/PROGv1.ino:313
    // Habilita RX e TX
    UCSR0B = (1 << RXEN0) | (1 << TXEN0);
     6b8:	88 e1       	ldi	r24, 0x18	; 24
     6ba:	80 93 c1 00 	sts	0x00C1, r24	; 0x8000c1 <__DATA_REGION_ORIGIN__+0x61>
C:\Users\Utilizador\Desktop\RAFA\UNI\LABSI-LUMINOSIDADE\LABSI\PROG\PROGv1/PROGv1.ino:315
    // Formato: 8 dados, 1 stop bit
    UCSR0C = (1 << UCSZ01) | (1 << UCSZ00);
     6be:	86 e0       	ldi	r24, 0x06	; 6
     6c0:	80 93 c2 00 	sts	0x00C2, r24	; 0x8000c2 <__DATA_REGION_ORIGIN__+0x62>
onda1Hz_init():
C:\Users\Utilizador\Desktop\RAFA\UNI\LABSI-LUMINOSIDADE\LABSI\PROG\PROGv1/PROGv1.ino:712
	}
	return sum / AVG_SAMPLES;
}
// --- Timer 0 for 2ms interrupt ---
void onda1Hz_init(void) {
	DDRD |= (1 << PD6);
     6c4:	56 9a       	sbi	0x0a, 6	; 10
C:\Users\Utilizador\Desktop\RAFA\UNI\LABSI-LUMINOSIDADE\LABSI\PROG\PROGv1/PROGv1.ino:713
	PORTD &= ~(1 << PD6);
     6c6:	5e 98       	cbi	0x0b, 6	; 11
C:\Users\Utilizador\Desktop\RAFA\UNI\LABSI-LUMINOSIDADE\LABSI\PROG\PROGv1/PROGv1.ino:714
	TCCR0A = (1 << WGM01); // CTC Mode
     6c8:	82 e0       	ldi	r24, 0x02	; 2
     6ca:	84 bd       	out	0x24, r24	; 36
C:\Users\Utilizador\Desktop\RAFA\UNI\LABSI-LUMINOSIDADE\LABSI\PROG\PROGv1/PROGv1.ino:715
	TCCR0B = (1 << CS02) | (1 << CS00); // Prescaler 1024
     6cc:	95 e0       	ldi	r25, 0x05	; 5
     6ce:	95 bd       	out	0x25, r25	; 37
C:\Users\Utilizador\Desktop\RAFA\UNI\LABSI-LUMINOSIDADE\LABSI\PROG\PROGv1/PROGv1.ino:716
	OCR0A = 31; // (16M / 1024) / (31+1) = 500 Hz (2ms)
     6d0:	9f e1       	ldi	r25, 0x1F	; 31
     6d2:	97 bd       	out	0x27, r25	; 39
C:\Users\Utilizador\Desktop\RAFA\UNI\LABSI-LUMINOSIDADE\LABSI\PROG\PROGv1/PROGv1.ino:717
	TIMSK0 = (1 << OCIE0A);
     6d4:	80 93 6e 00 	sts	0x006E, r24	; 0x80006e <__DATA_REGION_ORIGIN__+0xe>
pwm_led_init():
C:\Users\Utilizador\Desktop\RAFA\UNI\LABSI-LUMINOSIDADE\LABSI\PROG\PROGv1/PROGv1.ino:720
}
void pwm_led_init(void){
	DDRB |= (1 << GATE_PIN);
     6d8:	23 9a       	sbi	0x04, 3	; 4
C:\Users\Utilizador\Desktop\RAFA\UNI\LABSI-LUMINOSIDADE\LABSI\PROG\PROGv1/PROGv1.ino:721
	PORTB &= ~(1 << GATE_PIN);
     6da:	2b 98       	cbi	0x05, 3	; 5
C:\Users\Utilizador\Desktop\RAFA\UNI\LABSI-LUMINOSIDADE\LABSI\PROG\PROGv1/PROGv1.ino:722
	TCCR2A = (1 << WGM20) | (1 << COM2A1);
     6dc:	81 e8       	ldi	r24, 0x81	; 129
     6de:	80 93 b0 00 	sts	0x00B0, r24	; 0x8000b0 <__DATA_REGION_ORIGIN__+0x50>
C:\Users\Utilizador\Desktop\RAFA\UNI\LABSI-LUMINOSIDADE\LABSI\PROG\PROGv1/PROGv1.ino:723
	TCCR2B =  (1 << CS20) | (1 << CS21);
     6e2:	83 e0       	ldi	r24, 0x03	; 3
     6e4:	80 93 b1 00 	sts	0x00B1, r24	; 0x8000b1 <__DATA_REGION_ORIGIN__+0x51>
C:\Users\Utilizador\Desktop\RAFA\UNI\LABSI-LUMINOSIDADE\LABSI\PROG\PROGv1/PROGv1.ino:724
	OCR2A = 0;
     6e8:	10 92 b3 00 	sts	0x00B3, r1	; 0x8000b3 <__DATA_REGION_ORIGIN__+0x53>
pwm_Servo_init():
C:\Users\Utilizador\Desktop\RAFA\UNI\LABSI-LUMINOSIDADE\LABSI\PROG\PROGv1/PROGv1.ino:727
}
void pwm_Servo_init(void) {
	DDRB |= (1 << PB1) | (1 << PB2);
     6ec:	84 b1       	in	r24, 0x04	; 4
     6ee:	86 60       	ori	r24, 0x06	; 6
     6f0:	84 b9       	out	0x04, r24	; 4
C:\Users\Utilizador\Desktop\RAFA\UNI\LABSI-LUMINOSIDADE\LABSI\PROG\PROGv1/PROGv1.ino:728
	TCCR1A |= (1 << COM1A1) | (1 << COM1B1)| (1 << WGM11);//PC
     6f2:	80 91 80 00 	lds	r24, 0x0080	; 0x800080 <__DATA_REGION_ORIGIN__+0x20>
     6f6:	82 6a       	ori	r24, 0xA2	; 162
     6f8:	80 93 80 00 	sts	0x0080, r24	; 0x800080 <__DATA_REGION_ORIGIN__+0x20>
C:\Users\Utilizador\Desktop\RAFA\UNI\LABSI-LUMINOSIDADE\LABSI\PROG\PROGv1/PROGv1.ino:729
	TCCR1B |= (1 << WGM13) | (1 << CS11) | (1 << CS10) | (1 << ICNC1); // prescaler 64, noise cancelling
     6fc:	80 91 81 00 	lds	r24, 0x0081	; 0x800081 <__DATA_REGION_ORIGIN__+0x21>
     700:	83 69       	ori	r24, 0x93	; 147
     702:	80 93 81 00 	sts	0x0081, r24	; 0x800081 <__DATA_REGION_ORIGIN__+0x21>
C:\Users\Utilizador\Desktop\RAFA\UNI\LABSI-LUMINOSIDADE\LABSI\PROG\PROGv1/PROGv1.ino:730
	ICR1 = 2500; // 20 ms (50 Hz)
     706:	84 ec       	ldi	r24, 0xC4	; 196
     708:	99 e0       	ldi	r25, 0x09	; 9
     70a:	90 93 87 00 	sts	0x0087, r25	; 0x800087 <__DATA_REGION_ORIGIN__+0x27>
     70e:	80 93 86 00 	sts	0x0086, r24	; 0x800086 <__DATA_REGION_ORIGIN__+0x26>
C:\Users\Utilizador\Desktop\RAFA\UNI\LABSI-LUMINOSIDADE\LABSI\PROG\PROGv1/PROGv1.ino:731
	OCR1A = 188;
     712:	8c eb       	ldi	r24, 0xBC	; 188
     714:	90 e0       	ldi	r25, 0x00	; 0
     716:	90 93 89 00 	sts	0x0089, r25	; 0x800089 <__DATA_REGION_ORIGIN__+0x29>
     71a:	80 93 88 00 	sts	0x0088, r24	; 0x800088 <__DATA_REGION_ORIGIN__+0x28>
C:\Users\Utilizador\Desktop\RAFA\UNI\LABSI-LUMINOSIDADE\LABSI\PROG\PROGv1/PROGv1.ino:732
	OCR1B = 188;
     71e:	90 93 8b 00 	sts	0x008B, r25	; 0x80008b <__DATA_REGION_ORIGIN__+0x2b>
     722:	80 93 8a 00 	sts	0x008A, r24	; 0x80008a <__DATA_REGION_ORIGIN__+0x2a>
buttons_inic():
C:\Users\Utilizador\Desktop\RAFA\UNI\LABSI-LUMINOSIDADE\LABSI\PROG\PROGv1/PROGv1.ino:736
}
void buttons_inic(void) {
	// Botão touch PC1
	DDRC &= ~(1 << BOTAO_TOUCH);
     726:	39 98       	cbi	0x07, 1	; 7
C:\Users\Utilizador\Desktop\RAFA\UNI\LABSI-LUMINOSIDADE\LABSI\PROG\PROGv1/PROGv1.ino:737
	PORTC &= ~(1 << BOTAO_TOUCH);
     728:	41 98       	cbi	0x08, 1	; 8
C:\Users\Utilizador\Desktop\RAFA\UNI\LABSI-LUMINOSIDADE\LABSI\PROG\PROGv1/PROGv1.ino:739
	// Botões +/- em PD4 e PD7
	DDRD &= ~((1 << BOTAO_MAIS) | (1 << BOTAO_MENOS));
     72a:	8a b1       	in	r24, 0x0a	; 10
     72c:	8f 76       	andi	r24, 0x6F	; 111
     72e:	8a b9       	out	0x0a, r24	; 10
C:\Users\Utilizador\Desktop\RAFA\UNI\LABSI-LUMINOSIDADE\LABSI\PROG\PROGv1/PROGv1.ino:740
	PORTD &= ~((1 << BOTAO_MAIS) | (1 << BOTAO_MENOS));
     730:	8b b1       	in	r24, 0x0b	; 11
     732:	8f 76       	andi	r24, 0x6F	; 111
     734:	8b b9       	out	0x0b, r24	; 11
C:\Users\Utilizador\Desktop\RAFA\UNI\LABSI-LUMINOSIDADE\LABSI\PROG\PROGv1/PROGv1.ino:742
	// BUZZER
	DDRC |= (1 << BUZZER_PIN);
     736:	38 9a       	sbi	0x07, 0	; 7
C:\Users\Utilizador\Desktop\RAFA\UNI\LABSI-LUMINOSIDADE\LABSI\PROG\PROGv1/PROGv1.ino:743
	PORTC &= ~(1 << BUZZER_PIN);
     738:	40 98       	cbi	0x08, 0	; 8
C:\Users\Utilizador\Desktop\RAFA\UNI\LABSI-LUMINOSIDADE\LABSI\PROG\PROGv1/PROGv1.ino:745
	// Sonares: TRIG como saída, ECHO como entrada
	DDRC |= (1 << SONAR1_TRIG) | (1 << SONAR2_TRIG);
     73a:	87 b1       	in	r24, 0x07	; 7
     73c:	8c 60       	ori	r24, 0x0C	; 12
     73e:	87 b9       	out	0x07, r24	; 7
C:\Users\Utilizador\Desktop\RAFA\UNI\LABSI-LUMINOSIDADE\LABSI\PROG\PROGv1/PROGv1.ino:746
	DDRD &= ~((1 << SONAR1_ECHO) | (1 << SONAR2_ECHO));
     740:	8a b1       	in	r24, 0x0a	; 10
     742:	83 7f       	andi	r24, 0xF3	; 243
     744:	8a b9       	out	0x0a, r24	; 10
C:\Users\Utilizador\Desktop\RAFA\UNI\LABSI-LUMINOSIDADE\LABSI\PROG\PROGv1/PROGv1.ino:747
	PORTD &= ~((1 << SONAR1_ECHO) | (1 << SONAR2_ECHO)); // sem pull-up
     746:	8b b1       	in	r24, 0x0b	; 11
     748:	83 7f       	andi	r24, 0xF3	; 243
     74a:	8b b9       	out	0x0b, r24	; 11
C:\Users\Utilizador\Desktop\RAFA\UNI\LABSI-LUMINOSIDADE\LABSI\PROG\PROGv1/PROGv1.ino:749
	// Interrupção de PC1 (botão touch)
	PCICR |= (1 << PCIE1);
     74c:	80 91 68 00 	lds	r24, 0x0068	; 0x800068 <__DATA_REGION_ORIGIN__+0x8>
     750:	82 60       	ori	r24, 0x02	; 2
     752:	80 93 68 00 	sts	0x0068, r24	; 0x800068 <__DATA_REGION_ORIGIN__+0x8>
C:\Users\Utilizador\Desktop\RAFA\UNI\LABSI-LUMINOSIDADE\LABSI\PROG\PROGv1/PROGv1.ino:750
	PCMSK1 |= (1 << PCINT9);
     756:	80 91 6c 00 	lds	r24, 0x006C	; 0x80006c <__DATA_REGION_ORIGIN__+0xc>
     75a:	82 60       	ori	r24, 0x02	; 2
     75c:	80 93 6c 00 	sts	0x006C, r24	; 0x80006c <__DATA_REGION_ORIGIN__+0xc>
inic():
C:\Users\Utilizador\Desktop\RAFA\UNI\LABSI-LUMINOSIDADE\LABSI\PROG\PROGv1/PROGv1.ino:975
	uart_init();
	onda1Hz_init();
	pwm_led_init();
	pwm_Servo_init();
	buttons_inic();
	sei();
     760:	78 94       	sei
control_motor_2():
C:\Users\Utilizador\Desktop\RAFA\UNI\LABSI-LUMINOSIDADE\LABSI\PROG\PROGv1/PROGv1.ino:770
            break;
    }
    OCR1B = valor_pwm;
}
void control_motor_2(Servo_pos action) {
    g_motor2_action = action;
     762:	ee 24       	eor	r14, r14
     764:	e3 94       	inc	r14
     766:	f1 2c       	mov	r15, r1
C:\Users\Utilizador\Desktop\RAFA\UNI\LABSI-LUMINOSIDADE\LABSI\PROG\PROGv1/PROGv1.ino:784
			break;
		case FECHAR:
			valor_pwm = 197;
			break;
	}
	OCR1A = valor_pwm;
     768:	0c eb       	ldi	r16, 0xBC	; 188
     76a:	10 e0       	ldi	r17, 0x00	; 0
C:\Users\Utilizador\Desktop\RAFA\UNI\LABSI-LUMINOSIDADE\LABSI\PROG\PROGv1/PROGv1.ino:770
            break;
    }
    OCR1B = valor_pwm;
}
void control_motor_2(Servo_pos action) {
    g_motor2_action = action;
     76c:	72 e0       	ldi	r23, 0x02	; 2
     76e:	c7 2e       	mov	r12, r23
     770:	d1 2c       	mov	r13, r1
control_motor_1():
C:\Users\Utilizador\Desktop\RAFA\UNI\LABSI-LUMINOSIDADE\LABSI\PROG\PROGv1/PROGv1.ino:767
            break;
        case FECHAR:
            valor_pwm = 196;
            break;
    }
    OCR1B = valor_pwm;
     772:	ef ea       	ldi	r30, 0xAF	; 175
     774:	2e 2e       	mov	r2, r30
     776:	31 2c       	mov	r3, r1
oled_update_status():
C:\Users\Utilizador\Desktop\RAFA\UNI\LABSI-LUMINOSIDADE\LABSI\PROG\PROGv1/PROGv1.ino:612
}
void oled_update_status(void) {
    char line[20];

    // --- Linha 0: Lux atual ---
    sprintf(line, "LUX: %4u lx", g_averaged_lux);
     778:	9e 01       	movw	r18, r28
     77a:	2f 5f       	subi	r18, 0xFF	; 255
     77c:	3f 4f       	sbci	r19, 0xFF	; 255
     77e:	59 01       	movw	r10, r18
main():
C:\Users\Utilizador\Desktop\RAFA\UNI\LABSI-LUMINOSIDADE\LABSI\PROG\PROGv1/PROGv1.ino:1030
int main(void) {
	inic();
	char buffer[32];
	while(1) {
		// 1. GESTÃO DA INICIALIZAÇÃO (NON-BLOCKING)
		if(!g_setup_done) {
     780:	80 91 80 04 	lds	r24, 0x0480	; 0x800480 <g_setup_done>
     784:	81 11       	cpse	r24, r1
     786:	c6 c0       	rjmp	.+396    	; 0x914 <__stack+0x15>
inic_non_blocking():
C:\Users\Utilizador\Desktop\RAFA\UNI\LABSI-LUMINOSIDADE\LABSI\PROG\PROGv1/PROGv1.ino:980
	sei();

}
// --- MÁQUINA DE ESTADOS PRINCIPAL (NON-BLOCKING) ---
void inic_non_blocking(void) {
  switch(g_init_state) {
     788:	80 91 2d 04 	lds	r24, 0x042D	; 0x80042d <g_init_state>
     78c:	81 30       	cpi	r24, 0x01	; 1
     78e:	91 f1       	breq	.+100    	; 0x7f4 <main+0x15a>
     790:	b8 f0       	brcs	.+46     	; 0x7c0 <main+0x126>
     792:	82 30       	cpi	r24, 0x02	; 2
     794:	09 f4       	brne	.+2      	; 0x798 <main+0xfe>
     796:	79 c0       	rjmp	.+242    	; 0x88a <main+0x1f0>
     798:	83 30       	cpi	r24, 0x03	; 3
     79a:	91 f7       	brne	.-28     	; 0x780 <main+0xe6>
IS_DELAY_FINISHED():
C:\Users\Utilizador\Desktop\RAFA\UNI\LABSI-LUMINOSIDADE\LABSI\PROG\PROGv1/PROGv1.ino:243
// --- ATRASO NON-BLOCKING (BASEADO EM 2MS) ---
void START_NB_DELAY_MS(uint16_t ms) {
	g_delay_counter_2ms = (ms / 2) + 1;
}
uint8_t IS_DELAY_FINISHED() {
	if(g_delay_counter_2ms == 0) return 1;
     79c:	80 91 0e 04 	lds	r24, 0x040E	; 0x80040e <g_delay_counter_2ms>
     7a0:	90 91 0f 04 	lds	r25, 0x040F	; 0x80040f <g_delay_counter_2ms+0x1>
     7a4:	89 2b       	or	r24, r25
     7a6:	61 f7       	brne	.-40     	; 0x780 <main+0xe6>
inic_non_blocking():
C:\Users\Utilizador\Desktop\RAFA\UNI\LABSI-LUMINOSIDADE\LABSI\PROG\PROGv1/PROGv1.ino:1017
            g_init_state = 3;
        }
        break;
    case 3:
        if(IS_DELAY_FINISHED()) {
            ssd1306_clear();
     7a8:	0e 94 33 01 	call	0x266	; 0x266 <ssd1306_clear()>
C:\Users\Utilizador\Desktop\RAFA\UNI\LABSI-LUMINOSIDADE\LABSI\PROG\PROGv1/PROGv1.ino:1018
            g_setup_done = 1;
     7ac:	81 e0       	ldi	r24, 0x01	; 1
     7ae:	80 93 80 04 	sts	0x0480, r24	; 0x800480 <g_setup_done>
C:\Users\Utilizador\Desktop\RAFA\UNI\LABSI-LUMINOSIDADE\LABSI\PROG\PROGv1/PROGv1.ino:1019
            g_init_state = 255;
     7b2:	8f ef       	ldi	r24, 0xFF	; 255
     7b4:	80 93 2d 04 	sts	0x042D, r24	; 0x80042d <g_init_state>
C:\Users\Utilizador\Desktop\RAFA\UNI\LABSI-LUMINOSIDADE\LABSI\PROG\PROGv1/PROGv1.ino:1020
            buzzer_bips(3);
     7b8:	83 e0       	ldi	r24, 0x03	; 3
     7ba:	0e 94 4c 01 	call	0x298	; 0x298 <buzzer_bips(unsigned char)>
     7be:	e0 cf       	rjmp	.-64     	; 0x780 <main+0xe6>
inic_i2c():
C:\Users\Utilizador\Desktop\RAFA\UNI\LABSI-LUMINOSIDADE\LABSI\PROG\PROGv1/PROGv1.ino:486
    }
}

// --- I2C Functions ---
void inic_i2c(void) {
	TWCR |= (1 << TWEN);
     7c0:	80 91 bc 00 	lds	r24, 0x00BC	; 0x8000bc <__DATA_REGION_ORIGIN__+0x5c>
     7c4:	84 60       	ori	r24, 0x04	; 4
     7c6:	80 93 bc 00 	sts	0x00BC, r24	; 0x8000bc <__DATA_REGION_ORIGIN__+0x5c>
C:\Users\Utilizador\Desktop\RAFA\UNI\LABSI-LUMINOSIDADE\LABSI\PROG\PROGv1/PROGv1.ino:487
	TWSR = 0;
     7ca:	10 92 b9 00 	sts	0x00B9, r1	; 0x8000b9 <__DATA_REGION_ORIGIN__+0x59>
C:\Users\Utilizador\Desktop\RAFA\UNI\LABSI-LUMINOSIDADE\LABSI\PROG\PROGv1/PROGv1.ino:488
	TWBR = 12;
     7ce:	8c e0       	ldi	r24, 0x0C	; 12
     7d0:	80 93 b8 00 	sts	0x00B8, r24	; 0x8000b8 <__DATA_REGION_ORIGIN__+0x58>
C:\Users\Utilizador\Desktop\RAFA\UNI\LABSI-LUMINOSIDADE\LABSI\PROG\PROGv1/PROGv1.ino:489
	DDRC &= ~((1 << PC4) | (1 << PC5));
     7d4:	87 b1       	in	r24, 0x07	; 7
     7d6:	8f 7c       	andi	r24, 0xCF	; 207
     7d8:	87 b9       	out	0x07, r24	; 7
C:\Users\Utilizador\Desktop\RAFA\UNI\LABSI-LUMINOSIDADE\LABSI\PROG\PROGv1/PROGv1.ino:490
	PORTC |= (1 << PC4) | (1 << PC5);
     7da:	88 b1       	in	r24, 0x08	; 8
     7dc:	80 63       	ori	r24, 0x30	; 48
     7de:	88 b9       	out	0x08, r24	; 8
START_NB_DELAY_MS():
C:\Users\Utilizador\Desktop\RAFA\UNI\LABSI-LUMINOSIDADE\LABSI\PROG\PROGv1/PROGv1.ino:240
		}
	}
}
// --- ATRASO NON-BLOCKING (BASEADO EM 2MS) ---
void START_NB_DELAY_MS(uint16_t ms) {
	g_delay_counter_2ms = (ms / 2) + 1;
     7e0:	86 e0       	ldi	r24, 0x06	; 6
     7e2:	90 e0       	ldi	r25, 0x00	; 0
     7e4:	90 93 0f 04 	sts	0x040F, r25	; 0x80040f <g_delay_counter_2ms+0x1>
     7e8:	80 93 0e 04 	sts	0x040E, r24	; 0x80040e <g_delay_counter_2ms>
inic_non_blocking():
C:\Users\Utilizador\Desktop\RAFA\UNI\LABSI-LUMINOSIDADE\LABSI\PROG\PROGv1/PROGv1.ino:985
  switch(g_init_state) {

    case 0:
        inic_i2c();
        START_NB_DELAY_MS(10);   // pequeno delay opcional
        g_init_state = 1;
     7ec:	81 e0       	ldi	r24, 0x01	; 1
C:\Users\Utilizador\Desktop\RAFA\UNI\LABSI-LUMINOSIDADE\LABSI\PROG\PROGv1/PROGv1.ino:994
            ssd1306_init();
            ssd1306_clear();
            ssd1306_set_cursor(0, 0);
            ssd1306_print("Projeto LABSI");
            START_NB_DELAY_MS(1500);
            g_init_state = 2;
     7ee:	80 93 2d 04 	sts	0x042D, r24	; 0x80042d <g_init_state>
     7f2:	c6 cf       	rjmp	.-116    	; 0x780 <main+0xe6>
IS_DELAY_FINISHED():
C:\Users\Utilizador\Desktop\RAFA\UNI\LABSI-LUMINOSIDADE\LABSI\PROG\PROGv1/PROGv1.ino:243
// --- ATRASO NON-BLOCKING (BASEADO EM 2MS) ---
void START_NB_DELAY_MS(uint16_t ms) {
	g_delay_counter_2ms = (ms / 2) + 1;
}
uint8_t IS_DELAY_FINISHED() {
	if(g_delay_counter_2ms == 0) return 1;
     7f4:	80 91 0e 04 	lds	r24, 0x040E	; 0x80040e <g_delay_counter_2ms>
     7f8:	90 91 0f 04 	lds	r25, 0x040F	; 0x80040f <g_delay_counter_2ms+0x1>
     7fc:	89 2b       	or	r24, r25
     7fe:	09 f0       	breq	.+2      	; 0x802 <main+0x168>
     800:	bf cf       	rjmp	.-130    	; 0x780 <main+0xe6>
ssd1306_init():
C:\Users\Utilizador\Desktop\RAFA\UNI\LABSI-LUMINOSIDADE\LABSI\PROG\PROGv1/PROGv1.ino:544
	i2c_write(0x40); 
	i2c_write(data); 
	i2c_stop(); 
}
void ssd1306_init(void) {
    ssd1306_cmd(0xAE); // Display OFF
     802:	8e ea       	ldi	r24, 0xAE	; 174
     804:	0e 94 18 01 	call	0x230	; 0x230 <ssd1306_cmd(unsigned char)>
C:\Users\Utilizador\Desktop\RAFA\UNI\LABSI-LUMINOSIDADE\LABSI\PROG\PROGv1/PROGv1.ino:545
    ssd1306_cmd(0x20); ssd1306_cmd(0x02); // Page Addressing
     808:	80 e2       	ldi	r24, 0x20	; 32
     80a:	0e 94 18 01 	call	0x230	; 0x230 <ssd1306_cmd(unsigned char)>
     80e:	82 e0       	ldi	r24, 0x02	; 2
     810:	0e 94 18 01 	call	0x230	; 0x230 <ssd1306_cmd(unsigned char)>
C:\Users\Utilizador\Desktop\RAFA\UNI\LABSI-LUMINOSIDADE\LABSI\PROG\PROGv1/PROGv1.ino:546
    ssd1306_cmd(0xB0); // Start Page 0
     814:	80 eb       	ldi	r24, 0xB0	; 176
     816:	0e 94 18 01 	call	0x230	; 0x230 <ssd1306_cmd(unsigned char)>
C:\Users\Utilizador\Desktop\RAFA\UNI\LABSI-LUMINOSIDADE\LABSI\PROG\PROGv1/PROGv1.ino:547
    ssd1306_cmd(0xC8); // COM Output Scan Dec
     81a:	88 ec       	ldi	r24, 0xC8	; 200
     81c:	0e 94 18 01 	call	0x230	; 0x230 <ssd1306_cmd(unsigned char)>
C:\Users\Utilizador\Desktop\RAFA\UNI\LABSI-LUMINOSIDADE\LABSI\PROG\PROGv1/PROGv1.ino:548
    ssd1306_cmd(0x00); // Low Col
     820:	80 e0       	ldi	r24, 0x00	; 0
     822:	0e 94 18 01 	call	0x230	; 0x230 <ssd1306_cmd(unsigned char)>
C:\Users\Utilizador\Desktop\RAFA\UNI\LABSI-LUMINOSIDADE\LABSI\PROG\PROGv1/PROGv1.ino:549
    ssd1306_cmd(0x10); // High Col
     826:	80 e1       	ldi	r24, 0x10	; 16
     828:	0e 94 18 01 	call	0x230	; 0x230 <ssd1306_cmd(unsigned char)>
C:\Users\Utilizador\Desktop\RAFA\UNI\LABSI-LUMINOSIDADE\LABSI\PROG\PROGv1/PROGv1.ino:550
    ssd1306_cmd(0x40); // Start Line 0
     82c:	80 e4       	ldi	r24, 0x40	; 64
     82e:	0e 94 18 01 	call	0x230	; 0x230 <ssd1306_cmd(unsigned char)>
C:\Users\Utilizador\Desktop\RAFA\UNI\LABSI-LUMINOSIDADE\LABSI\PROG\PROGv1/PROGv1.ino:551
    ssd1306_cmd(0x81); ssd1306_cmd(0xCF); // Contrast
     832:	81 e8       	ldi	r24, 0x81	; 129
     834:	0e 94 18 01 	call	0x230	; 0x230 <ssd1306_cmd(unsigned char)>
     838:	8f ec       	ldi	r24, 0xCF	; 207
     83a:	0e 94 18 01 	call	0x230	; 0x230 <ssd1306_cmd(unsigned char)>
C:\Users\Utilizador\Desktop\RAFA\UNI\LABSI-LUMINOSIDADE\LABSI\PROG\PROGv1/PROGv1.ino:552
    ssd1306_cmd(0xA1); // Segment Remap
     83e:	81 ea       	ldi	r24, 0xA1	; 161
     840:	0e 94 18 01 	call	0x230	; 0x230 <ssd1306_cmd(unsigned char)>
C:\Users\Utilizador\Desktop\RAFA\UNI\LABSI-LUMINOSIDADE\LABSI\PROG\PROGv1/PROGv1.ino:553
    ssd1306_cmd(0xA6); // Normal
     844:	86 ea       	ldi	r24, 0xA6	; 166
     846:	0e 94 18 01 	call	0x230	; 0x230 <ssd1306_cmd(unsigned char)>
C:\Users\Utilizador\Desktop\RAFA\UNI\LABSI-LUMINOSIDADE\LABSI\PROG\PROGv1/PROGv1.ino:554
    ssd1306_cmd(0xA8); ssd1306_cmd(0x3F); // Mux
     84a:	88 ea       	ldi	r24, 0xA8	; 168
     84c:	0e 94 18 01 	call	0x230	; 0x230 <ssd1306_cmd(unsigned char)>
     850:	8f e3       	ldi	r24, 0x3F	; 63
     852:	0e 94 18 01 	call	0x230	; 0x230 <ssd1306_cmd(unsigned char)>
C:\Users\Utilizador\Desktop\RAFA\UNI\LABSI-LUMINOSIDADE\LABSI\PROG\PROGv1/PROGv1.ino:555
    ssd1306_cmd(0x8D); ssd1306_cmd(0x14); // Charge Pump
     856:	8d e8       	ldi	r24, 0x8D	; 141
     858:	0e 94 18 01 	call	0x230	; 0x230 <ssd1306_cmd(unsigned char)>
     85c:	84 e1       	ldi	r24, 0x14	; 20
     85e:	0e 94 18 01 	call	0x230	; 0x230 <ssd1306_cmd(unsigned char)>
C:\Users\Utilizador\Desktop\RAFA\UNI\LABSI-LUMINOSIDADE\LABSI\PROG\PROGv1/PROGv1.ino:556
    ssd1306_cmd(0xAF); // Display ON
     862:	8f ea       	ldi	r24, 0xAF	; 175
     864:	0e 94 18 01 	call	0x230	; 0x230 <ssd1306_cmd(unsigned char)>
inic_non_blocking():
C:\Users\Utilizador\Desktop\RAFA\UNI\LABSI-LUMINOSIDADE\LABSI\PROG\PROGv1/PROGv1.ino:990
        g_init_state = 1;
        break;
    case 1:
        if(IS_DELAY_FINISHED()) {
            ssd1306_init();
            ssd1306_clear();
     868:	0e 94 33 01 	call	0x266	; 0x266 <ssd1306_clear()>
C:\Users\Utilizador\Desktop\RAFA\UNI\LABSI-LUMINOSIDADE\LABSI\PROG\PROGv1/PROGv1.ino:991
            ssd1306_set_cursor(0, 0);
     86c:	80 e0       	ldi	r24, 0x00	; 0
     86e:	0e 94 2a 01 	call	0x254	; 0x254 <ssd1306_set_cursor(unsigned char, unsigned char) [clone .constprop.0]>
C:\Users\Utilizador\Desktop\RAFA\UNI\LABSI-LUMINOSIDADE\LABSI\PROG\PROGv1/PROGv1.ino:992
            ssd1306_print("Projeto LABSI");
     872:	88 e5       	ldi	r24, 0x58	; 88
     874:	93 e0       	ldi	r25, 0x03	; 3
     876:	0e 94 ee 00 	call	0x1dc	; 0x1dc <ssd1306_print(char const*)>
START_NB_DELAY_MS():
C:\Users\Utilizador\Desktop\RAFA\UNI\LABSI-LUMINOSIDADE\LABSI\PROG\PROGv1/PROGv1.ino:240
		}
	}
}
// --- ATRASO NON-BLOCKING (BASEADO EM 2MS) ---
void START_NB_DELAY_MS(uint16_t ms) {
	g_delay_counter_2ms = (ms / 2) + 1;
     87a:	8f ee       	ldi	r24, 0xEF	; 239
     87c:	92 e0       	ldi	r25, 0x02	; 2
     87e:	90 93 0f 04 	sts	0x040F, r25	; 0x80040f <g_delay_counter_2ms+0x1>
     882:	80 93 0e 04 	sts	0x040E, r24	; 0x80040e <g_delay_counter_2ms>
inic_non_blocking():
C:\Users\Utilizador\Desktop\RAFA\UNI\LABSI-LUMINOSIDADE\LABSI\PROG\PROGv1/PROGv1.ino:994
            ssd1306_init();
            ssd1306_clear();
            ssd1306_set_cursor(0, 0);
            ssd1306_print("Projeto LABSI");
            START_NB_DELAY_MS(1500);
            g_init_state = 2;
     886:	82 e0       	ldi	r24, 0x02	; 2
     888:	b2 cf       	rjmp	.-156    	; 0x7ee <main+0x154>
IS_DELAY_FINISHED():
C:\Users\Utilizador\Desktop\RAFA\UNI\LABSI-LUMINOSIDADE\LABSI\PROG\PROGv1/PROGv1.ino:243
// --- ATRASO NON-BLOCKING (BASEADO EM 2MS) ---
void START_NB_DELAY_MS(uint16_t ms) {
	g_delay_counter_2ms = (ms / 2) + 1;
}
uint8_t IS_DELAY_FINISHED() {
	if(g_delay_counter_2ms == 0) return 1;
     88a:	80 91 0e 04 	lds	r24, 0x040E	; 0x80040e <g_delay_counter_2ms>
     88e:	90 91 0f 04 	lds	r25, 0x040F	; 0x80040f <g_delay_counter_2ms+0x1>
     892:	89 2b       	or	r24, r25
     894:	09 f0       	breq	.+2      	; 0x898 <main+0x1fe>
     896:	74 cf       	rjmp	.-280    	; 0x780 <main+0xe6>
detect_sensors():
C:\Users\Utilizador\Desktop\RAFA\UNI\LABSI-LUMINOSIDADE\LABSI\PROG\PROGv1/PROGv1.ino:685
	uint16_t lux = (uint16_t)((float) data / 1.2);
	if(lux > 65500) lux = 65500;
	return lux;
}
void detect_sensors(void) {
	g_sensor1_present = bh1750_send(BH1750_ADDR1, BH1750_POWER_ON) && bh1750_send(BH1750_ADDR1, BH1750_CONT_HIGH_RES_MODE2);
     898:	61 e0       	ldi	r22, 0x01	; 1
     89a:	83 e2       	ldi	r24, 0x23	; 35
     89c:	0e 94 b9 00 	call	0x172	; 0x172 <bh1750_send(unsigned char, unsigned char)>
     8a0:	88 23       	and	r24, r24
     8a2:	41 f0       	breq	.+16     	; 0x8b4 <main+0x21a>
     8a4:	61 e1       	ldi	r22, 0x11	; 17
     8a6:	83 e2       	ldi	r24, 0x23	; 35
     8a8:	0e 94 b9 00 	call	0x172	; 0x172 <bh1750_send(unsigned char, unsigned char)>
     8ac:	99 24       	eor	r9, r9
     8ae:	93 94       	inc	r9
     8b0:	81 11       	cpse	r24, r1
     8b2:	01 c0       	rjmp	.+2      	; 0x8b6 <main+0x21c>
main():
     8b4:	91 2c       	mov	r9, r1
detect_sensors():
     8b6:	90 92 11 04 	sts	0x0411, r9	; 0x800411 <g_sensor1_present>
C:\Users\Utilizador\Desktop\RAFA\UNI\LABSI-LUMINOSIDADE\LABSI\PROG\PROGv1/PROGv1.ino:686
	g_sensor2_present = bh1750_send(BH1750_ADDR2, BH1750_POWER_ON) && bh1750_send(BH1750_ADDR2, BH1750_CONT_HIGH_RES_MODE2);
     8ba:	61 e0       	ldi	r22, 0x01	; 1
     8bc:	8c e5       	ldi	r24, 0x5C	; 92
     8be:	0e 94 b9 00 	call	0x172	; 0x172 <bh1750_send(unsigned char, unsigned char)>
     8c2:	88 23       	and	r24, r24
     8c4:	39 f0       	breq	.+14     	; 0x8d4 <main+0x23a>
     8c6:	61 e1       	ldi	r22, 0x11	; 17
     8c8:	8c e5       	ldi	r24, 0x5C	; 92
     8ca:	0e 94 b9 00 	call	0x172	; 0x172 <bh1750_send(unsigned char, unsigned char)>
     8ce:	91 e0       	ldi	r25, 0x01	; 1
     8d0:	81 11       	cpse	r24, r1
     8d2:	01 c0       	rjmp	.+2      	; 0x8d6 <main+0x23c>
main():
     8d4:	90 e0       	ldi	r25, 0x00	; 0
detect_sensors():
     8d6:	90 93 10 04 	sts	0x0410, r25	; 0x800410 <g_sensor2_present>
C:\Users\Utilizador\Desktop\RAFA\UNI\LABSI-LUMINOSIDADE\LABSI\PROG\PROGv1/PROGv1.ino:687
	g_sensor_count = g_sensor1_present + g_sensor2_present;
     8da:	99 0e       	add	r9, r25
     8dc:	90 92 2e 04 	sts	0x042E, r9	; 0x80042e <g_sensor_count>
inic_non_blocking():
C:\Users\Utilizador\Desktop\RAFA\UNI\LABSI-LUMINOSIDADE\LABSI\PROG\PROGv1/PROGv1.ino:1000
        }
        break;
    case 2:
        if(IS_DELAY_FINISHED()) {
            detect_sensors();
            ssd1306_clear();
     8e0:	0e 94 33 01 	call	0x266	; 0x266 <ssd1306_clear()>
C:\Users\Utilizador\Desktop\RAFA\UNI\LABSI-LUMINOSIDADE\LABSI\PROG\PROGv1/PROGv1.ino:1001
            ssd1306_set_cursor(0, 0);
     8e4:	80 e0       	ldi	r24, 0x00	; 0
     8e6:	0e 94 2a 01 	call	0x254	; 0x254 <ssd1306_set_cursor(unsigned char, unsigned char) [clone .constprop.0]>
C:\Users\Utilizador\Desktop\RAFA\UNI\LABSI-LUMINOSIDADE\LABSI\PROG\PROGv1/PROGv1.ino:1003
            if(g_sensor_count == 0) {
                ssd1306_print("Sem Sensores");
     8ea:	86 e6       	ldi	r24, 0x66	; 102
     8ec:	93 e0       	ldi	r25, 0x03	; 3
C:\Users\Utilizador\Desktop\RAFA\UNI\LABSI-LUMINOSIDADE\LABSI\PROG\PROGv1/PROGv1.ino:1002
    case 2:
        if(IS_DELAY_FINISHED()) {
            detect_sensors();
            ssd1306_clear();
            ssd1306_set_cursor(0, 0);
            if(g_sensor_count == 0) {
     8ee:	99 20       	and	r9, r9
     8f0:	39 f0       	breq	.+14     	; 0x900 <__stack+0x1>
C:\Users\Utilizador\Desktop\RAFA\UNI\LABSI-LUMINOSIDADE\LABSI\PROG\PROGv1/PROGv1.ino:1005
                ssd1306_print("Sem Sensores");
            } 
            else if(g_sensor_count == 1) {
     8f2:	31 e0       	ldi	r19, 0x01	; 1
C:\Users\Utilizador\Desktop\RAFA\UNI\LABSI-LUMINOSIDADE\LABSI\PROG\PROGv1/PROGv1.ino:1006
                ssd1306_print("1 Sensor Pronto");
     8f4:	83 e7       	ldi	r24, 0x73	; 115
     8f6:	93 e0       	ldi	r25, 0x03	; 3
C:\Users\Utilizador\Desktop\RAFA\UNI\LABSI-LUMINOSIDADE\LABSI\PROG\PROGv1/PROGv1.ino:1005
            ssd1306_clear();
            ssd1306_set_cursor(0, 0);
            if(g_sensor_count == 0) {
                ssd1306_print("Sem Sensores");
            } 
            else if(g_sensor_count == 1) {
     8f8:	93 16       	cp	r9, r19
     8fa:	11 f0       	breq	.+4      	; 0x900 <__stack+0x1>
C:\Users\Utilizador\Desktop\RAFA\UNI\LABSI-LUMINOSIDADE\LABSI\PROG\PROGv1/PROGv1.ino:1009
                ssd1306_print("1 Sensor Pronto");
            } 
            else {
                ssd1306_print("2 Sensores Prontos");
     8fc:	83 e8       	ldi	r24, 0x83	; 131
     8fe:	93 e0       	ldi	r25, 0x03	; 3
     900:	0e 94 ee 00 	call	0x1dc	; 0x1dc <ssd1306_print(char const*)>
START_NB_DELAY_MS():
C:\Users\Utilizador\Desktop\RAFA\UNI\LABSI-LUMINOSIDADE\LABSI\PROG\PROGv1/PROGv1.ino:240
		}
	}
}
// --- ATRASO NON-BLOCKING (BASEADO EM 2MS) ---
void START_NB_DELAY_MS(uint16_t ms) {
	g_delay_counter_2ms = (ms / 2) + 1;
     904:	8f ee       	ldi	r24, 0xEF	; 239
     906:	92 e0       	ldi	r25, 0x02	; 2
     908:	90 93 0f 04 	sts	0x040F, r25	; 0x80040f <g_delay_counter_2ms+0x1>
     90c:	80 93 0e 04 	sts	0x040E, r24	; 0x80040e <g_delay_counter_2ms>
inic_non_blocking():
C:\Users\Utilizador\Desktop\RAFA\UNI\LABSI-LUMINOSIDADE\LABSI\PROG\PROGv1/PROGv1.ino:1012
            } 
            else {
                ssd1306_print("2 Sensores Prontos");
            }
            START_NB_DELAY_MS(1500);
            g_init_state = 3;
     910:	83 e0       	ldi	r24, 0x03	; 3
     912:	6d cf       	rjmp	.-294    	; 0x7ee <main+0x154>
main():
C:\Users\Utilizador\Desktop\RAFA\UNI\LABSI-LUMINOSIDADE\LABSI\PROG\PROGv1/PROGv1.ino:1034
		// 1. GESTÃO DA INICIALIZAÇÃO (NON-BLOCKING)
		if(!g_setup_done) {
			inic_non_blocking();
		} else {
			// 2. CÓDIGO OPERACIONAL PRINCIPAL (SÓ EXECUTA APÓS SETUP)
			if(g_flag_2ms) {
     914:	80 91 7f 04 	lds	r24, 0x047F	; 0x80047f <g_flag_2ms>
     918:	88 23       	and	r24, r24
     91a:	09 f4       	brne	.+2      	; 0x91e <__stack+0x1f>
     91c:	31 cf       	rjmp	.-414    	; 0x780 <main+0xe6>
C:\Users\Utilizador\Desktop\RAFA\UNI\LABSI-LUMINOSIDADE\LABSI\PROG\PROGv1/PROGv1.ino:1035
				g_flag_2ms = 0;
     91e:	10 92 7f 04 	sts	0x047F, r1	; 0x80047f <g_flag_2ms>
bh1750_read_sensors():
C:\Users\Utilizador\Desktop\RAFA\UNI\LABSI-LUMINOSIDADE\LABSI\PROG\PROGv1/PROGv1.ino:691
	g_sensor2_present = bh1750_send(BH1750_ADDR2, BH1750_POWER_ON) && bh1750_send(BH1750_ADDR2, BH1750_CONT_HIGH_RES_MODE2);
	g_sensor_count = g_sensor1_present + g_sensor2_present;
}
uint16_t bh1750_read_sensors(void) {
	uint16_t lux1 = 0, lux2 = 0;
	if(g_sensor1_present) lux1 = bh1750_read(BH1750_ADDR1);
     922:	80 91 11 04 	lds	r24, 0x0411	; 0x800411 <g_sensor1_present>
main():
C:\Users\Utilizador\Desktop\RAFA\UNI\LABSI-LUMINOSIDADE\LABSI\PROG\PROGv1/PROGv1.ino:690
	g_sensor1_present = bh1750_send(BH1750_ADDR1, BH1750_POWER_ON) && bh1750_send(BH1750_ADDR1, BH1750_CONT_HIGH_RES_MODE2);
	g_sensor2_present = bh1750_send(BH1750_ADDR2, BH1750_POWER_ON) && bh1750_send(BH1750_ADDR2, BH1750_CONT_HIGH_RES_MODE2);
	g_sensor_count = g_sensor1_present + g_sensor2_present;
}
uint16_t bh1750_read_sensors(void) {
	uint16_t lux1 = 0, lux2 = 0;
     926:	91 2c       	mov	r9, r1
     928:	81 2c       	mov	r8, r1
bh1750_read_sensors():
C:\Users\Utilizador\Desktop\RAFA\UNI\LABSI-LUMINOSIDADE\LABSI\PROG\PROGv1/PROGv1.ino:691
	if(g_sensor1_present) lux1 = bh1750_read(BH1750_ADDR1);
     92a:	88 23       	and	r24, r24
     92c:	21 f0       	breq	.+8      	; 0x936 <__stack+0x37>
     92e:	83 e2       	ldi	r24, 0x23	; 35
     930:	0e 94 6d 00 	call	0xda	; 0xda <bh1750_read(unsigned char)>
     934:	4c 01       	movw	r8, r24
C:\Users\Utilizador\Desktop\RAFA\UNI\LABSI-LUMINOSIDADE\LABSI\PROG\PROGv1/PROGv1.ino:692
	if(g_sensor2_present) lux2 = bh1750_read(BH1750_ADDR2);
     936:	80 91 10 04 	lds	r24, 0x0410	; 0x800410 <g_sensor2_present>
     93a:	88 23       	and	r24, r24
     93c:	09 f4       	brne	.+2      	; 0x940 <__stack+0x41>
     93e:	63 c0       	rjmp	.+198    	; 0xa06 <__stack+0x107>
     940:	8c e5       	ldi	r24, 0x5C	; 92
     942:	0e 94 6d 00 	call	0xda	; 0xda <bh1750_read(unsigned char)>
C:\Users\Utilizador\Desktop\RAFA\UNI\LABSI-LUMINOSIDADE\LABSI\PROG\PROGv1/PROGv1.ino:693
	if(g_sensor_count == 1) {
     946:	20 91 2e 04 	lds	r18, 0x042E	; 0x80042e <g_sensor_count>
     94a:	21 30       	cpi	r18, 0x01	; 1
     94c:	09 f0       	breq	.+2      	; 0x950 <__stack+0x51>
     94e:	5e c0       	rjmp	.+188    	; 0xa0c <__stack+0x10d>
C:\Users\Utilizador\Desktop\RAFA\UNI\LABSI-LUMINOSIDADE\LABSI\PROG\PROGv1/PROGv1.ino:694
		if(lux1 > 0) return lux1;
     950:	81 14       	cp	r8, r1
     952:	91 04       	cpc	r9, r1
     954:	09 f0       	breq	.+2      	; 0x958 <__stack+0x59>
     956:	c4 01       	movw	r24, r8
average_lux():
C:\Users\Utilizador\Desktop\RAFA\UNI\LABSI-LUMINOSIDADE\LABSI\PROG\PROGv1/PROGv1.ino:702
	if(g_sensor_count == 2) return (uint16_t)((float)(lux1 + lux2)) / 2;
	return 0;
}
// --- Averaging Function ---
uint16_t average_lux(uint16_t new_reading) {
	lux_buffer[g_buffer_index] = new_reading;
     958:	20 91 26 04 	lds	r18, 0x0426	; 0x800426 <g_buffer_index>
     95c:	30 e0       	ldi	r19, 0x00	; 0
     95e:	f9 01       	movw	r30, r18
     960:	ee 0f       	add	r30, r30
     962:	ff 1f       	adc	r31, r31
     964:	ee 5e       	subi	r30, 0xEE	; 238
     966:	fb 4f       	sbci	r31, 0xFB	; 251
     968:	91 83       	std	Z+1, r25	; 0x01
     96a:	80 83       	st	Z, r24
C:\Users\Utilizador\Desktop\RAFA\UNI\LABSI-LUMINOSIDADE\LABSI\PROG\PROGv1/PROGv1.ino:703
	g_buffer_index = (g_buffer_index + 1) % AVG_SAMPLES;
     96c:	c9 01       	movw	r24, r18
     96e:	01 96       	adiw	r24, 0x01	; 1
     970:	6a e0       	ldi	r22, 0x0A	; 10
     972:	70 e0       	ldi	r23, 0x00	; 0
     974:	0e 94 f8 0a 	call	0x15f0	; 0x15f0 <__divmodhi4>
     978:	80 93 26 04 	sts	0x0426, r24	; 0x800426 <g_buffer_index>
     97c:	e2 e1       	ldi	r30, 0x12	; 18
     97e:	f4 e0       	ldi	r31, 0x04	; 4
main():
C:\Users\Utilizador\Desktop\RAFA\UNI\LABSI-LUMINOSIDADE\LABSI\PROG\PROGv1/PROGv1.ino:704
	uint32_t sum = 0;
     980:	60 e0       	ldi	r22, 0x00	; 0
     982:	70 e0       	ldi	r23, 0x00	; 0
     984:	cb 01       	movw	r24, r22
average_lux():
C:\Users\Utilizador\Desktop\RAFA\UNI\LABSI-LUMINOSIDADE\LABSI\PROG\PROGv1/PROGv1.ino:706
	for(uint8_t i = 0; i < AVG_SAMPLES; i++) {
		sum += lux_buffer[i];
     986:	21 91       	ld	r18, Z+
     988:	31 91       	ld	r19, Z+
     98a:	62 0f       	add	r22, r18
     98c:	73 1f       	adc	r23, r19
     98e:	81 1d       	adc	r24, r1
     990:	91 1d       	adc	r25, r1
C:\Users\Utilizador\Desktop\RAFA\UNI\LABSI-LUMINOSIDADE\LABSI\PROG\PROGv1/PROGv1.ino:705
// --- Averaging Function ---
uint16_t average_lux(uint16_t new_reading) {
	lux_buffer[g_buffer_index] = new_reading;
	g_buffer_index = (g_buffer_index + 1) % AVG_SAMPLES;
	uint32_t sum = 0;
	for(uint8_t i = 0; i < AVG_SAMPLES; i++) {
     992:	26 e2       	ldi	r18, 0x26	; 38
     994:	34 e0       	ldi	r19, 0x04	; 4
     996:	2e 17       	cp	r18, r30
     998:	3f 07       	cpc	r19, r31
     99a:	a9 f7       	brne	.-22     	; 0x986 <__stack+0x87>
C:\Users\Utilizador\Desktop\RAFA\UNI\LABSI-LUMINOSIDADE\LABSI\PROG\PROGv1/PROGv1.ino:708
		sum += lux_buffer[i];
	}
	return sum / AVG_SAMPLES;
     99c:	2a e0       	ldi	r18, 0x0A	; 10
     99e:	30 e0       	ldi	r19, 0x00	; 0
     9a0:	40 e0       	ldi	r20, 0x00	; 0
     9a2:	50 e0       	ldi	r21, 0x00	; 0
     9a4:	0e 94 0c 0b 	call	0x1618	; 0x1618 <__udivmodsi4>
     9a8:	30 93 7e 04 	sts	0x047E, r19	; 0x80047e <g_averaged_lux+0x1>
     9ac:	20 93 7d 04 	sts	0x047D, r18	; 0x80047d <g_averaged_lux>
uart_available():
C:\Users\Utilizador\Desktop\RAFA\UNI\LABSI-LUMINOSIDADE\LABSI\PROG\PROGv1/PROGv1.ino:328
    while (*str) {
        uart_write(*str++); 
    }
}
uint8_t uart_available(void) {
    return (UCSR0A & (1 << RXC0));
     9b0:	80 91 c0 00 	lds	r24, 0x00C0	; 0x8000c0 <__DATA_REGION_ORIGIN__+0x60>
check_uart_cmds():
C:\Users\Utilizador\Desktop\RAFA\UNI\LABSI-LUMINOSIDADE\LABSI\PROG\PROGv1/PROGv1.ino:335
char uart_read(void) {
		while (!(UCSR0A & (1<<RXC0)));
    return UDR0;
}
void check_uart_cmds(void) {
    if (uart_available()) {
     9b4:	87 ff       	sbrs	r24, 7
     9b6:	8d c0       	rjmp	.+282    	; 0xad2 <__stack+0x1d3>
uart_read():
C:\Users\Utilizador\Desktop\RAFA\UNI\LABSI-LUMINOSIDADE\LABSI\PROG\PROGv1/PROGv1.ino:331
}
uint8_t uart_available(void) {
    return (UCSR0A & (1 << RXC0));
}
char uart_read(void) {
		while (!(UCSR0A & (1<<RXC0)));
     9b8:	80 91 c0 00 	lds	r24, 0x00C0	; 0x8000c0 <__DATA_REGION_ORIGIN__+0x60>
     9bc:	87 ff       	sbrs	r24, 7
     9be:	fc cf       	rjmp	.-8      	; 0x9b8 <__stack+0xb9>
C:\Users\Utilizador\Desktop\RAFA\UNI\LABSI-LUMINOSIDADE\LABSI\PROG\PROGv1/PROGv1.ino:332
    return UDR0;
     9c0:	e0 91 c6 00 	lds	r30, 0x00C6	; 0x8000c6 <__DATA_REGION_ORIGIN__+0x66>
check_uart_cmds():
C:\Users\Utilizador\Desktop\RAFA\UNI\LABSI-LUMINOSIDADE\LABSI\PROG\PROGv1/PROGv1.ino:337
}
void check_uart_cmds(void) {
    if (uart_available()) {
        char cmd = uart_read();
        switch(cmd) {
     9c4:	e1 54       	subi	r30, 0x41	; 65
     9c6:	e8 31       	cpi	r30, 0x18	; 24
     9c8:	08 f0       	brcs	.+2      	; 0x9cc <__stack+0xcd>
     9ca:	83 c0       	rjmp	.+262    	; 0xad2 <__stack+0x1d3>
     9cc:	f0 e0       	ldi	r31, 0x00	; 0
     9ce:	e5 51       	subi	r30, 0x15	; 21
     9d0:	fb 4f       	sbci	r31, 0xFB	; 251
     9d2:	0c 94 2e 0b 	jmp	0x165c	; 0x165c <__tablejump2__>
     9d6:	10 05       	cpc	r17, r0
     9d8:	69 05       	cpc	r22, r9
     9da:	7d 06       	cpc	r7, r29
     9dc:	57 06       	cpc	r5, r23
     9de:	69 05       	cpc	r22, r9
     9e0:	ab 06       	cpc	r10, r27
     9e2:	69 05       	cpc	r22, r9
     9e4:	69 05       	cpc	r22, r9
     9e6:	69 05       	cpc	r22, r9
     9e8:	69 05       	cpc	r22, r9
     9ea:	69 05       	cpc	r22, r9
     9ec:	69 05       	cpc	r22, r9
     9ee:	2d 05       	cpc	r18, r13
     9f0:	69 05       	cpc	r22, r9
     9f2:	6f 06       	cpc	r6, r31
     9f4:	bb 06       	cpc	r11, r27
     9f6:	69 05       	cpc	r22, r9
     9f8:	69 05       	cpc	r22, r9
     9fa:	8d 06       	cpc	r8, r29
     9fc:	69 05       	cpc	r22, r9
     9fe:	4d 05       	cpc	r20, r13
     a00:	69 05       	cpc	r22, r9
     a02:	69 05       	cpc	r22, r9
     a04:	9b 06       	cpc	r9, r27
main():
C:\Users\Utilizador\Desktop\RAFA\UNI\LABSI-LUMINOSIDADE\LABSI\PROG\PROGv1/PROGv1.ino:690
	g_sensor1_present = bh1750_send(BH1750_ADDR1, BH1750_POWER_ON) && bh1750_send(BH1750_ADDR1, BH1750_CONT_HIGH_RES_MODE2);
	g_sensor2_present = bh1750_send(BH1750_ADDR2, BH1750_POWER_ON) && bh1750_send(BH1750_ADDR2, BH1750_CONT_HIGH_RES_MODE2);
	g_sensor_count = g_sensor1_present + g_sensor2_present;
}
uint16_t bh1750_read_sensors(void) {
	uint16_t lux1 = 0, lux2 = 0;
     a06:	90 e0       	ldi	r25, 0x00	; 0
     a08:	80 e0       	ldi	r24, 0x00	; 0
     a0a:	9d cf       	rjmp	.-198    	; 0x946 <__stack+0x47>
bh1750_read_sensors():
C:\Users\Utilizador\Desktop\RAFA\UNI\LABSI-LUMINOSIDADE\LABSI\PROG\PROGv1/PROGv1.ino:697
	if(g_sensor2_present) lux2 = bh1750_read(BH1750_ADDR2);
	if(g_sensor_count == 1) {
		if(lux1 > 0) return lux1;
		else return lux2;
	}
	if(g_sensor_count == 2) return (uint16_t)((float)(lux1 + lux2)) / 2;
     a0c:	22 30       	cpi	r18, 0x02	; 2
     a0e:	29 f4       	brne	.+10     	; 0xa1a <__stack+0x11b>
     a10:	88 0d       	add	r24, r8
     a12:	99 1d       	adc	r25, r9
     a14:	96 95       	lsr	r25
     a16:	87 95       	ror	r24
     a18:	9f cf       	rjmp	.-194    	; 0x958 <__stack+0x59>
main():
C:\Users\Utilizador\Desktop\RAFA\UNI\LABSI-LUMINOSIDADE\LABSI\PROG\PROGv1/PROGv1.ino:698
	return 0;
     a1a:	90 e0       	ldi	r25, 0x00	; 0
     a1c:	80 e0       	ldi	r24, 0x00	; 0
     a1e:	9c cf       	rjmp	.-200    	; 0x958 <__stack+0x59>
check_uart_cmds():
C:\Users\Utilizador\Desktop\RAFA\UNI\LABSI-LUMINOSIDADE\LABSI\PROG\PROGv1/PROGv1.ino:338
}
void check_uart_cmds(void) {
    if (uart_available()) {
        char cmd = uart_read();
        switch(cmd) {
            case 'A': if(g_operating_mode!=0){g_operating_mode=0;g_mode_changed=1;buzzer_bips(1);control_motor_1(PARAR);control_motor_2(PARAR);} break;
     a20:	80 91 06 01 	lds	r24, 0x0106	; 0x800106 <g_operating_mode>
     a24:	88 23       	and	r24, r24
     a26:	09 f4       	brne	.+2      	; 0xa2a <__stack+0x12b>
     a28:	54 c0       	rjmp	.+168    	; 0xad2 <__stack+0x1d3>
     a2a:	10 92 06 01 	sts	0x0106, r1	; 0x800106 <g_operating_mode>
     a2e:	81 e0       	ldi	r24, 0x01	; 1
     a30:	80 93 00 01 	sts	0x0100, r24	; 0x800100 <__data_start>
     a34:	0e 94 4c 01 	call	0x298	; 0x298 <buzzer_bips(unsigned char)>
control_motor_1():
C:\Users\Utilizador\Desktop\RAFA\UNI\LABSI-LUMINOSIDADE\LABSI\PROG\PROGv1/PROGv1.ino:753
	// Interrupção de PC1 (botão touch)
	PCICR |= (1 << PCIE1);
	PCMSK1 |= (1 << PCINT9);
}
void control_motor_1(Servo_pos action) {
    g_motor1_action = action;
     a38:	f0 92 0a 01 	sts	0x010A, r15	; 0x80010a <g_motor1_action+0x1>
     a3c:	e0 92 09 01 	sts	0x0109, r14	; 0x800109 <g_motor1_action>
C:\Users\Utilizador\Desktop\RAFA\UNI\LABSI-LUMINOSIDADE\LABSI\PROG\PROGv1/PROGv1.ino:767
            break;
        case FECHAR:
            valor_pwm = 196;
            break;
    }
    OCR1B = valor_pwm;
     a40:	10 93 8b 00 	sts	0x008B, r17	; 0x80008b <__DATA_REGION_ORIGIN__+0x2b>
     a44:	00 93 8a 00 	sts	0x008A, r16	; 0x80008a <__DATA_REGION_ORIGIN__+0x2a>
control_motor_2():
C:\Users\Utilizador\Desktop\RAFA\UNI\LABSI-LUMINOSIDADE\LABSI\PROG\PROGv1/PROGv1.ino:770
}
void control_motor_2(Servo_pos action) {
    g_motor2_action = action;
     a48:	f0 92 08 01 	sts	0x0108, r15	; 0x800108 <g_motor2_action+0x1>
     a4c:	e0 92 07 01 	sts	0x0107, r14	; 0x800107 <g_motor2_action>
C:\Users\Utilizador\Desktop\RAFA\UNI\LABSI-LUMINOSIDADE\LABSI\PROG\PROGv1/PROGv1.ino:784
			break;
		case FECHAR:
			valor_pwm = 197;
			break;
	}
	OCR1A = valor_pwm;
     a50:	10 93 89 00 	sts	0x0089, r17	; 0x800089 <__DATA_REGION_ORIGIN__+0x29>
     a54:	00 93 88 00 	sts	0x0088, r16	; 0x800088 <__DATA_REGION_ORIGIN__+0x28>
     a58:	3c c0       	rjmp	.+120    	; 0xad2 <__stack+0x1d3>
check_uart_cmds():
C:\Users\Utilizador\Desktop\RAFA\UNI\LABSI-LUMINOSIDADE\LABSI\PROG\PROGv1/PROGv1.ino:339
void check_uart_cmds(void) {
    if (uart_available()) {
        char cmd = uart_read();
        switch(cmd) {
            case 'A': if(g_operating_mode!=0){g_operating_mode=0;g_mode_changed=1;buzzer_bips(1);control_motor_1(PARAR);control_motor_2(PARAR);} break;
            case 'M': if(g_operating_mode!=1){g_operating_mode=1;g_mode_changed=1;buzzer_bips(1);control_motor_1(PARAR);control_motor_2(PARAR);set_led_brightness(0);} break;
     a5a:	80 91 06 01 	lds	r24, 0x0106	; 0x800106 <g_operating_mode>
     a5e:	81 30       	cpi	r24, 0x01	; 1
     a60:	c1 f1       	breq	.+112    	; 0xad2 <__stack+0x1d3>
     a62:	81 e0       	ldi	r24, 0x01	; 1
     a64:	80 93 06 01 	sts	0x0106, r24	; 0x800106 <g_operating_mode>
     a68:	80 93 00 01 	sts	0x0100, r24	; 0x800100 <__data_start>
     a6c:	0e 94 4c 01 	call	0x298	; 0x298 <buzzer_bips(unsigned char)>
control_motor_1():
C:\Users\Utilizador\Desktop\RAFA\UNI\LABSI-LUMINOSIDADE\LABSI\PROG\PROGv1/PROGv1.ino:753
	// Interrupção de PC1 (botão touch)
	PCICR |= (1 << PCIE1);
	PCMSK1 |= (1 << PCINT9);
}
void control_motor_1(Servo_pos action) {
    g_motor1_action = action;
     a70:	f0 92 0a 01 	sts	0x010A, r15	; 0x80010a <g_motor1_action+0x1>
     a74:	e0 92 09 01 	sts	0x0109, r14	; 0x800109 <g_motor1_action>
C:\Users\Utilizador\Desktop\RAFA\UNI\LABSI-LUMINOSIDADE\LABSI\PROG\PROGv1/PROGv1.ino:767
            break;
        case FECHAR:
            valor_pwm = 196;
            break;
    }
    OCR1B = valor_pwm;
     a78:	10 93 8b 00 	sts	0x008B, r17	; 0x80008b <__DATA_REGION_ORIGIN__+0x2b>
     a7c:	00 93 8a 00 	sts	0x008A, r16	; 0x80008a <__DATA_REGION_ORIGIN__+0x2a>
control_motor_2():
C:\Users\Utilizador\Desktop\RAFA\UNI\LABSI-LUMINOSIDADE\LABSI\PROG\PROGv1/PROGv1.ino:770
}
void control_motor_2(Servo_pos action) {
    g_motor2_action = action;
     a80:	f0 92 08 01 	sts	0x0108, r15	; 0x800108 <g_motor2_action+0x1>
     a84:	e0 92 07 01 	sts	0x0107, r14	; 0x800107 <g_motor2_action>
C:\Users\Utilizador\Desktop\RAFA\UNI\LABSI-LUMINOSIDADE\LABSI\PROG\PROGv1/PROGv1.ino:784
			break;
		case FECHAR:
			valor_pwm = 197;
			break;
	}
	OCR1A = valor_pwm;
     a88:	10 93 89 00 	sts	0x0089, r17	; 0x800089 <__DATA_REGION_ORIGIN__+0x29>
     a8c:	00 93 88 00 	sts	0x0088, r16	; 0x800088 <__DATA_REGION_ORIGIN__+0x28>
set_led_brightness():
C:\Users\Utilizador\Desktop\RAFA\UNI\LABSI-LUMINOSIDADE\LABSI\PROG\PROGv1/PROGv1.ino:820
				}else set_led_brightness(0);
    }
}
void set_led_brightness(uint8_t brightness) {
    if (brightness > MAX_LED_PWM) brightness = MAX_LED_PWM;
    OCR2A = brightness;
     a90:	10 92 b3 00 	sts	0x00B3, r1	; 0x8000b3 <__DATA_REGION_ORIGIN__+0x53>
C:\Users\Utilizador\Desktop\RAFA\UNI\LABSI-LUMINOSIDADE\LABSI\PROG\PROGv1/PROGv1.ino:821
    g_led_brightness = brightness;
     a94:	10 92 2f 04 	sts	0x042F, r1	; 0x80042f <g_led_brightness>
     a98:	1c c0       	rjmp	.+56     	; 0xad2 <__stack+0x1d3>
check_uart_cmds():
C:\Users\Utilizador\Desktop\RAFA\UNI\LABSI-LUMINOSIDADE\LABSI\PROG\PROGv1/PROGv1.ino:340
    if (uart_available()) {
        char cmd = uart_read();
        switch(cmd) {
            case 'A': if(g_operating_mode!=0){g_operating_mode=0;g_mode_changed=1;buzzer_bips(1);control_motor_1(PARAR);control_motor_2(PARAR);} break;
            case 'M': if(g_operating_mode!=1){g_operating_mode=1;g_mode_changed=1;buzzer_bips(1);control_motor_1(PARAR);control_motor_2(PARAR);set_led_brightness(0);} break;
            case 'U': if(g_operating_mode==0){
     a9a:	80 91 06 01 	lds	r24, 0x0106	; 0x800106 <g_operating_mode>
     a9e:	81 11       	cpse	r24, r1
     aa0:	fc c0       	rjmp	.+504    	; 0xc9a <__stack+0x39b>
C:\Users\Utilizador\Desktop\RAFA\UNI\LABSI-LUMINOSIDADE\LABSI\PROG\PROGv1/PROGv1.ino:341
							if(g_target_lux<LUX_MAX)g_target_lux+=LUX_STEP;
     aa2:	80 91 02 01 	lds	r24, 0x0102	; 0x800102 <g_target_lux>
     aa6:	90 91 03 01 	lds	r25, 0x0103	; 0x800103 <g_target_lux+0x1>
     aaa:	88 3e       	cpi	r24, 0xE8	; 232
     aac:	93 40       	sbci	r25, 0x03	; 3
     aae:	48 f4       	brcc	.+18     	; 0xac2 <__stack+0x1c3>
     ab0:	80 91 02 01 	lds	r24, 0x0102	; 0x800102 <g_target_lux>
     ab4:	90 91 03 01 	lds	r25, 0x0103	; 0x800103 <g_target_lux+0x1>
     ab8:	c2 96       	adiw	r24, 0x32	; 50
C:\Users\Utilizador\Desktop\RAFA\UNI\LABSI-LUMINOSIDADE\LABSI\PROG\PROGv1/PROGv1.ino:347
							g_last_setpoint_value=g_target_lux;
							}else{
								if(g_led_brightness<255)set_led_brightness(g_led_brightness+10);
								else set_led_brightness(255);}
								break;
            case 'D': if(g_operating_mode==0){if(g_target_lux>LUX_MIN)g_target_lux-=LUX_STEP;g_last_setpoint_value=g_target_lux;}else{if(g_led_brightness>25)set_led_brightness(g_led_brightness-10);else set_led_brightness(0);} break;
     aba:	90 93 03 01 	sts	0x0103, r25	; 0x800103 <g_target_lux+0x1>
     abe:	80 93 02 01 	sts	0x0102, r24	; 0x800102 <g_target_lux>
     ac2:	80 91 02 01 	lds	r24, 0x0102	; 0x800102 <g_target_lux>
     ac6:	90 91 03 01 	lds	r25, 0x0103	; 0x800103 <g_target_lux+0x1>
     aca:	90 93 05 01 	sts	0x0105, r25	; 0x800105 <g_last_setpoint_value+0x1>
     ace:	80 93 04 01 	sts	0x0104, r24	; 0x800104 <g_last_setpoint_value>
main():
C:\Users\Utilizador\Desktop\RAFA\UNI\LABSI-LUMINOSIDADE\LABSI\PROG\PROGv1/PROGv1.ino:1042
				g_lux_value = bh1750_read_sensors();
				g_averaged_lux = average_lux(g_lux_value);
				check_uart_cmds();
				
        // Rastreamento Posição
        if(g_motor1_action==ABRIR && g_blind1_pos<BLIND1_MAX_TICKS) g_blind1_pos+=STEP_OPEN;
     ad2:	20 91 09 01 	lds	r18, 0x0109	; 0x800109 <g_motor1_action>
     ad6:	30 91 0a 01 	lds	r19, 0x010A	; 0x80010a <g_motor1_action+0x1>
     ada:	80 91 79 04 	lds	r24, 0x0479	; 0x800479 <g_blind1_pos>
     ade:	90 91 7a 04 	lds	r25, 0x047A	; 0x80047a <g_blind1_pos+0x1>
     ae2:	a0 91 7b 04 	lds	r26, 0x047B	; 0x80047b <g_blind1_pos+0x2>
     ae6:	b0 91 7c 04 	lds	r27, 0x047C	; 0x80047c <g_blind1_pos+0x3>
     aea:	22 30       	cpi	r18, 0x02	; 2
     aec:	31 05       	cpc	r19, r1
     aee:	09 f0       	breq	.+2      	; 0xaf2 <__stack+0x1f3>
     af0:	48 c1       	rjmp	.+656    	; 0xd82 <__stack+0x483>
     af2:	88 33       	cpi	r24, 0x38	; 56
     af4:	28 e1       	ldi	r18, 0x18	; 24
     af6:	92 07       	cpc	r25, r18
     af8:	a1 05       	cpc	r26, r1
     afa:	b1 05       	cpc	r27, r1
     afc:	5c f4       	brge	.+22     	; 0xb14 <__stack+0x215>
     afe:	0d 96       	adiw	r24, 0x0d	; 13
     b00:	a1 1d       	adc	r26, r1
     b02:	b1 1d       	adc	r27, r1
C:\Users\Utilizador\Desktop\RAFA\UNI\LABSI-LUMINOSIDADE\LABSI\PROG\PROGv1/PROGv1.ino:1043
        else if(g_motor1_action==FECHAR && g_blind1_pos>0) g_blind1_pos-=STEP_CLOSE;
     b04:	80 93 79 04 	sts	0x0479, r24	; 0x800479 <g_blind1_pos>
     b08:	90 93 7a 04 	sts	0x047A, r25	; 0x80047a <g_blind1_pos+0x1>
     b0c:	a0 93 7b 04 	sts	0x047B, r26	; 0x80047b <g_blind1_pos+0x2>
     b10:	b0 93 7c 04 	sts	0x047C, r27	; 0x80047c <g_blind1_pos+0x3>
C:\Users\Utilizador\Desktop\RAFA\UNI\LABSI-LUMINOSIDADE\LABSI\PROG\PROGv1/PROGv1.ino:1045
        
        if(g_motor2_action==ABRIR && g_blind2_pos<BLIND2_MAX_TICKS) g_blind2_pos+=STEP_OPEN;
     b14:	80 91 07 01 	lds	r24, 0x0107	; 0x800107 <g_motor2_action>
     b18:	90 91 08 01 	lds	r25, 0x0108	; 0x800108 <g_motor2_action+0x1>
     b1c:	82 30       	cpi	r24, 0x02	; 2
     b1e:	91 05       	cpc	r25, r1
     b20:	09 f0       	breq	.+2      	; 0xb24 <__stack+0x225>
     b22:	3c c1       	rjmp	.+632    	; 0xd9c <__stack+0x49d>
     b24:	80 91 75 04 	lds	r24, 0x0475	; 0x800475 <g_blind2_pos>
     b28:	90 91 76 04 	lds	r25, 0x0476	; 0x800476 <g_blind2_pos+0x1>
     b2c:	a0 91 77 04 	lds	r26, 0x0477	; 0x800477 <g_blind2_pos+0x2>
     b30:	b0 91 78 04 	lds	r27, 0x0478	; 0x800478 <g_blind2_pos+0x3>
     b34:	84 3e       	cpi	r24, 0xE4	; 228
     b36:	3c e0       	ldi	r19, 0x0C	; 12
     b38:	93 07       	cpc	r25, r19
     b3a:	a1 05       	cpc	r26, r1
     b3c:	b1 05       	cpc	r27, r1
     b3e:	5c f4       	brge	.+22     	; 0xb56 <__stack+0x257>
     b40:	0d 96       	adiw	r24, 0x0d	; 13
     b42:	a1 1d       	adc	r26, r1
     b44:	b1 1d       	adc	r27, r1
C:\Users\Utilizador\Desktop\RAFA\UNI\LABSI-LUMINOSIDADE\LABSI\PROG\PROGv1/PROGv1.ino:1046
        else if(g_motor2_action==FECHAR && g_blind2_pos>0) g_blind2_pos-=STEP_CLOSE;
     b46:	80 93 75 04 	sts	0x0475, r24	; 0x800475 <g_blind2_pos>
     b4a:	90 93 76 04 	sts	0x0476, r25	; 0x800476 <g_blind2_pos+0x1>
     b4e:	a0 93 77 04 	sts	0x0477, r26	; 0x800477 <g_blind2_pos+0x2>
     b52:	b0 93 78 04 	sts	0x0478, r27	; 0x800478 <g_blind2_pos+0x3>
save_position_to_eeprom():
C:\Users\Utilizador\Desktop\RAFA\UNI\LABSI-LUMINOSIDADE\LABSI\PROG\PROGv1/PROGv1.ino:795
    uint16_t val2 = eeprom_read_word(EEP_POS2_ADDR);
    if (val2 > (uint16_t)BLIND2_MAX_TICKS) g_blind2_pos = 0; else g_blind2_pos = (int32_t)val2;
}
void save_position_to_eeprom(void) {
    // Grava apenas se o valor mudou (a função update faz isso sozinha)
    eeprom_update_word(EEP_POS1_ADDR, (uint16_t)g_blind1_pos);
     b56:	60 91 79 04 	lds	r22, 0x0479	; 0x800479 <g_blind1_pos>
     b5a:	70 91 7a 04 	lds	r23, 0x047A	; 0x80047a <g_blind1_pos+0x1>
     b5e:	90 e0       	ldi	r25, 0x00	; 0
     b60:	80 e0       	ldi	r24, 0x00	; 0
     b62:	0e 94 a5 09 	call	0x134a	; 0x134a <eeprom_update_word>
C:\Users\Utilizador\Desktop\RAFA\UNI\LABSI-LUMINOSIDADE\LABSI\PROG\PROGv1/PROGv1.ino:796
    eeprom_update_word(EEP_POS2_ADDR, (uint16_t)g_blind2_pos);
     b66:	60 91 75 04 	lds	r22, 0x0475	; 0x800475 <g_blind2_pos>
     b6a:	70 91 76 04 	lds	r23, 0x0476	; 0x800476 <g_blind2_pos+0x1>
     b6e:	82 e0       	ldi	r24, 0x02	; 2
     b70:	90 e0       	ldi	r25, 0x00	; 0
     b72:	0e 94 a5 09 	call	0x134a	; 0x134a <eeprom_update_word>
main():
C:\Users\Utilizador\Desktop\RAFA\UNI\LABSI-LUMINOSIDADE\LABSI\PROG\PROGv1/PROGv1.ino:1054
        g_last_motor1_action = g_motor1_action;
        g_last_motor2_action = g_motor2_action;

				// 2. Controlo dependendo do modo
				static uint8_t sonar_tick = 0;
				if(g_operating_mode == MODE_AUTOMATIC) {
     b76:	80 91 06 01 	lds	r24, 0x0106	; 0x800106 <g_operating_mode>
     b7a:	81 11       	cpse	r24, r1
     b7c:	23 c3       	rjmp	.+1606   	; 0x11c4 <__stack+0x8c5>
adjust_setpoint_control():
C:\Users\Utilizador\Desktop\RAFA\UNI\LABSI-LUMINOSIDADE\LABSI\PROG\PROGv1/PROGv1.ino:359
        }
    }
}
void adjust_setpoint_control(void) {
    // --- BOTÃO MAIS (UP) COM DEBOUNCE ---
    if (PIND & (1 << BOTAO_MAIS)) {
     b7e:	4c 9b       	sbis	0x09, 4	; 9
     b80:	22 c1       	rjmp	.+580    	; 0xdc6 <__stack+0x4c7>
C:\Users\Utilizador\Desktop\RAFA\UNI\LABSI-LUMINOSIDADE\LABSI\PROG\PROGv1/PROGv1.ino:360
        if (g_up_debounce < DEBOUNCE_TICKS + 1) g_up_debounce++;
     b82:	80 91 2a 04 	lds	r24, 0x042A	; 0x80042a <g_up_debounce>
     b86:	8b 30       	cpi	r24, 0x0B	; 11
     b88:	18 f4       	brcc	.+6      	; 0xb90 <__stack+0x291>
     b8a:	8f 5f       	subi	r24, 0xFF	; 255
     b8c:	80 93 2a 04 	sts	0x042A, r24	; 0x80042a <g_up_debounce>
C:\Users\Utilizador\Desktop\RAFA\UNI\LABSI-LUMINOSIDADE\LABSI\PROG\PROGv1/PROGv1.ino:366
    } else {
        g_up_debounce = 0;
    }

    // Dispara ação APENAS quando atinge o limiar (Single Shot)
    if (g_up_debounce == DEBOUNCE_TICKS) {
     b90:	80 91 2a 04 	lds	r24, 0x042A	; 0x80042a <g_up_debounce>
     b94:	8a 30       	cpi	r24, 0x0A	; 10
     b96:	f1 f4       	brne	.+60     	; 0xbd4 <__stack+0x2d5>
C:\Users\Utilizador\Desktop\RAFA\UNI\LABSI-LUMINOSIDADE\LABSI\PROG\PROGv1/PROGv1.ino:367
			g_up_debounce = DEBOUNCE_TICKS + 1;
     b98:	8b e0       	ldi	r24, 0x0B	; 11
     b9a:	80 93 2a 04 	sts	0x042A, r24	; 0x80042a <g_up_debounce>
C:\Users\Utilizador\Desktop\RAFA\UNI\LABSI-LUMINOSIDADE\LABSI\PROG\PROGv1/PROGv1.ino:368
        if (g_fix_state != 2) {
     b9e:	80 91 72 04 	lds	r24, 0x0472	; 0x800472 <g_fix_state>
     ba2:	82 30       	cpi	r24, 0x02	; 2
     ba4:	b9 f0       	breq	.+46     	; 0xbd4 <__stack+0x2d5>
C:\Users\Utilizador\Desktop\RAFA\UNI\LABSI-LUMINOSIDADE\LABSI\PROG\PROGv1/PROGv1.ino:369
            if (g_last_setpoint_value < LUX_MAX) g_last_setpoint_value += LUX_STEP;
     ba6:	80 91 04 01 	lds	r24, 0x0104	; 0x800104 <g_last_setpoint_value>
     baa:	90 91 05 01 	lds	r25, 0x0105	; 0x800105 <g_last_setpoint_value+0x1>
     bae:	88 3e       	cpi	r24, 0xE8	; 232
     bb0:	93 40       	sbci	r25, 0x03	; 3
     bb2:	48 f4       	brcc	.+18     	; 0xbc6 <__stack+0x2c7>
     bb4:	80 91 04 01 	lds	r24, 0x0104	; 0x800104 <g_last_setpoint_value>
     bb8:	90 91 05 01 	lds	r25, 0x0105	; 0x800105 <g_last_setpoint_value+0x1>
     bbc:	c2 96       	adiw	r24, 0x32	; 50
     bbe:	90 93 05 01 	sts	0x0105, r25	; 0x800105 <g_last_setpoint_value+0x1>
     bc2:	80 93 04 01 	sts	0x0104, r24	; 0x800104 <g_last_setpoint_value>
C:\Users\Utilizador\Desktop\RAFA\UNI\LABSI-LUMINOSIDADE\LABSI\PROG\PROGv1/PROGv1.ino:370
            if (g_fix_state == 0) g_fix_state = 1; // Ativa modo de ajuste
     bc6:	80 91 72 04 	lds	r24, 0x0472	; 0x800472 <g_fix_state>
     bca:	81 11       	cpse	r24, r1
     bcc:	03 c0       	rjmp	.+6      	; 0xbd4 <__stack+0x2d5>
     bce:	81 e0       	ldi	r24, 0x01	; 1
     bd0:	80 93 72 04 	sts	0x0472, r24	; 0x800472 <g_fix_state>
C:\Users\Utilizador\Desktop\RAFA\UNI\LABSI-LUMINOSIDADE\LABSI\PROG\PROGv1/PROGv1.ino:375
        }
    }

    // --- BOTÃO MENOS (DOWN) COM DEBOUNCE ---
    if (PIND & (1 << BOTAO_MENOS)) {
     bd4:	4f 9b       	sbis	0x09, 7	; 9
     bd6:	fa c0       	rjmp	.+500    	; 0xdcc <__stack+0x4cd>
C:\Users\Utilizador\Desktop\RAFA\UNI\LABSI-LUMINOSIDADE\LABSI\PROG\PROGv1/PROGv1.ino:376
        if (g_down_debounce < DEBOUNCE_TICKS + 1) g_down_debounce++;
     bd8:	80 91 29 04 	lds	r24, 0x0429	; 0x800429 <g_down_debounce>
     bdc:	8b 30       	cpi	r24, 0x0B	; 11
     bde:	18 f4       	brcc	.+6      	; 0xbe6 <__stack+0x2e7>
     be0:	8f 5f       	subi	r24, 0xFF	; 255
     be2:	80 93 29 04 	sts	0x0429, r24	; 0x800429 <g_down_debounce>
C:\Users\Utilizador\Desktop\RAFA\UNI\LABSI-LUMINOSIDADE\LABSI\PROG\PROGv1/PROGv1.ino:381
    } else {
        g_down_debounce = 0;
    }

    if (g_down_debounce == DEBOUNCE_TICKS) {
     be6:	80 91 29 04 	lds	r24, 0x0429	; 0x800429 <g_down_debounce>
     bea:	8a 30       	cpi	r24, 0x0A	; 10
     bec:	e9 f4       	brne	.+58     	; 0xc28 <__stack+0x329>
C:\Users\Utilizador\Desktop\RAFA\UNI\LABSI-LUMINOSIDADE\LABSI\PROG\PROGv1/PROGv1.ino:382
			g_down_debounce = DEBOUNCE_TICKS + 1;
     bee:	8b e0       	ldi	r24, 0x0B	; 11
     bf0:	80 93 29 04 	sts	0x0429, r24	; 0x800429 <g_down_debounce>
C:\Users\Utilizador\Desktop\RAFA\UNI\LABSI-LUMINOSIDADE\LABSI\PROG\PROGv1/PROGv1.ino:383
        if (g_fix_state != 2) {
     bf4:	80 91 72 04 	lds	r24, 0x0472	; 0x800472 <g_fix_state>
     bf8:	82 30       	cpi	r24, 0x02	; 2
     bfa:	b1 f0       	breq	.+44     	; 0xc28 <__stack+0x329>
C:\Users\Utilizador\Desktop\RAFA\UNI\LABSI-LUMINOSIDADE\LABSI\PROG\PROGv1/PROGv1.ino:384
            if (g_last_setpoint_value > LUX_MIN) g_last_setpoint_value -= LUX_STEP;
     bfc:	80 91 04 01 	lds	r24, 0x0104	; 0x800104 <g_last_setpoint_value>
     c00:	90 91 05 01 	lds	r25, 0x0105	; 0x800105 <g_last_setpoint_value+0x1>
     c04:	89 2b       	or	r24, r25
     c06:	49 f0       	breq	.+18     	; 0xc1a <__stack+0x31b>
     c08:	80 91 04 01 	lds	r24, 0x0104	; 0x800104 <g_last_setpoint_value>
     c0c:	90 91 05 01 	lds	r25, 0x0105	; 0x800105 <g_last_setpoint_value+0x1>
     c10:	c2 97       	sbiw	r24, 0x32	; 50
     c12:	90 93 05 01 	sts	0x0105, r25	; 0x800105 <g_last_setpoint_value+0x1>
     c16:	80 93 04 01 	sts	0x0104, r24	; 0x800104 <g_last_setpoint_value>
C:\Users\Utilizador\Desktop\RAFA\UNI\LABSI-LUMINOSIDADE\LABSI\PROG\PROGv1/PROGv1.ino:385
            if (g_fix_state == 0) g_fix_state = 1;
     c1a:	80 91 72 04 	lds	r24, 0x0472	; 0x800472 <g_fix_state>
     c1e:	81 11       	cpse	r24, r1
     c20:	03 c0       	rjmp	.+6      	; 0xc28 <__stack+0x329>
     c22:	81 e0       	ldi	r24, 0x01	; 1
     c24:	80 93 72 04 	sts	0x0472, r24	; 0x800472 <g_fix_state>
C:\Users\Utilizador\Desktop\RAFA\UNI\LABSI-LUMINOSIDADE\LABSI\PROG\PROGv1/PROGv1.ino:391
        }
    }

    // --- MÁQUINA DE ESTADOS DE FIXAÇÃO (2s) ---
    // Se estiver em ajuste (1) e soltar os botões -> Conta tempo (2)
    if (g_fix_state == 1) {
     c28:	80 91 72 04 	lds	r24, 0x0472	; 0x800472 <g_fix_state>
     c2c:	81 30       	cpi	r24, 0x01	; 1
     c2e:	09 f0       	breq	.+2      	; 0xc32 <__stack+0x333>
     c30:	d0 c0       	rjmp	.+416    	; 0xdd2 <__stack+0x4d3>
C:\Users\Utilizador\Desktop\RAFA\UNI\LABSI-LUMINOSIDADE\LABSI\PROG\PROGv1/PROGv1.ino:392
        if (!(PIND & (1 << BOTAO_MAIS)) && !(PIND & (1 << BOTAO_MENOS))) {
     c32:	4c 99       	sbic	0x09, 4	; 9
     c34:	0b c0       	rjmp	.+22     	; 0xc4c <__stack+0x34d>
     c36:	4f 99       	sbic	0x09, 7	; 9
     c38:	09 c0       	rjmp	.+18     	; 0xc4c <__stack+0x34d>
C:\Users\Utilizador\Desktop\RAFA\UNI\LABSI-LUMINOSIDADE\LABSI\PROG\PROGv1/PROGv1.ino:393
            g_fix_timer = FIX_TIME_TICKS;
     c3a:	88 ee       	ldi	r24, 0xE8	; 232
     c3c:	93 e0       	ldi	r25, 0x03	; 3
     c3e:	90 93 28 04 	sts	0x0428, r25	; 0x800428 <g_fix_timer+0x1>
     c42:	80 93 27 04 	sts	0x0427, r24	; 0x800427 <g_fix_timer>
C:\Users\Utilizador\Desktop\RAFA\UNI\LABSI-LUMINOSIDADE\LABSI\PROG\PROGv1/PROGv1.ino:394
            g_fix_state = 2;
     c46:	82 e0       	ldi	r24, 0x02	; 2
C:\Users\Utilizador\Desktop\RAFA\UNI\LABSI-LUMINOSIDADE\LABSI\PROG\PROGv1/PROGv1.ino:400
        }
    } 
    // Se estiver a contar (2) e carregar num botão -> Cancela contagem (1)
    else if (g_fix_state == 2) {
        if ((PIND & (1 << BOTAO_MAIS)) || (PIND & (1 << BOTAO_MENOS))) {
            g_fix_state = 1;
     c48:	80 93 72 04 	sts	0x0472, r24	; 0x800472 <g_fix_state>
servo_led_hybrid_control():
C:\Users\Utilizador\Desktop\RAFA\UNI\LABSI-LUMINOSIDADE\LABSI\PROG\PROGv1/PROGv1.ino:411
            g_fix_state = 0;
        }
    }
}	
void servo_led_hybrid_control(void) {
    int16_t error = (int16_t)g_target_lux - (int16_t)g_averaged_lux;
     c4c:	20 91 02 01 	lds	r18, 0x0102	; 0x800102 <g_target_lux>
     c50:	30 91 03 01 	lds	r19, 0x0103	; 0x800103 <g_target_lux+0x1>
C:\Users\Utilizador\Desktop\RAFA\UNI\LABSI-LUMINOSIDADE\LABSI\PROG\PROGv1/PROGv1.ino:414
    static uint16_t led_timer = 0;

    if(g_sensor_count == 0 || g_init_state != 255) return;
     c54:	80 91 2e 04 	lds	r24, 0x042E	; 0x80042e <g_sensor_count>
     c58:	88 23       	and	r24, r24
     c5a:	09 f4       	brne	.+2      	; 0xc5e <__stack+0x35f>
     c5c:	6b c1       	rjmp	.+726    	; 0xf34 <__stack+0x635>
     c5e:	80 91 2d 04 	lds	r24, 0x042D	; 0x80042d <g_init_state>
     c62:	8f 3f       	cpi	r24, 0xFF	; 255
     c64:	09 f0       	breq	.+2      	; 0xc68 <__stack+0x369>
     c66:	66 c1       	rjmp	.+716    	; 0xf34 <__stack+0x635>
C:\Users\Utilizador\Desktop\RAFA\UNI\LABSI-LUMINOSIDADE\LABSI\PROG\PROGv1/PROGv1.ino:411
            g_fix_state = 0;
        }
    }
}	
void servo_led_hybrid_control(void) {
    int16_t error = (int16_t)g_target_lux - (int16_t)g_averaged_lux;
     c68:	40 91 7d 04 	lds	r20, 0x047D	; 0x80047d <g_averaged_lux>
     c6c:	50 91 7e 04 	lds	r21, 0x047E	; 0x80047e <g_averaged_lux+0x1>
C:\Users\Utilizador\Desktop\RAFA\UNI\LABSI-LUMINOSIDADE\LABSI\PROG\PROGv1/PROGv1.ino:417
    static uint16_t led_timer = 0;

    if(g_sensor_count == 0 || g_init_state != 255) return;

    // 1. LIMITES PRIMEIRO
    if (g_blind1_pos >= BLIND1_MAX_TICKS) control_motor_1(PARAR);
     c70:	40 90 79 04 	lds	r4, 0x0479	; 0x800479 <g_blind1_pos>
     c74:	50 90 7a 04 	lds	r5, 0x047A	; 0x80047a <g_blind1_pos+0x1>
     c78:	60 90 7b 04 	lds	r6, 0x047B	; 0x80047b <g_blind1_pos+0x2>
     c7c:	70 90 7c 04 	lds	r7, 0x047C	; 0x80047c <g_blind1_pos+0x3>
     c80:	88 e3       	ldi	r24, 0x38	; 56
     c82:	48 16       	cp	r4, r24
     c84:	88 e1       	ldi	r24, 0x18	; 24
     c86:	58 06       	cpc	r5, r24
     c88:	61 04       	cpc	r6, r1
     c8a:	71 04       	cpc	r7, r1
     c8c:	0c f4       	brge	.+2      	; 0xc90 <__stack+0x391>
     c8e:	c1 c0       	rjmp	.+386    	; 0xe12 <__stack+0x513>
control_motor_1():
C:\Users\Utilizador\Desktop\RAFA\UNI\LABSI-LUMINOSIDADE\LABSI\PROG\PROGv1/PROGv1.ino:767
            break;
        case FECHAR:
            valor_pwm = 196;
            break;
    }
    OCR1B = valor_pwm;
     c90:	10 93 8b 00 	sts	0x008B, r17	; 0x80008b <__DATA_REGION_ORIGIN__+0x2b>
     c94:	00 93 8a 00 	sts	0x008A, r16	; 0x80008a <__DATA_REGION_ORIGIN__+0x2a>
     c98:	c2 c0       	rjmp	.+388    	; 0xe1e <__stack+0x51f>
check_uart_cmds():
C:\Users\Utilizador\Desktop\RAFA\UNI\LABSI-LUMINOSIDADE\LABSI\PROG\PROGv1/PROGv1.ino:344
            case 'M': if(g_operating_mode!=1){g_operating_mode=1;g_mode_changed=1;buzzer_bips(1);control_motor_1(PARAR);control_motor_2(PARAR);set_led_brightness(0);} break;
            case 'U': if(g_operating_mode==0){
							if(g_target_lux<LUX_MAX)g_target_lux+=LUX_STEP;
							g_last_setpoint_value=g_target_lux;
							}else{
								if(g_led_brightness<255)set_led_brightness(g_led_brightness+10);
     c9a:	80 91 2f 04 	lds	r24, 0x042F	; 0x80042f <g_led_brightness>
     c9e:	8f 3f       	cpi	r24, 0xFF	; 255
     ca0:	09 f0       	breq	.+2      	; 0xca4 <__stack+0x3a5>
     ca2:	86 5f       	subi	r24, 0xF6	; 246
set_led_brightness():
C:\Users\Utilizador\Desktop\RAFA\UNI\LABSI-LUMINOSIDADE\LABSI\PROG\PROGv1/PROGv1.ino:820
				}else set_led_brightness(0);
    }
}
void set_led_brightness(uint8_t brightness) {
    if (brightness > MAX_LED_PWM) brightness = MAX_LED_PWM;
    OCR2A = brightness;
     ca4:	80 93 b3 00 	sts	0x00B3, r24	; 0x8000b3 <__DATA_REGION_ORIGIN__+0x53>
C:\Users\Utilizador\Desktop\RAFA\UNI\LABSI-LUMINOSIDADE\LABSI\PROG\PROGv1/PROGv1.ino:821
    g_led_brightness = brightness;
     ca8:	80 93 2f 04 	sts	0x042F, r24	; 0x80042f <g_led_brightness>
     cac:	12 cf       	rjmp	.-476    	; 0xad2 <__stack+0x1d3>
check_uart_cmds():
C:\Users\Utilizador\Desktop\RAFA\UNI\LABSI-LUMINOSIDADE\LABSI\PROG\PROGv1/PROGv1.ino:347
							g_last_setpoint_value=g_target_lux;
							}else{
								if(g_led_brightness<255)set_led_brightness(g_led_brightness+10);
								else set_led_brightness(255);}
								break;
            case 'D': if(g_operating_mode==0){if(g_target_lux>LUX_MIN)g_target_lux-=LUX_STEP;g_last_setpoint_value=g_target_lux;}else{if(g_led_brightness>25)set_led_brightness(g_led_brightness-10);else set_led_brightness(0);} break;
     cae:	80 91 06 01 	lds	r24, 0x0106	; 0x800106 <g_operating_mode>
     cb2:	81 11       	cpse	r24, r1
     cb4:	0d c0       	rjmp	.+26     	; 0xcd0 <__stack+0x3d1>
     cb6:	80 91 02 01 	lds	r24, 0x0102	; 0x800102 <g_target_lux>
     cba:	90 91 03 01 	lds	r25, 0x0103	; 0x800103 <g_target_lux+0x1>
     cbe:	89 2b       	or	r24, r25
     cc0:	09 f4       	brne	.+2      	; 0xcc4 <__stack+0x3c5>
     cc2:	ff ce       	rjmp	.-514    	; 0xac2 <__stack+0x1c3>
     cc4:	80 91 02 01 	lds	r24, 0x0102	; 0x800102 <g_target_lux>
     cc8:	90 91 03 01 	lds	r25, 0x0103	; 0x800103 <g_target_lux+0x1>
     ccc:	c2 97       	sbiw	r24, 0x32	; 50
     cce:	f5 ce       	rjmp	.-534    	; 0xaba <__stack+0x1bb>
     cd0:	80 91 2f 04 	lds	r24, 0x042F	; 0x80042f <g_led_brightness>
     cd4:	8a 31       	cpi	r24, 0x1A	; 26
     cd6:	08 f4       	brcc	.+2      	; 0xcda <__stack+0x3db>
     cd8:	db ce       	rjmp	.-586    	; 0xa90 <__stack+0x191>
     cda:	8a 50       	subi	r24, 0x0A	; 10
     cdc:	e3 cf       	rjmp	.-58     	; 0xca4 <__stack+0x3a5>
C:\Users\Utilizador\Desktop\RAFA\UNI\LABSI-LUMINOSIDADE\LABSI\PROG\PROGv1/PROGv1.ino:348
            case 'O': if(g_operating_mode==1)control_motor_1(ABRIR); break;
     cde:	80 91 06 01 	lds	r24, 0x0106	; 0x800106 <g_operating_mode>
     ce2:	81 30       	cpi	r24, 0x01	; 1
     ce4:	09 f0       	breq	.+2      	; 0xce8 <__stack+0x3e9>
     ce6:	f5 ce       	rjmp	.-534    	; 0xad2 <__stack+0x1d3>
control_motor_1():
C:\Users\Utilizador\Desktop\RAFA\UNI\LABSI-LUMINOSIDADE\LABSI\PROG\PROGv1/PROGv1.ino:753
	// Interrupção de PC1 (botão touch)
	PCICR |= (1 << PCIE1);
	PCMSK1 |= (1 << PCINT9);
}
void control_motor_1(Servo_pos action) {
    g_motor1_action = action;
     ce8:	d0 92 0a 01 	sts	0x010A, r13	; 0x80010a <g_motor1_action+0x1>
     cec:	c0 92 09 01 	sts	0x0109, r12	; 0x800109 <g_motor1_action>
C:\Users\Utilizador\Desktop\RAFA\UNI\LABSI-LUMINOSIDADE\LABSI\PROG\PROGv1/PROGv1.ino:767
            break;
        case FECHAR:
            valor_pwm = 196;
            break;
    }
    OCR1B = valor_pwm;
     cf0:	30 92 8b 00 	sts	0x008B, r3	; 0x80008b <__DATA_REGION_ORIGIN__+0x2b>
     cf4:	20 92 8a 00 	sts	0x008A, r2	; 0x80008a <__DATA_REGION_ORIGIN__+0x2a>
     cf8:	ec ce       	rjmp	.-552    	; 0xad2 <__stack+0x1d3>
check_uart_cmds():
C:\Users\Utilizador\Desktop\RAFA\UNI\LABSI-LUMINOSIDADE\LABSI\PROG\PROGv1/PROGv1.ino:349
								if(g_led_brightness<255)set_led_brightness(g_led_brightness+10);
								else set_led_brightness(255);}
								break;
            case 'D': if(g_operating_mode==0){if(g_target_lux>LUX_MIN)g_target_lux-=LUX_STEP;g_last_setpoint_value=g_target_lux;}else{if(g_led_brightness>25)set_led_brightness(g_led_brightness-10);else set_led_brightness(0);} break;
            case 'O': if(g_operating_mode==1)control_motor_1(ABRIR); break;
            case 'C': if(g_operating_mode==1)control_motor_1(FECHAR); break;
     cfa:	80 91 06 01 	lds	r24, 0x0106	; 0x800106 <g_operating_mode>
     cfe:	81 30       	cpi	r24, 0x01	; 1
     d00:	09 f0       	breq	.+2      	; 0xd04 <__stack+0x405>
     d02:	e7 ce       	rjmp	.-562    	; 0xad2 <__stack+0x1d3>
control_motor_1():
C:\Users\Utilizador\Desktop\RAFA\UNI\LABSI-LUMINOSIDADE\LABSI\PROG\PROGv1/PROGv1.ino:753
	// Interrupção de PC1 (botão touch)
	PCICR |= (1 << PCIE1);
	PCMSK1 |= (1 << PCINT9);
}
void control_motor_1(Servo_pos action) {
    g_motor1_action = action;
     d04:	10 92 0a 01 	sts	0x010A, r1	; 0x80010a <g_motor1_action+0x1>
     d08:	10 92 09 01 	sts	0x0109, r1	; 0x800109 <g_motor1_action>
C:\Users\Utilizador\Desktop\RAFA\UNI\LABSI-LUMINOSIDADE\LABSI\PROG\PROGv1/PROGv1.ino:767
            break;
        case FECHAR:
            valor_pwm = 196;
            break;
    }
    OCR1B = valor_pwm;
     d0c:	84 ec       	ldi	r24, 0xC4	; 196
     d0e:	90 e0       	ldi	r25, 0x00	; 0
     d10:	90 93 8b 00 	sts	0x008B, r25	; 0x80008b <__DATA_REGION_ORIGIN__+0x2b>
     d14:	80 93 8a 00 	sts	0x008A, r24	; 0x80008a <__DATA_REGION_ORIGIN__+0x2a>
     d18:	dc ce       	rjmp	.-584    	; 0xad2 <__stack+0x1d3>
check_uart_cmds():
C:\Users\Utilizador\Desktop\RAFA\UNI\LABSI-LUMINOSIDADE\LABSI\PROG\PROGv1/PROGv1.ino:350
								else set_led_brightness(255);}
								break;
            case 'D': if(g_operating_mode==0){if(g_target_lux>LUX_MIN)g_target_lux-=LUX_STEP;g_last_setpoint_value=g_target_lux;}else{if(g_led_brightness>25)set_led_brightness(g_led_brightness-10);else set_led_brightness(0);} break;
            case 'O': if(g_operating_mode==1)control_motor_1(ABRIR); break;
            case 'C': if(g_operating_mode==1)control_motor_1(FECHAR); break;
            case 'S': if(g_operating_mode==1)control_motor_1(PARAR); break;
     d1a:	80 91 06 01 	lds	r24, 0x0106	; 0x800106 <g_operating_mode>
     d1e:	81 30       	cpi	r24, 0x01	; 1
     d20:	09 f0       	breq	.+2      	; 0xd24 <__stack+0x425>
     d22:	d7 ce       	rjmp	.-594    	; 0xad2 <__stack+0x1d3>
control_motor_1():
C:\Users\Utilizador\Desktop\RAFA\UNI\LABSI-LUMINOSIDADE\LABSI\PROG\PROGv1/PROGv1.ino:753
	// Interrupção de PC1 (botão touch)
	PCICR |= (1 << PCIE1);
	PCMSK1 |= (1 << PCINT9);
}
void control_motor_1(Servo_pos action) {
    g_motor1_action = action;
     d24:	f0 92 0a 01 	sts	0x010A, r15	; 0x80010a <g_motor1_action+0x1>
     d28:	e0 92 09 01 	sts	0x0109, r14	; 0x800109 <g_motor1_action>
C:\Users\Utilizador\Desktop\RAFA\UNI\LABSI-LUMINOSIDADE\LABSI\PROG\PROGv1/PROGv1.ino:767
            break;
        case FECHAR:
            valor_pwm = 196;
            break;
    }
    OCR1B = valor_pwm;
     d2c:	10 93 8b 00 	sts	0x008B, r17	; 0x80008b <__DATA_REGION_ORIGIN__+0x2b>
     d30:	00 93 8a 00 	sts	0x008A, r16	; 0x80008a <__DATA_REGION_ORIGIN__+0x2a>
     d34:	ce ce       	rjmp	.-612    	; 0xad2 <__stack+0x1d3>
check_uart_cmds():
C:\Users\Utilizador\Desktop\RAFA\UNI\LABSI-LUMINOSIDADE\LABSI\PROG\PROGv1/PROGv1.ino:351
								break;
            case 'D': if(g_operating_mode==0){if(g_target_lux>LUX_MIN)g_target_lux-=LUX_STEP;g_last_setpoint_value=g_target_lux;}else{if(g_led_brightness>25)set_led_brightness(g_led_brightness-10);else set_led_brightness(0);} break;
            case 'O': if(g_operating_mode==1)control_motor_1(ABRIR); break;
            case 'C': if(g_operating_mode==1)control_motor_1(FECHAR); break;
            case 'S': if(g_operating_mode==1)control_motor_1(PARAR); break;
						case 'X': if(g_operating_mode==1)control_motor_2(ABRIR); break;
     d36:	80 91 06 01 	lds	r24, 0x0106	; 0x800106 <g_operating_mode>
     d3a:	81 30       	cpi	r24, 0x01	; 1
     d3c:	09 f0       	breq	.+2      	; 0xd40 <__stack+0x441>
     d3e:	c9 ce       	rjmp	.-622    	; 0xad2 <__stack+0x1d3>
control_motor_2():
C:\Users\Utilizador\Desktop\RAFA\UNI\LABSI-LUMINOSIDADE\LABSI\PROG\PROGv1/PROGv1.ino:770
            break;
    }
    OCR1B = valor_pwm;
}
void control_motor_2(Servo_pos action) {
    g_motor2_action = action;
     d40:	d0 92 08 01 	sts	0x0108, r13	; 0x800108 <g_motor2_action+0x1>
     d44:	c0 92 07 01 	sts	0x0107, r12	; 0x800107 <g_motor2_action>
C:\Users\Utilizador\Desktop\RAFA\UNI\LABSI-LUMINOSIDADE\LABSI\PROG\PROGv1/PROGv1.ino:784
			break;
		case FECHAR:
			valor_pwm = 197;
			break;
	}
	OCR1A = valor_pwm;
     d48:	29 ea       	ldi	r18, 0xA9	; 169
     d4a:	30 e0       	ldi	r19, 0x00	; 0
     d4c:	30 93 89 00 	sts	0x0089, r19	; 0x800089 <__DATA_REGION_ORIGIN__+0x29>
     d50:	20 93 88 00 	sts	0x0088, r18	; 0x800088 <__DATA_REGION_ORIGIN__+0x28>
     d54:	be ce       	rjmp	.-644    	; 0xad2 <__stack+0x1d3>
check_uart_cmds():
C:\Users\Utilizador\Desktop\RAFA\UNI\LABSI-LUMINOSIDADE\LABSI\PROG\PROGv1/PROGv1.ino:352
            case 'D': if(g_operating_mode==0){if(g_target_lux>LUX_MIN)g_target_lux-=LUX_STEP;g_last_setpoint_value=g_target_lux;}else{if(g_led_brightness>25)set_led_brightness(g_led_brightness-10);else set_led_brightness(0);} break;
            case 'O': if(g_operating_mode==1)control_motor_1(ABRIR); break;
            case 'C': if(g_operating_mode==1)control_motor_1(FECHAR); break;
            case 'S': if(g_operating_mode==1)control_motor_1(PARAR); break;
						case 'X': if(g_operating_mode==1)control_motor_2(ABRIR); break;
            case 'F': if(g_operating_mode==1)control_motor_2(FECHAR); break;
     d56:	80 91 06 01 	lds	r24, 0x0106	; 0x800106 <g_operating_mode>
     d5a:	81 30       	cpi	r24, 0x01	; 1
     d5c:	09 f0       	breq	.+2      	; 0xd60 <__stack+0x461>
     d5e:	b9 ce       	rjmp	.-654    	; 0xad2 <__stack+0x1d3>
control_motor_2():
C:\Users\Utilizador\Desktop\RAFA\UNI\LABSI-LUMINOSIDADE\LABSI\PROG\PROGv1/PROGv1.ino:770
            break;
    }
    OCR1B = valor_pwm;
}
void control_motor_2(Servo_pos action) {
    g_motor2_action = action;
     d60:	10 92 08 01 	sts	0x0108, r1	; 0x800108 <g_motor2_action+0x1>
     d64:	10 92 07 01 	sts	0x0107, r1	; 0x800107 <g_motor2_action>
C:\Users\Utilizador\Desktop\RAFA\UNI\LABSI-LUMINOSIDADE\LABSI\PROG\PROGv1/PROGv1.ino:784
			break;
		case FECHAR:
			valor_pwm = 197;
			break;
	}
	OCR1A = valor_pwm;
     d68:	85 ec       	ldi	r24, 0xC5	; 197
     d6a:	90 e0       	ldi	r25, 0x00	; 0
     d6c:	90 93 89 00 	sts	0x0089, r25	; 0x800089 <__DATA_REGION_ORIGIN__+0x29>
     d70:	80 93 88 00 	sts	0x0088, r24	; 0x800088 <__DATA_REGION_ORIGIN__+0x28>
     d74:	ae ce       	rjmp	.-676    	; 0xad2 <__stack+0x1d3>
check_uart_cmds():
C:\Users\Utilizador\Desktop\RAFA\UNI\LABSI-LUMINOSIDADE\LABSI\PROG\PROGv1/PROGv1.ino:353
            case 'O': if(g_operating_mode==1)control_motor_1(ABRIR); break;
            case 'C': if(g_operating_mode==1)control_motor_1(FECHAR); break;
            case 'S': if(g_operating_mode==1)control_motor_1(PARAR); break;
						case 'X': if(g_operating_mode==1)control_motor_2(ABRIR); break;
            case 'F': if(g_operating_mode==1)control_motor_2(FECHAR); break;
            case 'P': if(g_operating_mode==1)control_motor_2(PARAR); break;
     d76:	80 91 06 01 	lds	r24, 0x0106	; 0x800106 <g_operating_mode>
     d7a:	81 30       	cpi	r24, 0x01	; 1
     d7c:	09 f0       	breq	.+2      	; 0xd80 <__stack+0x481>
     d7e:	a9 ce       	rjmp	.-686    	; 0xad2 <__stack+0x1d3>
     d80:	63 ce       	rjmp	.-826    	; 0xa48 <__stack+0x149>
main():
C:\Users\Utilizador\Desktop\RAFA\UNI\LABSI-LUMINOSIDADE\LABSI\PROG\PROGv1/PROGv1.ino:1043
				g_averaged_lux = average_lux(g_lux_value);
				check_uart_cmds();
				
        // Rastreamento Posição
        if(g_motor1_action==ABRIR && g_blind1_pos<BLIND1_MAX_TICKS) g_blind1_pos+=STEP_OPEN;
        else if(g_motor1_action==FECHAR && g_blind1_pos>0) g_blind1_pos-=STEP_CLOSE;
     d82:	23 2b       	or	r18, r19
     d84:	09 f0       	breq	.+2      	; 0xd88 <__stack+0x489>
     d86:	c6 ce       	rjmp	.-628    	; 0xb14 <__stack+0x215>
     d88:	18 16       	cp	r1, r24
     d8a:	19 06       	cpc	r1, r25
     d8c:	1a 06       	cpc	r1, r26
     d8e:	1b 06       	cpc	r1, r27
     d90:	0c f0       	brlt	.+2      	; 0xd94 <__stack+0x495>
     d92:	c0 ce       	rjmp	.-640    	; 0xb14 <__stack+0x215>
     d94:	0a 97       	sbiw	r24, 0x0a	; 10
     d96:	a1 09       	sbc	r26, r1
     d98:	b1 09       	sbc	r27, r1
     d9a:	b4 ce       	rjmp	.-664    	; 0xb04 <__stack+0x205>
C:\Users\Utilizador\Desktop\RAFA\UNI\LABSI-LUMINOSIDADE\LABSI\PROG\PROGv1/PROGv1.ino:1046
        
        if(g_motor2_action==ABRIR && g_blind2_pos<BLIND2_MAX_TICKS) g_blind2_pos+=STEP_OPEN;
        else if(g_motor2_action==FECHAR && g_blind2_pos>0) g_blind2_pos-=STEP_CLOSE;
     d9c:	89 2b       	or	r24, r25
     d9e:	09 f0       	breq	.+2      	; 0xda2 <__stack+0x4a3>
     da0:	da ce       	rjmp	.-588    	; 0xb56 <__stack+0x257>
     da2:	80 91 75 04 	lds	r24, 0x0475	; 0x800475 <g_blind2_pos>
     da6:	90 91 76 04 	lds	r25, 0x0476	; 0x800476 <g_blind2_pos+0x1>
     daa:	a0 91 77 04 	lds	r26, 0x0477	; 0x800477 <g_blind2_pos+0x2>
     dae:	b0 91 78 04 	lds	r27, 0x0478	; 0x800478 <g_blind2_pos+0x3>
     db2:	18 16       	cp	r1, r24
     db4:	19 06       	cpc	r1, r25
     db6:	1a 06       	cpc	r1, r26
     db8:	1b 06       	cpc	r1, r27
     dba:	0c f0       	brlt	.+2      	; 0xdbe <__stack+0x4bf>
     dbc:	cc ce       	rjmp	.-616    	; 0xb56 <__stack+0x257>
     dbe:	0a 97       	sbiw	r24, 0x0a	; 10
     dc0:	a1 09       	sbc	r26, r1
     dc2:	b1 09       	sbc	r27, r1
     dc4:	c0 ce       	rjmp	.-640    	; 0xb46 <__stack+0x247>
adjust_setpoint_control():
C:\Users\Utilizador\Desktop\RAFA\UNI\LABSI-LUMINOSIDADE\LABSI\PROG\PROGv1/PROGv1.ino:362
void adjust_setpoint_control(void) {
    // --- BOTÃO MAIS (UP) COM DEBOUNCE ---
    if (PIND & (1 << BOTAO_MAIS)) {
        if (g_up_debounce < DEBOUNCE_TICKS + 1) g_up_debounce++;
    } else {
        g_up_debounce = 0;
     dc6:	10 92 2a 04 	sts	0x042A, r1	; 0x80042a <g_up_debounce>
     dca:	e2 ce       	rjmp	.-572    	; 0xb90 <__stack+0x291>
C:\Users\Utilizador\Desktop\RAFA\UNI\LABSI-LUMINOSIDADE\LABSI\PROG\PROGv1/PROGv1.ino:378

    // --- BOTÃO MENOS (DOWN) COM DEBOUNCE ---
    if (PIND & (1 << BOTAO_MENOS)) {
        if (g_down_debounce < DEBOUNCE_TICKS + 1) g_down_debounce++;
    } else {
        g_down_debounce = 0;
     dcc:	10 92 29 04 	sts	0x0429, r1	; 0x800429 <g_down_debounce>
     dd0:	0a cf       	rjmp	.-492    	; 0xbe6 <__stack+0x2e7>
C:\Users\Utilizador\Desktop\RAFA\UNI\LABSI-LUMINOSIDADE\LABSI\PROG\PROGv1/PROGv1.ino:398
            g_fix_timer = FIX_TIME_TICKS;
            g_fix_state = 2;
        }
    } 
    // Se estiver a contar (2) e carregar num botão -> Cancela contagem (1)
    else if (g_fix_state == 2) {
     dd2:	80 91 72 04 	lds	r24, 0x0472	; 0x800472 <g_fix_state>
     dd6:	82 30       	cpi	r24, 0x02	; 2
     dd8:	09 f0       	breq	.+2      	; 0xddc <__stack+0x4dd>
     dda:	38 cf       	rjmp	.-400    	; 0xc4c <__stack+0x34d>
C:\Users\Utilizador\Desktop\RAFA\UNI\LABSI-LUMINOSIDADE\LABSI\PROG\PROGv1/PROGv1.ino:399
        if ((PIND & (1 << BOTAO_MAIS)) || (PIND & (1 << BOTAO_MENOS))) {
     ddc:	4c 99       	sbic	0x09, 4	; 9
     dde:	17 c0       	rjmp	.+46     	; 0xe0e <__stack+0x50f>
     de0:	4f 99       	sbic	0x09, 7	; 9
     de2:	15 c0       	rjmp	.+42     	; 0xe0e <__stack+0x50f>
C:\Users\Utilizador\Desktop\RAFA\UNI\LABSI-LUMINOSIDADE\LABSI\PROG\PROGv1/PROGv1.ino:402
            g_fix_state = 1;
						return;
        } else if (g_fix_timer == 0) {
     de4:	80 91 27 04 	lds	r24, 0x0427	; 0x800427 <g_fix_timer>
     de8:	90 91 28 04 	lds	r25, 0x0428	; 0x800428 <g_fix_timer+0x1>
     dec:	89 2b       	or	r24, r25
     dee:	09 f0       	breq	.+2      	; 0xdf2 <__stack+0x4f3>
     df0:	2d cf       	rjmp	.-422    	; 0xc4c <__stack+0x34d>
C:\Users\Utilizador\Desktop\RAFA\UNI\LABSI-LUMINOSIDADE\LABSI\PROG\PROGv1/PROGv1.ino:404
            // Tempo acabou: Fixa valor
            g_target_lux = g_last_setpoint_value;
     df2:	80 91 04 01 	lds	r24, 0x0104	; 0x800104 <g_last_setpoint_value>
     df6:	90 91 05 01 	lds	r25, 0x0105	; 0x800105 <g_last_setpoint_value+0x1>
     dfa:	90 93 03 01 	sts	0x0103, r25	; 0x800103 <g_target_lux+0x1>
     dfe:	80 93 02 01 	sts	0x0102, r24	; 0x800102 <g_target_lux>
C:\Users\Utilizador\Desktop\RAFA\UNI\LABSI-LUMINOSIDADE\LABSI\PROG\PROGv1/PROGv1.ino:405
            buzzer_bips(2);
     e02:	82 e0       	ldi	r24, 0x02	; 2
     e04:	0e 94 4c 01 	call	0x298	; 0x298 <buzzer_bips(unsigned char)>
C:\Users\Utilizador\Desktop\RAFA\UNI\LABSI-LUMINOSIDADE\LABSI\PROG\PROGv1/PROGv1.ino:406
            g_fix_state = 0;
     e08:	10 92 72 04 	sts	0x0472, r1	; 0x800472 <g_fix_state>
     e0c:	1f cf       	rjmp	.-450    	; 0xc4c <__stack+0x34d>
C:\Users\Utilizador\Desktop\RAFA\UNI\LABSI-LUMINOSIDADE\LABSI\PROG\PROGv1/PROGv1.ino:400
        }
    } 
    // Se estiver a contar (2) e carregar num botão -> Cancela contagem (1)
    else if (g_fix_state == 2) {
        if ((PIND & (1 << BOTAO_MAIS)) || (PIND & (1 << BOTAO_MENOS))) {
            g_fix_state = 1;
     e0e:	81 e0       	ldi	r24, 0x01	; 1
     e10:	1b cf       	rjmp	.-458    	; 0xc48 <__stack+0x349>
servo_led_hybrid_control():
C:\Users\Utilizador\Desktop\RAFA\UNI\LABSI-LUMINOSIDADE\LABSI\PROG\PROGv1/PROGv1.ino:418

    if(g_sensor_count == 0 || g_init_state != 255) return;

    // 1. LIMITES PRIMEIRO
    if (g_blind1_pos >= BLIND1_MAX_TICKS) control_motor_1(PARAR);
    if (g_blind1_pos <= 0)                control_motor_1(PARAR);
     e12:	14 14       	cp	r1, r4
     e14:	15 04       	cpc	r1, r5
     e16:	16 04       	cpc	r1, r6
     e18:	17 04       	cpc	r1, r7
     e1a:	0c f0       	brlt	.+2      	; 0xe1e <__stack+0x51f>
     e1c:	39 cf       	rjmp	.-398    	; 0xc90 <__stack+0x391>
C:\Users\Utilizador\Desktop\RAFA\UNI\LABSI-LUMINOSIDADE\LABSI\PROG\PROGv1/PROGv1.ino:419
    if (g_blind2_pos >= BLIND2_MAX_TICKS) control_motor_2(PARAR);
     e1e:	80 91 75 04 	lds	r24, 0x0475	; 0x800475 <g_blind2_pos>
     e22:	90 91 76 04 	lds	r25, 0x0476	; 0x800476 <g_blind2_pos+0x1>
     e26:	a0 91 77 04 	lds	r26, 0x0477	; 0x800477 <g_blind2_pos+0x2>
     e2a:	b0 91 78 04 	lds	r27, 0x0478	; 0x800478 <g_blind2_pos+0x3>
     e2e:	84 3e       	cpi	r24, 0xE4	; 228
     e30:	6c e0       	ldi	r22, 0x0C	; 12
     e32:	96 07       	cpc	r25, r22
     e34:	a1 05       	cpc	r26, r1
     e36:	b1 05       	cpc	r27, r1
     e38:	2c f0       	brlt	.+10     	; 0xe44 <__stack+0x545>
control_motor_2():
C:\Users\Utilizador\Desktop\RAFA\UNI\LABSI-LUMINOSIDADE\LABSI\PROG\PROGv1/PROGv1.ino:784
			break;
		case FECHAR:
			valor_pwm = 197;
			break;
	}
	OCR1A = valor_pwm;
     e3a:	10 93 89 00 	sts	0x0089, r17	; 0x800089 <__DATA_REGION_ORIGIN__+0x29>
     e3e:	00 93 88 00 	sts	0x0088, r16	; 0x800088 <__DATA_REGION_ORIGIN__+0x28>
     e42:	05 c0       	rjmp	.+10     	; 0xe4e <__stack+0x54f>
servo_led_hybrid_control():
C:\Users\Utilizador\Desktop\RAFA\UNI\LABSI-LUMINOSIDADE\LABSI\PROG\PROGv1/PROGv1.ino:420

    // 1. LIMITES PRIMEIRO
    if (g_blind1_pos >= BLIND1_MAX_TICKS) control_motor_1(PARAR);
    if (g_blind1_pos <= 0)                control_motor_1(PARAR);
    if (g_blind2_pos >= BLIND2_MAX_TICKS) control_motor_2(PARAR);
    if (g_blind2_pos <= 0)                control_motor_2(PARAR);
     e44:	18 16       	cp	r1, r24
     e46:	19 06       	cpc	r1, r25
     e48:	1a 06       	cpc	r1, r26
     e4a:	1b 06       	cpc	r1, r27
     e4c:	b4 f7       	brge	.-20     	; 0xe3a <__stack+0x53b>
C:\Users\Utilizador\Desktop\RAFA\UNI\LABSI-LUMINOSIDADE\LABSI\PROG\PROGv1/PROGv1.ino:411
            g_fix_state = 0;
        }
    }
}	
void servo_led_hybrid_control(void) {
    int16_t error = (int16_t)g_target_lux - (int16_t)g_averaged_lux;
     e4e:	24 1b       	sub	r18, r20
     e50:	35 0b       	sbc	r19, r21
C:\Users\Utilizador\Desktop\RAFA\UNI\LABSI-LUMINOSIDADE\LABSI\PROG\PROGv1/PROGv1.ino:423
    if (g_blind1_pos <= 0)                control_motor_1(PARAR);
    if (g_blind2_pos >= BLIND2_MAX_TICKS) control_motor_2(PARAR);
    if (g_blind2_pos <= 0)                control_motor_2(PARAR);

    // 2. Se estamos dentro da banda → parar tudo
    if (abs(error) <= LUX_BAND_ERROR) {
     e52:	a9 01       	movw	r20, r18
     e54:	48 5d       	subi	r20, 0xD8	; 216
     e56:	5f 4f       	sbci	r21, 0xFF	; 255
     e58:	41 35       	cpi	r20, 0x51	; 81
     e5a:	51 05       	cpc	r21, r1
     e5c:	88 f4       	brcc	.+34     	; 0xe80 <__stack+0x581>
control_motor_1():
C:\Users\Utilizador\Desktop\RAFA\UNI\LABSI-LUMINOSIDADE\LABSI\PROG\PROGv1/PROGv1.ino:753
	// Interrupção de PC1 (botão touch)
	PCICR |= (1 << PCIE1);
	PCMSK1 |= (1 << PCINT9);
}
void control_motor_1(Servo_pos action) {
    g_motor1_action = action;
     e5e:	f0 92 0a 01 	sts	0x010A, r15	; 0x80010a <g_motor1_action+0x1>
     e62:	e0 92 09 01 	sts	0x0109, r14	; 0x800109 <g_motor1_action>
C:\Users\Utilizador\Desktop\RAFA\UNI\LABSI-LUMINOSIDADE\LABSI\PROG\PROGv1/PROGv1.ino:767
            break;
        case FECHAR:
            valor_pwm = 196;
            break;
    }
    OCR1B = valor_pwm;
     e66:	10 93 8b 00 	sts	0x008B, r17	; 0x80008b <__DATA_REGION_ORIGIN__+0x2b>
     e6a:	00 93 8a 00 	sts	0x008A, r16	; 0x80008a <__DATA_REGION_ORIGIN__+0x2a>
control_motor_2():
C:\Users\Utilizador\Desktop\RAFA\UNI\LABSI-LUMINOSIDADE\LABSI\PROG\PROGv1/PROGv1.ino:770
}
void control_motor_2(Servo_pos action) {
    g_motor2_action = action;
     e6e:	f0 92 08 01 	sts	0x0108, r15	; 0x800108 <g_motor2_action+0x1>
     e72:	e0 92 07 01 	sts	0x0107, r14	; 0x800107 <g_motor2_action>
C:\Users\Utilizador\Desktop\RAFA\UNI\LABSI-LUMINOSIDADE\LABSI\PROG\PROGv1/PROGv1.ino:784
			break;
		case FECHAR:
			valor_pwm = 197;
			break;
	}
	OCR1A = valor_pwm;
     e76:	10 93 89 00 	sts	0x0089, r17	; 0x800089 <__DATA_REGION_ORIGIN__+0x29>
     e7a:	00 93 88 00 	sts	0x0088, r16	; 0x800088 <__DATA_REGION_ORIGIN__+0x28>
     e7e:	5a c0       	rjmp	.+180    	; 0xf34 <__stack+0x635>
servo_led_hybrid_control():
C:\Users\Utilizador\Desktop\RAFA\UNI\LABSI-LUMINOSIDADE\LABSI\PROG\PROGv1/PROGv1.ino:430
        control_motor_2(PARAR);
        return;
    }

    // 3. FALTA LUZ → abrir
    if (error > LUX_BAND_ERROR) {
     e80:	29 32       	cpi	r18, 0x29	; 41
     e82:	31 05       	cpc	r19, r1
     e84:	0c f4       	brge	.+2      	; 0xe88 <__stack+0x589>
     e86:	4b c1       	rjmp	.+662    	; 0x111e <__stack+0x81f>
C:\Users\Utilizador\Desktop\RAFA\UNI\LABSI-LUMINOSIDADE\LABSI\PROG\PROGv1/PROGv1.ino:432

        if (g_blind1_pos < BLIND1_MAX_TICKS) {
     e88:	28 e3       	ldi	r18, 0x38	; 56
     e8a:	42 16       	cp	r4, r18
     e8c:	28 e1       	ldi	r18, 0x18	; 24
     e8e:	52 06       	cpc	r5, r18
     e90:	61 04       	cpc	r6, r1
     e92:	71 04       	cpc	r7, r1
     e94:	ac f4       	brge	.+42     	; 0xec0 <__stack+0x5c1>
control_motor_1():
C:\Users\Utilizador\Desktop\RAFA\UNI\LABSI-LUMINOSIDADE\LABSI\PROG\PROGv1/PROGv1.ino:753
	// Interrupção de PC1 (botão touch)
	PCICR |= (1 << PCIE1);
	PCMSK1 |= (1 << PCINT9);
}
void control_motor_1(Servo_pos action) {
    g_motor1_action = action;
     e96:	d0 92 0a 01 	sts	0x010A, r13	; 0x80010a <g_motor1_action+0x1>
     e9a:	c0 92 09 01 	sts	0x0109, r12	; 0x800109 <g_motor1_action>
C:\Users\Utilizador\Desktop\RAFA\UNI\LABSI-LUMINOSIDADE\LABSI\PROG\PROGv1/PROGv1.ino:767
            break;
        case FECHAR:
            valor_pwm = 196;
            break;
    }
    OCR1B = valor_pwm;
     e9e:	30 92 8b 00 	sts	0x008B, r3	; 0x80008b <__DATA_REGION_ORIGIN__+0x2b>
     ea2:	20 92 8a 00 	sts	0x008A, r2	; 0x80008a <__DATA_REGION_ORIGIN__+0x2a>
control_motor_2():
C:\Users\Utilizador\Desktop\RAFA\UNI\LABSI-LUMINOSIDADE\LABSI\PROG\PROGv1/PROGv1.ino:770
}
void control_motor_2(Servo_pos action) {
    g_motor2_action = action;
     ea6:	f0 92 08 01 	sts	0x0108, r15	; 0x800108 <g_motor2_action+0x1>
     eaa:	e0 92 07 01 	sts	0x0107, r14	; 0x800107 <g_motor2_action>
C:\Users\Utilizador\Desktop\RAFA\UNI\LABSI-LUMINOSIDADE\LABSI\PROG\PROGv1/PROGv1.ino:784
			break;
		case FECHAR:
			valor_pwm = 197;
			break;
	}
	OCR1A = valor_pwm;
     eae:	10 93 89 00 	sts	0x0089, r17	; 0x800089 <__DATA_REGION_ORIGIN__+0x29>
     eb2:	00 93 88 00 	sts	0x0088, r16	; 0x800088 <__DATA_REGION_ORIGIN__+0x28>
set_led_brightness():
C:\Users\Utilizador\Desktop\RAFA\UNI\LABSI-LUMINOSIDADE\LABSI\PROG\PROGv1/PROGv1.ino:820
				}else set_led_brightness(0);
    }
}
void set_led_brightness(uint8_t brightness) {
    if (brightness > MAX_LED_PWM) brightness = MAX_LED_PWM;
    OCR2A = brightness;
     eb6:	10 92 b3 00 	sts	0x00B3, r1	; 0x8000b3 <__DATA_REGION_ORIGIN__+0x53>
C:\Users\Utilizador\Desktop\RAFA\UNI\LABSI-LUMINOSIDADE\LABSI\PROG\PROGv1/PROGv1.ino:821
    g_led_brightness = brightness;
     eba:	10 92 2f 04 	sts	0x042F, r1	; 0x80042f <g_led_brightness>
     ebe:	3a c0       	rjmp	.+116    	; 0xf34 <__stack+0x635>
control_motor_1():
C:\Users\Utilizador\Desktop\RAFA\UNI\LABSI-LUMINOSIDADE\LABSI\PROG\PROGv1/PROGv1.ino:753
	// Interrupção de PC1 (botão touch)
	PCICR |= (1 << PCIE1);
	PCMSK1 |= (1 << PCINT9);
}
void control_motor_1(Servo_pos action) {
    g_motor1_action = action;
     ec0:	f0 92 0a 01 	sts	0x010A, r15	; 0x80010a <g_motor1_action+0x1>
     ec4:	e0 92 09 01 	sts	0x0109, r14	; 0x800109 <g_motor1_action>
C:\Users\Utilizador\Desktop\RAFA\UNI\LABSI-LUMINOSIDADE\LABSI\PROG\PROGv1/PROGv1.ino:767
            break;
        case FECHAR:
            valor_pwm = 196;
            break;
    }
    OCR1B = valor_pwm;
     ec8:	10 93 8b 00 	sts	0x008B, r17	; 0x80008b <__DATA_REGION_ORIGIN__+0x2b>
     ecc:	00 93 8a 00 	sts	0x008A, r16	; 0x80008a <__DATA_REGION_ORIGIN__+0x2a>
servo_led_hybrid_control():
C:\Users\Utilizador\Desktop\RAFA\UNI\LABSI-LUMINOSIDADE\LABSI\PROG\PROGv1/PROGv1.ino:437
        if (g_blind1_pos < BLIND1_MAX_TICKS) {
            control_motor_1(ABRIR);
            control_motor_2(PARAR);
            set_led_brightness(0);
        }
        else if (g_blind2_pos < BLIND2_MAX_TICKS) {
     ed0:	84 3e       	cpi	r24, 0xE4	; 228
     ed2:	9c 40       	sbci	r25, 0x0C	; 12
     ed4:	a1 05       	cpc	r26, r1
     ed6:	b1 05       	cpc	r27, r1
     ed8:	5c f4       	brge	.+22     	; 0xef0 <__stack+0x5f1>
control_motor_2():
C:\Users\Utilizador\Desktop\RAFA\UNI\LABSI-LUMINOSIDADE\LABSI\PROG\PROGv1/PROGv1.ino:770
            break;
    }
    OCR1B = valor_pwm;
}
void control_motor_2(Servo_pos action) {
    g_motor2_action = action;
     eda:	d0 92 08 01 	sts	0x0108, r13	; 0x800108 <g_motor2_action+0x1>
     ede:	c0 92 07 01 	sts	0x0107, r12	; 0x800107 <g_motor2_action>
C:\Users\Utilizador\Desktop\RAFA\UNI\LABSI-LUMINOSIDADE\LABSI\PROG\PROGv1/PROGv1.ino:784
			break;
		case FECHAR:
			valor_pwm = 197;
			break;
	}
	OCR1A = valor_pwm;
     ee2:	89 ea       	ldi	r24, 0xA9	; 169
     ee4:	90 e0       	ldi	r25, 0x00	; 0
     ee6:	90 93 89 00 	sts	0x0089, r25	; 0x800089 <__DATA_REGION_ORIGIN__+0x29>
     eea:	80 93 88 00 	sts	0x0088, r24	; 0x800088 <__DATA_REGION_ORIGIN__+0x28>
     eee:	e3 cf       	rjmp	.-58     	; 0xeb6 <__stack+0x5b7>
C:\Users\Utilizador\Desktop\RAFA\UNI\LABSI-LUMINOSIDADE\LABSI\PROG\PROGv1/PROGv1.ino:770
            break;
    }
    OCR1B = valor_pwm;
}
void control_motor_2(Servo_pos action) {
    g_motor2_action = action;
     ef0:	f0 92 08 01 	sts	0x0108, r15	; 0x800108 <g_motor2_action+0x1>
     ef4:	e0 92 07 01 	sts	0x0107, r14	; 0x800107 <g_motor2_action>
C:\Users\Utilizador\Desktop\RAFA\UNI\LABSI-LUMINOSIDADE\LABSI\PROG\PROGv1/PROGv1.ino:784
			break;
		case FECHAR:
			valor_pwm = 197;
			break;
	}
	OCR1A = valor_pwm;
     ef8:	10 93 89 00 	sts	0x0089, r17	; 0x800089 <__DATA_REGION_ORIGIN__+0x29>
     efc:	00 93 88 00 	sts	0x0088, r16	; 0x800088 <__DATA_REGION_ORIGIN__+0x28>
servo_led_hybrid_control():
C:\Users\Utilizador\Desktop\RAFA\UNI\LABSI-LUMINOSIDADE\LABSI\PROG\PROGv1/PROGv1.ino:446
        }
        else {
            control_motor_1(PARAR);
            control_motor_2(PARAR);

            led_timer++;
     f00:	80 91 2b 04 	lds	r24, 0x042B	; 0x80042b <servo_led_hybrid_control()::led_timer>
     f04:	90 91 2c 04 	lds	r25, 0x042C	; 0x80042c <servo_led_hybrid_control()::led_timer+0x1>
     f08:	01 96       	adiw	r24, 0x01	; 1
C:\Users\Utilizador\Desktop\RAFA\UNI\LABSI-LUMINOSIDADE\LABSI\PROG\PROGv1/PROGv1.ino:447
            if (led_timer >= LED_FADE_INTERVAL) {
     f0a:	84 36       	cpi	r24, 0x64	; 100
     f0c:	91 05       	cpc	r25, r1
     f0e:	28 f4       	brcc	.+10     	; 0xf1a <__stack+0x61b>
C:\Users\Utilizador\Desktop\RAFA\UNI\LABSI-LUMINOSIDADE\LABSI\PROG\PROGv1/PROGv1.ino:462

        if (g_led_brightness > 0) {
            control_motor_1(PARAR);
            control_motor_2(PARAR);

            led_timer++;
     f10:	90 93 2c 04 	sts	0x042C, r25	; 0x80042c <servo_led_hybrid_control()::led_timer+0x1>
     f14:	80 93 2b 04 	sts	0x042B, r24	; 0x80042b <servo_led_hybrid_control()::led_timer>
     f18:	0d c0       	rjmp	.+26     	; 0xf34 <__stack+0x635>
C:\Users\Utilizador\Desktop\RAFA\UNI\LABSI-LUMINOSIDADE\LABSI\PROG\PROGv1/PROGv1.ino:448
            control_motor_1(PARAR);
            control_motor_2(PARAR);

            led_timer++;
            if (led_timer >= LED_FADE_INTERVAL) {
                led_timer = 0;
     f1a:	10 92 2c 04 	sts	0x042C, r1	; 0x80042c <servo_led_hybrid_control()::led_timer+0x1>
     f1e:	10 92 2b 04 	sts	0x042B, r1	; 0x80042b <servo_led_hybrid_control()::led_timer>
C:\Users\Utilizador\Desktop\RAFA\UNI\LABSI-LUMINOSIDADE\LABSI\PROG\PROGv1/PROGv1.ino:449
                if (g_led_brightness < MAX_LED_PWM)
     f22:	80 91 2f 04 	lds	r24, 0x042F	; 0x80042f <g_led_brightness>
     f26:	8f 3f       	cpi	r24, 0xFF	; 255
     f28:	29 f0       	breq	.+10     	; 0xf34 <__stack+0x635>
C:\Users\Utilizador\Desktop\RAFA\UNI\LABSI-LUMINOSIDADE\LABSI\PROG\PROGv1/PROGv1.ino:450
                    set_led_brightness(g_led_brightness + 10);
     f2a:	86 5f       	subi	r24, 0xF6	; 246
set_led_brightness():
C:\Users\Utilizador\Desktop\RAFA\UNI\LABSI-LUMINOSIDADE\LABSI\PROG\PROGv1/PROGv1.ino:820
				}else set_led_brightness(0);
    }
}
void set_led_brightness(uint8_t brightness) {
    if (brightness > MAX_LED_PWM) brightness = MAX_LED_PWM;
    OCR2A = brightness;
     f2c:	80 93 b3 00 	sts	0x00B3, r24	; 0x8000b3 <__DATA_REGION_ORIGIN__+0x53>
C:\Users\Utilizador\Desktop\RAFA\UNI\LABSI-LUMINOSIDADE\LABSI\PROG\PROGv1/PROGv1.ino:821
    g_led_brightness = brightness;
     f30:	80 93 2f 04 	sts	0x042F, r24	; 0x80042f <g_led_brightness>
main():
C:\Users\Utilizador\Desktop\RAFA\UNI\LABSI-LUMINOSIDADE\LABSI\PROG\PROGv1/PROGv1.ino:1066
							sonar_tick = 0;
							update_manual_gestures();
						}
				}
				// 3. ATUALIZAÇÃO DO DISPLAY (100ms)
				if(g_display_counter >= 10) {
     f34:	80 91 73 04 	lds	r24, 0x0473	; 0x800473 <g_display_counter>
     f38:	8a 30       	cpi	r24, 0x0A	; 10
     f3a:	08 f4       	brcc	.+2      	; 0xf3e <__stack+0x63f>
     f3c:	21 cc       	rjmp	.-1982   	; 0x780 <main+0xe6>
C:\Users\Utilizador\Desktop\RAFA\UNI\LABSI-LUMINOSIDADE\LABSI\PROG\PROGv1/PROGv1.ino:1067
					g_display_counter = 0;
     f3e:	10 92 73 04 	sts	0x0473, r1	; 0x800473 <g_display_counter>
oled_update_status():
C:\Users\Utilizador\Desktop\RAFA\UNI\LABSI-LUMINOSIDADE\LABSI\PROG\PROGv1/PROGv1.ino:612
}
void oled_update_status(void) {
    char line[20];

    // --- Linha 0: Lux atual ---
    sprintf(line, "LUX: %4u lx", g_averaged_lux);
     f42:	80 91 7e 04 	lds	r24, 0x047E	; 0x80047e <g_averaged_lux+0x1>
     f46:	8f 93       	push	r24
     f48:	80 91 7d 04 	lds	r24, 0x047D	; 0x80047d <g_averaged_lux>
     f4c:	8f 93       	push	r24
     f4e:	86 e9       	ldi	r24, 0x96	; 150
     f50:	93 e0       	ldi	r25, 0x03	; 3
     f52:	9f 93       	push	r25
     f54:	8f 93       	push	r24
     f56:	bf 92       	push	r11
     f58:	af 92       	push	r10
     f5a:	0e 94 58 0b 	call	0x16b0	; 0x16b0 <sprintf>
C:\Users\Utilizador\Desktop\RAFA\UNI\LABSI-LUMINOSIDADE\LABSI\PROG\PROGv1/PROGv1.ino:613
    oled_write_line(0, line, last_line0);
     f5e:	4e e5       	ldi	r20, 0x5E	; 94
     f60:	54 e0       	ldi	r21, 0x04	; 4
     f62:	b5 01       	movw	r22, r10
     f64:	80 e0       	ldi	r24, 0x00	; 0
     f66:	0e 94 3c 02 	call	0x478	; 0x478 <oled_write_line(unsigned char, char const*, char*)>
C:\Users\Utilizador\Desktop\RAFA\UNI\LABSI-LUMINOSIDADE\LABSI\PROG\PROGv1/PROGv1.ino:616

    // --- Linha 1: Modo ---
    if(g_operating_mode == MODE_AUTOMATIC)
     f6a:	80 91 06 01 	lds	r24, 0x0106	; 0x800106 <g_operating_mode>
     f6e:	0f 90       	pop	r0
     f70:	0f 90       	pop	r0
     f72:	0f 90       	pop	r0
     f74:	0f 90       	pop	r0
     f76:	0f 90       	pop	r0
     f78:	0f 90       	pop	r0
C:\Users\Utilizador\Desktop\RAFA\UNI\LABSI-LUMINOSIDADE\LABSI\PROG\PROGv1/PROGv1.ino:617
        oled_write_line(1, "MODO: AUTOMATICO", last_line1);
     f7a:	4a e4       	ldi	r20, 0x4A	; 74
     f7c:	54 e0       	ldi	r21, 0x04	; 4
     f7e:	62 ea       	ldi	r22, 0xA2	; 162
     f80:	73 e0       	ldi	r23, 0x03	; 3
C:\Users\Utilizador\Desktop\RAFA\UNI\LABSI-LUMINOSIDADE\LABSI\PROG\PROGv1/PROGv1.ino:616
    // --- Linha 0: Lux atual ---
    sprintf(line, "LUX: %4u lx", g_averaged_lux);
    oled_write_line(0, line, last_line0);

    // --- Linha 1: Modo ---
    if(g_operating_mode == MODE_AUTOMATIC)
     f82:	88 23       	and	r24, r24
     f84:	11 f0       	breq	.+4      	; 0xf8a <__stack+0x68b>
C:\Users\Utilizador\Desktop\RAFA\UNI\LABSI-LUMINOSIDADE\LABSI\PROG\PROGv1/PROGv1.ino:619
        oled_write_line(1, "MODO: AUTOMATICO", last_line1);
    else
        oled_write_line(1, "MODO: MANUAL    ", last_line1);
     f86:	63 eb       	ldi	r22, 0xB3	; 179
     f88:	73 e0       	ldi	r23, 0x03	; 3
     f8a:	81 e0       	ldi	r24, 0x01	; 1
     f8c:	0e 94 3c 02 	call	0x478	; 0x478 <oled_write_line(unsigned char, char const*, char*)>
motor_state_to_str():
C:\Users\Utilizador\Desktop\RAFA\UNI\LABSI-LUMINOSIDADE\LABSI\PROG\PROGv1/PROGv1.ino:594
    ssd1306_cmd(0xB0 + row);          // page (0–7)
    ssd1306_cmd(0x00 + (col & 0x0F)); // low column
    ssd1306_cmd(0x10 + (col >> 4));   // high column
}
const char* motor_state_to_str(Servo_pos s) {
  switch(s) {
     f90:	80 91 07 01 	lds	r24, 0x0107	; 0x800107 <g_motor2_action>
     f94:	90 91 08 01 	lds	r25, 0x0108	; 0x800108 <g_motor2_action+0x1>
main():
C:\Users\Utilizador\Desktop\RAFA\UNI\LABSI-LUMINOSIDADE\LABSI\PROG\PROGv1/PROGv1.ino:596
    case ABRIR:  return "ABRIR";
    case FECHAR: return "FECHAR";
     f98:	2b e4       	ldi	r18, 0x4B	; 75
     f9a:	33 e0       	ldi	r19, 0x03	; 3
motor_state_to_str():
C:\Users\Utilizador\Desktop\RAFA\UNI\LABSI-LUMINOSIDADE\LABSI\PROG\PROGv1/PROGv1.ino:594
    ssd1306_cmd(0xB0 + row);          // page (0–7)
    ssd1306_cmd(0x00 + (col & 0x0F)); // low column
    ssd1306_cmd(0x10 + (col >> 4));   // high column
}
const char* motor_state_to_str(Servo_pos s) {
  switch(s) {
     f9c:	00 97       	sbiw	r24, 0x00	; 0
     f9e:	31 f0       	breq	.+12     	; 0xfac <__stack+0x6ad>
main():
C:\Users\Utilizador\Desktop\RAFA\UNI\LABSI-LUMINOSIDADE\LABSI\PROG\PROGv1/PROGv1.ino:595
    case ABRIR:  return "ABRIR";
     fa0:	25 e4       	ldi	r18, 0x45	; 69
     fa2:	33 e0       	ldi	r19, 0x03	; 3
motor_state_to_str():
C:\Users\Utilizador\Desktop\RAFA\UNI\LABSI-LUMINOSIDADE\LABSI\PROG\PROGv1/PROGv1.ino:594
    ssd1306_cmd(0xB0 + row);          // page (0–7)
    ssd1306_cmd(0x00 + (col & 0x0F)); // low column
    ssd1306_cmd(0x10 + (col >> 4));   // high column
}
const char* motor_state_to_str(Servo_pos s) {
  switch(s) {
     fa4:	02 97       	sbiw	r24, 0x02	; 2
     fa6:	11 f0       	breq	.+4      	; 0xfac <__stack+0x6ad>
main():
C:\Users\Utilizador\Desktop\RAFA\UNI\LABSI-LUMINOSIDADE\LABSI\PROG\PROGv1/PROGv1.ino:597
    case ABRIR:  return "ABRIR";
    case FECHAR: return "FECHAR";
    default:     return "PARAR";
     fa8:	22 e5       	ldi	r18, 0x52	; 82
     faa:	33 e0       	ldi	r19, 0x03	; 3
motor_state_to_str():
C:\Users\Utilizador\Desktop\RAFA\UNI\LABSI-LUMINOSIDADE\LABSI\PROG\PROGv1/PROGv1.ino:594
    ssd1306_cmd(0xB0 + row);          // page (0–7)
    ssd1306_cmd(0x00 + (col & 0x0F)); // low column
    ssd1306_cmd(0x10 + (col >> 4));   // high column
}
const char* motor_state_to_str(Servo_pos s) {
  switch(s) {
     fac:	80 91 09 01 	lds	r24, 0x0109	; 0x800109 <g_motor1_action>
     fb0:	90 91 0a 01 	lds	r25, 0x010A	; 0x80010a <g_motor1_action+0x1>
     fb4:	00 97       	sbiw	r24, 0x00	; 0
     fb6:	09 f4       	brne	.+2      	; 0xfba <__stack+0x6bb>
     fb8:	bc c1       	rjmp	.+888    	; 0x1332 <__stack+0xa33>
     fba:	02 97       	sbiw	r24, 0x02	; 2
     fbc:	09 f0       	breq	.+2      	; 0xfc0 <__stack+0x6c1>
     fbe:	b6 c1       	rjmp	.+876    	; 0x132c <__stack+0xa2d>
main():
C:\Users\Utilizador\Desktop\RAFA\UNI\LABSI-LUMINOSIDADE\LABSI\PROG\PROGv1/PROGv1.ino:595
    case ABRIR:  return "ABRIR";
     fc0:	85 e4       	ldi	r24, 0x45	; 69
     fc2:	93 e0       	ldi	r25, 0x03	; 3
oled_update_status():
C:\Users\Utilizador\Desktop\RAFA\UNI\LABSI-LUMINOSIDADE\LABSI\PROG\PROGv1/PROGv1.ino:622
        oled_write_line(1, "MODO: AUTOMATICO", last_line1);
    else
        oled_write_line(1, "MODO: MANUAL    ", last_line1);

    // --- Linha 2: Estado dos motores ---
    sprintf(line, "M1:%s M2:%s",
     fc4:	3f 93       	push	r19
     fc6:	2f 93       	push	r18
     fc8:	9f 93       	push	r25
     fca:	8f 93       	push	r24
     fcc:	84 ec       	ldi	r24, 0xC4	; 196
     fce:	93 e0       	ldi	r25, 0x03	; 3
     fd0:	9f 93       	push	r25
     fd2:	8f 93       	push	r24
     fd4:	bf 92       	push	r11
     fd6:	af 92       	push	r10
     fd8:	0e 94 58 0b 	call	0x16b0	; 0x16b0 <sprintf>
C:\Users\Utilizador\Desktop\RAFA\UNI\LABSI-LUMINOSIDADE\LABSI\PROG\PROGv1/PROGv1.ino:626
        motor_state_to_str(g_motor1_action),
        motor_state_to_str(g_motor2_action)
    );
    oled_write_line(2, line, last_line2);
     fdc:	46 e3       	ldi	r20, 0x36	; 54
     fde:	54 e0       	ldi	r21, 0x04	; 4
     fe0:	b5 01       	movw	r22, r10
     fe2:	82 e0       	ldi	r24, 0x02	; 2
     fe4:	0e 94 3c 02 	call	0x478	; 0x478 <oled_write_line(unsigned char, char const*, char*)>
C:\Users\Utilizador\Desktop\RAFA\UNI\LABSI-LUMINOSIDADE\LABSI\PROG\PROGv1/PROGv1.ino:628
    // Linha 3: separador
    ssd1306_set_cursor(3, 0);
     fe8:	83 e0       	ldi	r24, 0x03	; 3
     fea:	0e 94 2a 01 	call	0x254	; 0x254 <ssd1306_set_cursor(unsigned char, unsigned char) [clone .constprop.0]>
C:\Users\Utilizador\Desktop\RAFA\UNI\LABSI-LUMINOSIDADE\LABSI\PROG\PROGv1/PROGv1.ino:629
    ssd1306_print("----------------");
     fee:	80 ed       	ldi	r24, 0xD0	; 208
     ff0:	93 e0       	ldi	r25, 0x03	; 3
     ff2:	0e 94 ee 00 	call	0x1dc	; 0x1dc <ssd1306_print(char const*)>
C:\Users\Utilizador\Desktop\RAFA\UNI\LABSI-LUMINOSIDADE\LABSI\PROG\PROGv1/PROGv1.ino:631
    // --- Linha 4: Barra de luz ---
    oled_draw_lux_bar(g_averaged_lux);
     ff6:	80 90 7d 04 	lds	r8, 0x047D	; 0x80047d <g_averaged_lux>
     ffa:	90 90 7e 04 	lds	r9, 0x047E	; 0x80047e <g_averaged_lux+0x1>
oled_draw_lux_bar():
C:\Users\Utilizador\Desktop\RAFA\UNI\LABSI-LUMINOSIDADE\LABSI\PROG\PROGv1/PROGv1.ino:634
}
void oled_draw_lux_bar(uint16_t lux) {
    uint32_t scaled = (uint32_t)lux * 128;
     ffe:	b4 01       	movw	r22, r8
    1000:	90 e0       	ldi	r25, 0x00	; 0
    1002:	80 e0       	ldi	r24, 0x00	; 0
    1004:	27 e0       	ldi	r18, 0x07	; 7
    1006:	66 0f       	add	r22, r22
    1008:	77 1f       	adc	r23, r23
    100a:	88 1f       	adc	r24, r24
    100c:	99 1f       	adc	r25, r25
    100e:	2a 95       	dec	r18
    1010:	d1 f7       	brne	.-12     	; 0x1006 <__stack+0x707>
C:\Users\Utilizador\Desktop\RAFA\UNI\LABSI-LUMINOSIDADE\LABSI\PROG\PROGv1/PROGv1.ino:635
    uint8_t width = scaled / LUX_MAX;
    1012:	0f b6       	in	r0, 0x3f	; 63
    1014:	f8 94       	cli
    1016:	de bf       	out	0x3e, r29	; 62
    1018:	0f be       	out	0x3f, r0	; 63
    101a:	cd bf       	out	0x3d, r28	; 61
    101c:	28 ee       	ldi	r18, 0xE8	; 232
    101e:	33 e0       	ldi	r19, 0x03	; 3
    1020:	40 e0       	ldi	r20, 0x00	; 0
    1022:	50 e0       	ldi	r21, 0x00	; 0
    1024:	0e 94 0c 0b 	call	0x1618	; 0x1618 <__udivmodsi4>
    1028:	72 2e       	mov	r7, r18
C:\Users\Utilizador\Desktop\RAFA\UNI\LABSI-LUMINOSIDADE\LABSI\PROG\PROGv1/PROGv1.ino:636
    if(width > 127) width = 127;
    102a:	27 ff       	sbrs	r18, 7
    102c:	02 c0       	rjmp	.+4      	; 0x1032 <__stack+0x733>
    102e:	8f e7       	ldi	r24, 0x7F	; 127
    1030:	78 2e       	mov	r7, r24
C:\Users\Utilizador\Desktop\RAFA\UNI\LABSI-LUMINOSIDADE\LABSI\PROG\PROGv1/PROGv1.ino:638

    if(width == last_bar_width)
    1032:	80 91 01 01 	lds	r24, 0x0101	; 0x800101 <last_bar_width>
    1036:	87 15       	cp	r24, r7
    1038:	89 f0       	breq	.+34     	; 0x105c <__stack+0x75d>
C:\Users\Utilizador\Desktop\RAFA\UNI\LABSI-LUMINOSIDADE\LABSI\PROG\PROGv1/PROGv1.ino:641
        return; // barra igual → não redesenha

    last_bar_width = width;
    103a:	70 92 01 01 	sts	0x0101, r7	; 0x800101 <last_bar_width>
C:\Users\Utilizador\Desktop\RAFA\UNI\LABSI-LUMINOSIDADE\LABSI\PROG\PROGv1/PROGv1.ino:643

    ssd1306_set_cursor(4, 0);
    103e:	84 e0       	ldi	r24, 0x04	; 4
    1040:	0e 94 2a 01 	call	0x254	; 0x254 <ssd1306_set_cursor(unsigned char, unsigned char) [clone .constprop.0]>
main():
C:\Users\Utilizador\Desktop\RAFA\UNI\LABSI-LUMINOSIDADE\LABSI\PROG\PROGv1/PROGv1.ino:644
    for(uint8_t i = 0; i < 128; i++) {
    1044:	61 2c       	mov	r6, r1
oled_draw_lux_bar():
C:\Users\Utilizador\Desktop\RAFA\UNI\LABSI-LUMINOSIDADE\LABSI\PROG\PROGv1/PROGv1.ino:645
        ssd1306_data(i < width ? 0xFF : 0x00);
    1046:	81 e0       	ldi	r24, 0x01	; 1
    1048:	67 14       	cp	r6, r7
    104a:	08 f0       	brcs	.+2      	; 0x104e <__stack+0x74f>
    104c:	80 e0       	ldi	r24, 0x00	; 0
    104e:	81 95       	neg	r24
    1050:	0e 94 dc 00 	call	0x1b8	; 0x1b8 <ssd1306_data(unsigned char)>
C:\Users\Utilizador\Desktop\RAFA\UNI\LABSI-LUMINOSIDADE\LABSI\PROG\PROGv1/PROGv1.ino:644
        return; // barra igual → não redesenha

    last_bar_width = width;

    ssd1306_set_cursor(4, 0);
    for(uint8_t i = 0; i < 128; i++) {
    1054:	63 94       	inc	r6
    1056:	30 e8       	ldi	r19, 0x80	; 128
    1058:	63 12       	cpse	r6, r19
    105a:	f5 cf       	rjmp	.-22     	; 0x1046 <__stack+0x747>
main():
C:\Users\Utilizador\Desktop\RAFA\UNI\LABSI-LUMINOSIDADE\LABSI\PROG\PROGv1/PROGv1.ino:1069
				}
				// 3. ATUALIZAÇÃO DO DISPLAY (100ms)
				if(g_display_counter >= 10) {
					g_display_counter = 0;
					oled_update_status();
					char op_mode_char = (g_operating_mode == MODE_AUTOMATIC) ? 'A' : 'M';
    105c:	80 91 06 01 	lds	r24, 0x0106	; 0x800106 <g_operating_mode>
    1060:	41 e4       	ldi	r20, 0x41	; 65
    1062:	81 11       	cpse	r24, r1
    1064:	4d e4       	ldi	r20, 0x4D	; 77
C:\Users\Utilizador\Desktop\RAFA\UNI\LABSI-LUMINOSIDADE\LABSI\PROG\PROGv1/PROGv1.ino:1070
					uint16_t disp_set = (g_fix_state != 0) ? g_last_setpoint_value : g_target_lux;
    1066:	80 91 72 04 	lds	r24, 0x0472	; 0x800472 <g_fix_state>
    106a:	88 23       	and	r24, r24
    106c:	09 f4       	brne	.+2      	; 0x1070 <__stack+0x771>
    106e:	64 c1       	rjmp	.+712    	; 0x1338 <__stack+0xa39>
    1070:	80 91 04 01 	lds	r24, 0x0104	; 0x800104 <g_last_setpoint_value>
    1074:	90 91 05 01 	lds	r25, 0x0105	; 0x800105 <g_last_setpoint_value+0x1>
C:\Users\Utilizador\Desktop\RAFA\UNI\LABSI-LUMINOSIDADE\LABSI\PROG\PROGv1/PROGv1.ino:1074
					
					
					char motor1_char = 'E';
					if (g_motor1_action == ABRIR) motor1_char = 'A';
    1078:	20 91 09 01 	lds	r18, 0x0109	; 0x800109 <g_motor1_action>
    107c:	30 91 0a 01 	lds	r19, 0x010A	; 0x80010a <g_motor1_action+0x1>
    1080:	22 30       	cpi	r18, 0x02	; 2
    1082:	31 05       	cpc	r19, r1
    1084:	09 f4       	brne	.+2      	; 0x1088 <__stack+0x789>
    1086:	5d c1       	rjmp	.+698    	; 0x1342 <__stack+0xa43>
C:\Users\Utilizador\Desktop\RAFA\UNI\LABSI-LUMINOSIDADE\LABSI\PROG\PROGv1/PROGv1.ino:1075
					else if (g_motor1_action == FECHAR) motor1_char = 'F';
    1088:	23 2b       	or	r18, r19
    108a:	09 f0       	breq	.+2      	; 0x108e <__stack+0x78f>
    108c:	5c c1       	rjmp	.+696    	; 0x1346 <__stack+0xa47>
    108e:	26 e4       	ldi	r18, 0x46	; 70
C:\Users\Utilizador\Desktop\RAFA\UNI\LABSI-LUMINOSIDADE\LABSI\PROG\PROGv1/PROGv1.ino:1079
					else motor1_char = 'P';

					char motor2_char = 'E';
					if (g_motor2_action == ABRIR) motor2_char = 'A';
    1090:	60 91 07 01 	lds	r22, 0x0107	; 0x800107 <g_motor2_action>
    1094:	70 91 08 01 	lds	r23, 0x0108	; 0x800108 <g_motor2_action+0x1>
    1098:	31 e4       	ldi	r19, 0x41	; 65
    109a:	62 30       	cpi	r22, 0x02	; 2
    109c:	71 05       	cpc	r23, r1
    109e:	21 f0       	breq	.+8      	; 0x10a8 <__stack+0x7a9>
C:\Users\Utilizador\Desktop\RAFA\UNI\LABSI-LUMINOSIDADE\LABSI\PROG\PROGv1/PROGv1.ino:1080
					else if (g_motor2_action == FECHAR) motor2_char = 'F';
    10a0:	36 e4       	ldi	r19, 0x46	; 70
    10a2:	67 2b       	or	r22, r23
    10a4:	09 f0       	breq	.+2      	; 0x10a8 <__stack+0x7a9>
C:\Users\Utilizador\Desktop\RAFA\UNI\LABSI-LUMINOSIDADE\LABSI\PROG\PROGv1/PROGv1.ino:1081
					else motor2_char = 'P';
    10a6:	30 e5       	ldi	r19, 0x50	; 80
C:\Users\Utilizador\Desktop\RAFA\UNI\LABSI-LUMINOSIDADE\LABSI\PROG\PROGv1/PROGv1.ino:1086

					// 2. Envia para o ESP32 (Protocolo: D:Modo,Set,Lux,Motor,Ticks)
					// Nota: Usamos uart_print que deve ter sido criada anteriormente
					char serial_buffer[40];
					sprintf(serial_buffer, "D:%c,%u,%u,%c,%c,%ld,%ld\n", 
    10a8:	50 91 78 04 	lds	r21, 0x0478	; 0x800478 <g_blind2_pos+0x3>
    10ac:	5f 93       	push	r21
    10ae:	50 91 77 04 	lds	r21, 0x0477	; 0x800477 <g_blind2_pos+0x2>
    10b2:	5f 93       	push	r21
    10b4:	50 91 76 04 	lds	r21, 0x0476	; 0x800476 <g_blind2_pos+0x1>
    10b8:	5f 93       	push	r21
    10ba:	50 91 75 04 	lds	r21, 0x0475	; 0x800475 <g_blind2_pos>
    10be:	5f 93       	push	r21
    10c0:	50 91 7c 04 	lds	r21, 0x047C	; 0x80047c <g_blind1_pos+0x3>
    10c4:	5f 93       	push	r21
    10c6:	50 91 7b 04 	lds	r21, 0x047B	; 0x80047b <g_blind1_pos+0x2>
    10ca:	5f 93       	push	r21
    10cc:	50 91 7a 04 	lds	r21, 0x047A	; 0x80047a <g_blind1_pos+0x1>
    10d0:	5f 93       	push	r21
    10d2:	50 91 79 04 	lds	r21, 0x0479	; 0x800479 <g_blind1_pos>
    10d6:	5f 93       	push	r21
    10d8:	1f 92       	push	r1
    10da:	3f 93       	push	r19
    10dc:	1f 92       	push	r1
    10de:	2f 93       	push	r18
    10e0:	9f 92       	push	r9
    10e2:	8f 92       	push	r8
    10e4:	9f 93       	push	r25
    10e6:	8f 93       	push	r24
    10e8:	1f 92       	push	r1
    10ea:	4f 93       	push	r20
    10ec:	81 ee       	ldi	r24, 0xE1	; 225
    10ee:	93 e0       	ldi	r25, 0x03	; 3
    10f0:	9f 93       	push	r25
    10f2:	8f 93       	push	r24
    10f4:	bf 92       	push	r11
    10f6:	af 92       	push	r10
    10f8:	0e 94 58 0b 	call	0x16b0	; 0x16b0 <sprintf>
    10fc:	f5 01       	movw	r30, r10
    10fe:	0f b6       	in	r0, 0x3f	; 63
    1100:	f8 94       	cli
    1102:	de bf       	out	0x3e, r29	; 62
    1104:	0f be       	out	0x3f, r0	; 63
    1106:	cd bf       	out	0x3d, r28	; 61
uart_write_string():
C:\Users\Utilizador\Desktop\RAFA\UNI\LABSI-LUMINOSIDADE\LABSI\PROG\PROGv1/PROGv1.ino:323
    // Espera até que o registrador de dados esteja vazio
    while (!(UCSR0A & (1 << UDRE0))); // espera
    UDR0 = c;
}
void uart_write_string(const char* str) {
    while (*str) {
    1108:	81 91       	ld	r24, Z+
    110a:	88 23       	and	r24, r24
    110c:	09 f4       	brne	.+2      	; 0x1110 <__stack+0x811>
    110e:	38 cb       	rjmp	.-2448   	; 0x780 <main+0xe6>
uart_write():
C:\Users\Utilizador\Desktop\RAFA\UNI\LABSI-LUMINOSIDADE\LABSI\PROG\PROGv1/PROGv1.ino:319
    // Formato: 8 dados, 1 stop bit
    UCSR0C = (1 << UCSZ01) | (1 << UCSZ00);
}
void uart_write(char c) {
    // Espera até que o registrador de dados esteja vazio
    while (!(UCSR0A & (1 << UDRE0))); // espera
    1110:	90 91 c0 00 	lds	r25, 0x00C0	; 0x8000c0 <__DATA_REGION_ORIGIN__+0x60>
    1114:	95 ff       	sbrs	r25, 5
    1116:	fc cf       	rjmp	.-8      	; 0x1110 <__stack+0x811>
C:\Users\Utilizador\Desktop\RAFA\UNI\LABSI-LUMINOSIDADE\LABSI\PROG\PROGv1/PROGv1.ino:320
    UDR0 = c;
    1118:	80 93 c6 00 	sts	0x00C6, r24	; 0x8000c6 <__DATA_REGION_ORIGIN__+0x66>
    111c:	f5 cf       	rjmp	.-22     	; 0x1108 <__stack+0x809>
servo_led_hybrid_control():
C:\Users\Utilizador\Desktop\RAFA\UNI\LABSI-LUMINOSIDADE\LABSI\PROG\PROGv1/PROGv1.ino:458
    }

    // 4. LUZ A MAIS → fechar
    else {

        if (g_led_brightness > 0) {
    111e:	20 91 2f 04 	lds	r18, 0x042F	; 0x80042f <g_led_brightness>
    1122:	22 23       	and	r18, r18
    1124:	31 f1       	breq	.+76     	; 0x1172 <__stack+0x873>
control_motor_1():
C:\Users\Utilizador\Desktop\RAFA\UNI\LABSI-LUMINOSIDADE\LABSI\PROG\PROGv1/PROGv1.ino:753
	// Interrupção de PC1 (botão touch)
	PCICR |= (1 << PCIE1);
	PCMSK1 |= (1 << PCINT9);
}
void control_motor_1(Servo_pos action) {
    g_motor1_action = action;
    1126:	f0 92 0a 01 	sts	0x010A, r15	; 0x80010a <g_motor1_action+0x1>
    112a:	e0 92 09 01 	sts	0x0109, r14	; 0x800109 <g_motor1_action>
C:\Users\Utilizador\Desktop\RAFA\UNI\LABSI-LUMINOSIDADE\LABSI\PROG\PROGv1/PROGv1.ino:767
            break;
        case FECHAR:
            valor_pwm = 196;
            break;
    }
    OCR1B = valor_pwm;
    112e:	10 93 8b 00 	sts	0x008B, r17	; 0x80008b <__DATA_REGION_ORIGIN__+0x2b>
    1132:	00 93 8a 00 	sts	0x008A, r16	; 0x80008a <__DATA_REGION_ORIGIN__+0x2a>
control_motor_2():
C:\Users\Utilizador\Desktop\RAFA\UNI\LABSI-LUMINOSIDADE\LABSI\PROG\PROGv1/PROGv1.ino:770
}
void control_motor_2(Servo_pos action) {
    g_motor2_action = action;
    1136:	f0 92 08 01 	sts	0x0108, r15	; 0x800108 <g_motor2_action+0x1>
    113a:	e0 92 07 01 	sts	0x0107, r14	; 0x800107 <g_motor2_action>
C:\Users\Utilizador\Desktop\RAFA\UNI\LABSI-LUMINOSIDADE\LABSI\PROG\PROGv1/PROGv1.ino:784
			break;
		case FECHAR:
			valor_pwm = 197;
			break;
	}
	OCR1A = valor_pwm;
    113e:	10 93 89 00 	sts	0x0089, r17	; 0x800089 <__DATA_REGION_ORIGIN__+0x29>
    1142:	00 93 88 00 	sts	0x0088, r16	; 0x800088 <__DATA_REGION_ORIGIN__+0x28>
servo_led_hybrid_control():
C:\Users\Utilizador\Desktop\RAFA\UNI\LABSI-LUMINOSIDADE\LABSI\PROG\PROGv1/PROGv1.ino:462

        if (g_led_brightness > 0) {
            control_motor_1(PARAR);
            control_motor_2(PARAR);

            led_timer++;
    1146:	80 91 2b 04 	lds	r24, 0x042B	; 0x80042b <servo_led_hybrid_control()::led_timer>
    114a:	90 91 2c 04 	lds	r25, 0x042C	; 0x80042c <servo_led_hybrid_control()::led_timer+0x1>
    114e:	01 96       	adiw	r24, 0x01	; 1
C:\Users\Utilizador\Desktop\RAFA\UNI\LABSI-LUMINOSIDADE\LABSI\PROG\PROGv1/PROGv1.ino:463
            if (led_timer >= LED_FADE_INTERVAL) {
    1150:	84 36       	cpi	r24, 0x64	; 100
    1152:	91 05       	cpc	r25, r1
    1154:	08 f4       	brcc	.+2      	; 0x1158 <__stack+0x859>
    1156:	dc ce       	rjmp	.-584    	; 0xf10 <__stack+0x611>
C:\Users\Utilizador\Desktop\RAFA\UNI\LABSI-LUMINOSIDADE\LABSI\PROG\PROGv1/PROGv1.ino:464
                led_timer = 0;
    1158:	10 92 2c 04 	sts	0x042C, r1	; 0x80042c <servo_led_hybrid_control()::led_timer+0x1>
    115c:	10 92 2b 04 	sts	0x042B, r1	; 0x80042b <servo_led_hybrid_control()::led_timer>
C:\Users\Utilizador\Desktop\RAFA\UNI\LABSI-LUMINOSIDADE\LABSI\PROG\PROGv1/PROGv1.ino:465
                if (g_led_brightness >= 10) set_led_brightness(g_led_brightness - 10);
    1160:	2a 30       	cpi	r18, 0x0A	; 10
    1162:	08 f4       	brcc	.+2      	; 0x1166 <__stack+0x867>
    1164:	a8 ce       	rjmp	.-688    	; 0xeb6 <__stack+0x5b7>
    1166:	2a 50       	subi	r18, 0x0A	; 10
set_led_brightness():
C:\Users\Utilizador\Desktop\RAFA\UNI\LABSI-LUMINOSIDADE\LABSI\PROG\PROGv1/PROGv1.ino:820
				}else set_led_brightness(0);
    }
}
void set_led_brightness(uint8_t brightness) {
    if (brightness > MAX_LED_PWM) brightness = MAX_LED_PWM;
    OCR2A = brightness;
    1168:	20 93 b3 00 	sts	0x00B3, r18	; 0x8000b3 <__DATA_REGION_ORIGIN__+0x53>
C:\Users\Utilizador\Desktop\RAFA\UNI\LABSI-LUMINOSIDADE\LABSI\PROG\PROGv1/PROGv1.ino:821
    g_led_brightness = brightness;
    116c:	20 93 2f 04 	sts	0x042F, r18	; 0x80042f <g_led_brightness>
    1170:	e1 ce       	rjmp	.-574    	; 0xf34 <__stack+0x635>
servo_led_hybrid_control():
C:\Users\Utilizador\Desktop\RAFA\UNI\LABSI-LUMINOSIDADE\LABSI\PROG\PROGv1/PROGv1.ino:469
                led_timer = 0;
                if (g_led_brightness >= 10) set_led_brightness(g_led_brightness - 10);
                else set_led_brightness(0);
            }
        }
        else if (g_blind1_pos > 0) {
    1172:	14 14       	cp	r1, r4
    1174:	15 04       	cpc	r1, r5
    1176:	16 04       	cpc	r1, r6
    1178:	17 04       	cpc	r1, r7
    117a:	5c f4       	brge	.+22     	; 0x1192 <__stack+0x893>
control_motor_1():
C:\Users\Utilizador\Desktop\RAFA\UNI\LABSI-LUMINOSIDADE\LABSI\PROG\PROGv1/PROGv1.ino:753
	// Interrupção de PC1 (botão touch)
	PCICR |= (1 << PCIE1);
	PCMSK1 |= (1 << PCINT9);
}
void control_motor_1(Servo_pos action) {
    g_motor1_action = action;
    117c:	10 92 0a 01 	sts	0x010A, r1	; 0x80010a <g_motor1_action+0x1>
    1180:	10 92 09 01 	sts	0x0109, r1	; 0x800109 <g_motor1_action>
C:\Users\Utilizador\Desktop\RAFA\UNI\LABSI-LUMINOSIDADE\LABSI\PROG\PROGv1/PROGv1.ino:767
            break;
        case FECHAR:
            valor_pwm = 196;
            break;
    }
    OCR1B = valor_pwm;
    1184:	24 ec       	ldi	r18, 0xC4	; 196
    1186:	30 e0       	ldi	r19, 0x00	; 0
    1188:	30 93 8b 00 	sts	0x008B, r19	; 0x80008b <__DATA_REGION_ORIGIN__+0x2b>
    118c:	20 93 8a 00 	sts	0x008A, r18	; 0x80008a <__DATA_REGION_ORIGIN__+0x2a>
    1190:	6e ce       	rjmp	.-804    	; 0xe6e <__stack+0x56f>
C:\Users\Utilizador\Desktop\RAFA\UNI\LABSI-LUMINOSIDADE\LABSI\PROG\PROGv1/PROGv1.ino:753
	// Interrupção de PC1 (botão touch)
	PCICR |= (1 << PCIE1);
	PCMSK1 |= (1 << PCINT9);
}
void control_motor_1(Servo_pos action) {
    g_motor1_action = action;
    1192:	f0 92 0a 01 	sts	0x010A, r15	; 0x80010a <g_motor1_action+0x1>
    1196:	e0 92 09 01 	sts	0x0109, r14	; 0x800109 <g_motor1_action>
C:\Users\Utilizador\Desktop\RAFA\UNI\LABSI-LUMINOSIDADE\LABSI\PROG\PROGv1/PROGv1.ino:767
            break;
        case FECHAR:
            valor_pwm = 196;
            break;
    }
    OCR1B = valor_pwm;
    119a:	10 93 8b 00 	sts	0x008B, r17	; 0x80008b <__DATA_REGION_ORIGIN__+0x2b>
    119e:	00 93 8a 00 	sts	0x008A, r16	; 0x80008a <__DATA_REGION_ORIGIN__+0x2a>
servo_led_hybrid_control():
C:\Users\Utilizador\Desktop\RAFA\UNI\LABSI-LUMINOSIDADE\LABSI\PROG\PROGv1/PROGv1.ino:473
        }
        else if (g_blind1_pos > 0) {
            control_motor_1(FECHAR);
            control_motor_2(PARAR);
        }
        else if (g_blind2_pos > 0) {
    11a2:	18 16       	cp	r1, r24
    11a4:	19 06       	cpc	r1, r25
    11a6:	1a 06       	cpc	r1, r26
    11a8:	1b 06       	cpc	r1, r27
    11aa:	0c f0       	brlt	.+2      	; 0x11ae <__stack+0x8af>
    11ac:	60 ce       	rjmp	.-832    	; 0xe6e <__stack+0x56f>
control_motor_2():
C:\Users\Utilizador\Desktop\RAFA\UNI\LABSI-LUMINOSIDADE\LABSI\PROG\PROGv1/PROGv1.ino:770
            break;
    }
    OCR1B = valor_pwm;
}
void control_motor_2(Servo_pos action) {
    g_motor2_action = action;
    11ae:	10 92 08 01 	sts	0x0108, r1	; 0x800108 <g_motor2_action+0x1>
    11b2:	10 92 07 01 	sts	0x0107, r1	; 0x800107 <g_motor2_action>
C:\Users\Utilizador\Desktop\RAFA\UNI\LABSI-LUMINOSIDADE\LABSI\PROG\PROGv1/PROGv1.ino:784
			break;
		case FECHAR:
			valor_pwm = 197;
			break;
	}
	OCR1A = valor_pwm;
    11b6:	85 ec       	ldi	r24, 0xC5	; 197
    11b8:	90 e0       	ldi	r25, 0x00	; 0
    11ba:	90 93 89 00 	sts	0x0089, r25	; 0x800089 <__DATA_REGION_ORIGIN__+0x29>
    11be:	80 93 88 00 	sts	0x0088, r24	; 0x800088 <__DATA_REGION_ORIGIN__+0x28>
    11c2:	b8 ce       	rjmp	.-656    	; 0xf34 <__stack+0x635>
manual_led_control():
C:\Users\Utilizador\Desktop\RAFA\UNI\LABSI-LUMINOSIDADE\LABSI\PROG\PROGv1/PROGv1.ino:800
    eeprom_update_word(EEP_POS1_ADDR, (uint16_t)g_blind1_pos);
    eeprom_update_word(EEP_POS2_ADDR, (uint16_t)g_blind2_pos);
}
void manual_led_control(void) {
	static uint8_t repeat_delay = 0;
	    if (repeat_delay > 0) {
    11c4:	80 91 30 04 	lds	r24, 0x0430	; 0x800430 <manual_led_control()::repeat_delay>
    11c8:	88 23       	and	r24, r24
    11ca:	59 f0       	breq	.+22     	; 0x11e2 <__stack+0x8e3>
C:\Users\Utilizador\Desktop\RAFA\UNI\LABSI-LUMINOSIDADE\LABSI\PROG\PROGv1/PROGv1.ino:801
        repeat_delay--;
    11cc:	81 50       	subi	r24, 0x01	; 1
C:\Users\Utilizador\Desktop\RAFA\UNI\LABSI-LUMINOSIDADE\LABSI\PROG\PROGv1/PROGv1.ino:814
				}else set_led_brightness(255);  
    }
    if (PIND & (1 << BOTAO_MENOS)) {
        if (g_led_brightness > 0) {
				set_led_brightness(g_led_brightness - 5);
				repeat_delay = 3;
    11ce:	80 93 30 04 	sts	0x0430, r24	; 0x800430 <manual_led_control()::repeat_delay>
main():
C:\Users\Utilizador\Desktop\RAFA\UNI\LABSI-LUMINOSIDADE\LABSI\PROG\PROGv1/PROGv1.ino:1059
				if(g_operating_mode == MODE_AUTOMATIC) {
					adjust_setpoint_control();
					servo_led_hybrid_control();
				} else {
					manual_led_control();
					sonar_tick++;
    11d2:	80 91 74 04 	lds	r24, 0x0474	; 0x800474 <main::sonar_tick>
    11d6:	8f 5f       	subi	r24, 0xFF	; 255
C:\Users\Utilizador\Desktop\RAFA\UNI\LABSI-LUMINOSIDADE\LABSI\PROG\PROGv1/PROGv1.ino:1060
						if(sonar_tick >= 50) { // ~100 ms
    11d8:	82 33       	cpi	r24, 0x32	; 50
    11da:	40 f5       	brcc	.+80     	; 0x122c <__stack+0x92d>
C:\Users\Utilizador\Desktop\RAFA\UNI\LABSI-LUMINOSIDADE\LABSI\PROG\PROGv1/PROGv1.ino:1059
				if(g_operating_mode == MODE_AUTOMATIC) {
					adjust_setpoint_control();
					servo_led_hybrid_control();
				} else {
					manual_led_control();
					sonar_tick++;
    11dc:	80 93 74 04 	sts	0x0474, r24	; 0x800474 <main::sonar_tick>
    11e0:	a9 ce       	rjmp	.-686    	; 0xf34 <__stack+0x635>
manual_led_control():
C:\Users\Utilizador\Desktop\RAFA\UNI\LABSI-LUMINOSIDADE\LABSI\PROG\PROGv1/PROGv1.ino:805
	    if (repeat_delay > 0) {
        repeat_delay--;
        return;
    	}

    if (PIND & (1 << BOTAO_MAIS)) {
    11e2:	4c 9b       	sbis	0x09, 4	; 9
    11e4:	0c c0       	rjmp	.+24     	; 0x11fe <__stack+0x8ff>
C:\Users\Utilizador\Desktop\RAFA\UNI\LABSI-LUMINOSIDADE\LABSI\PROG\PROGv1/PROGv1.ino:806
        if (g_led_brightness < 255) {
    11e6:	80 91 2f 04 	lds	r24, 0x042F	; 0x80042f <g_led_brightness>
    11ea:	8f 3f       	cpi	r24, 0xFF	; 255
    11ec:	a9 f0       	breq	.+42     	; 0x1218 <__stack+0x919>
C:\Users\Utilizador\Desktop\RAFA\UNI\LABSI-LUMINOSIDADE\LABSI\PROG\PROGv1/PROGv1.ino:807
				set_led_brightness(g_led_brightness + 5);
    11ee:	8b 5f       	subi	r24, 0xFB	; 251
set_led_brightness():
C:\Users\Utilizador\Desktop\RAFA\UNI\LABSI-LUMINOSIDADE\LABSI\PROG\PROGv1/PROGv1.ino:820
				}else set_led_brightness(0);
    }
}
void set_led_brightness(uint8_t brightness) {
    if (brightness > MAX_LED_PWM) brightness = MAX_LED_PWM;
    OCR2A = brightness;
    11f0:	80 93 b3 00 	sts	0x00B3, r24	; 0x8000b3 <__DATA_REGION_ORIGIN__+0x53>
C:\Users\Utilizador\Desktop\RAFA\UNI\LABSI-LUMINOSIDADE\LABSI\PROG\PROGv1/PROGv1.ino:821
    g_led_brightness = brightness;
    11f4:	80 93 2f 04 	sts	0x042F, r24	; 0x80042f <g_led_brightness>
manual_led_control():
C:\Users\Utilizador\Desktop\RAFA\UNI\LABSI-LUMINOSIDADE\LABSI\PROG\PROGv1/PROGv1.ino:808
    	}

    if (PIND & (1 << BOTAO_MAIS)) {
        if (g_led_brightness < 255) {
				set_led_brightness(g_led_brightness + 5);
				repeat_delay = 3;
    11f8:	83 e0       	ldi	r24, 0x03	; 3
    11fa:	80 93 30 04 	sts	0x0430, r24	; 0x800430 <manual_led_control()::repeat_delay>
C:\Users\Utilizador\Desktop\RAFA\UNI\LABSI-LUMINOSIDADE\LABSI\PROG\PROGv1/PROGv1.ino:811
				}else set_led_brightness(255);  
    }
    if (PIND & (1 << BOTAO_MENOS)) {
    11fe:	4f 9b       	sbis	0x09, 7	; 9
    1200:	e8 cf       	rjmp	.-48     	; 0x11d2 <__stack+0x8d3>
C:\Users\Utilizador\Desktop\RAFA\UNI\LABSI-LUMINOSIDADE\LABSI\PROG\PROGv1/PROGv1.ino:812
        if (g_led_brightness > 0) {
    1202:	80 91 2f 04 	lds	r24, 0x042F	; 0x80042f <g_led_brightness>
    1206:	88 23       	and	r24, r24
    1208:	61 f0       	breq	.+24     	; 0x1222 <__stack+0x923>
C:\Users\Utilizador\Desktop\RAFA\UNI\LABSI-LUMINOSIDADE\LABSI\PROG\PROGv1/PROGv1.ino:813
				set_led_brightness(g_led_brightness - 5);
    120a:	85 50       	subi	r24, 0x05	; 5
set_led_brightness():
C:\Users\Utilizador\Desktop\RAFA\UNI\LABSI-LUMINOSIDADE\LABSI\PROG\PROGv1/PROGv1.ino:820
				}else set_led_brightness(0);
    }
}
void set_led_brightness(uint8_t brightness) {
    if (brightness > MAX_LED_PWM) brightness = MAX_LED_PWM;
    OCR2A = brightness;
    120c:	80 93 b3 00 	sts	0x00B3, r24	; 0x8000b3 <__DATA_REGION_ORIGIN__+0x53>
C:\Users\Utilizador\Desktop\RAFA\UNI\LABSI-LUMINOSIDADE\LABSI\PROG\PROGv1/PROGv1.ino:821
    g_led_brightness = brightness;
    1210:	80 93 2f 04 	sts	0x042F, r24	; 0x80042f <g_led_brightness>
manual_led_control():
C:\Users\Utilizador\Desktop\RAFA\UNI\LABSI-LUMINOSIDADE\LABSI\PROG\PROGv1/PROGv1.ino:814
				}else set_led_brightness(255);  
    }
    if (PIND & (1 << BOTAO_MENOS)) {
        if (g_led_brightness > 0) {
				set_led_brightness(g_led_brightness - 5);
				repeat_delay = 3;
    1214:	83 e0       	ldi	r24, 0x03	; 3
    1216:	db cf       	rjmp	.-74     	; 0x11ce <__stack+0x8cf>
set_led_brightness():
C:\Users\Utilizador\Desktop\RAFA\UNI\LABSI-LUMINOSIDADE\LABSI\PROG\PROGv1/PROGv1.ino:820
				}else set_led_brightness(0);
    }
}
void set_led_brightness(uint8_t brightness) {
    if (brightness > MAX_LED_PWM) brightness = MAX_LED_PWM;
    OCR2A = brightness;
    1218:	80 93 b3 00 	sts	0x00B3, r24	; 0x8000b3 <__DATA_REGION_ORIGIN__+0x53>
C:\Users\Utilizador\Desktop\RAFA\UNI\LABSI-LUMINOSIDADE\LABSI\PROG\PROGv1/PROGv1.ino:821
    g_led_brightness = brightness;
    121c:	80 93 2f 04 	sts	0x042F, r24	; 0x80042f <g_led_brightness>
    1220:	ee cf       	rjmp	.-36     	; 0x11fe <__stack+0x8ff>
C:\Users\Utilizador\Desktop\RAFA\UNI\LABSI-LUMINOSIDADE\LABSI\PROG\PROGv1/PROGv1.ino:820
				}else set_led_brightness(0);
    }
}
void set_led_brightness(uint8_t brightness) {
    if (brightness > MAX_LED_PWM) brightness = MAX_LED_PWM;
    OCR2A = brightness;
    1222:	10 92 b3 00 	sts	0x00B3, r1	; 0x8000b3 <__DATA_REGION_ORIGIN__+0x53>
C:\Users\Utilizador\Desktop\RAFA\UNI\LABSI-LUMINOSIDADE\LABSI\PROG\PROGv1/PROGv1.ino:821
    g_led_brightness = brightness;
    1226:	10 92 2f 04 	sts	0x042F, r1	; 0x80042f <g_led_brightness>
    122a:	d3 cf       	rjmp	.-90     	; 0x11d2 <__stack+0x8d3>
main():
C:\Users\Utilizador\Desktop\RAFA\UNI\LABSI-LUMINOSIDADE\LABSI\PROG\PROGv1/PROGv1.ino:1061
					servo_led_hybrid_control();
				} else {
					manual_led_control();
					sonar_tick++;
						if(sonar_tick >= 50) { // ~100 ms
							sonar_tick = 0;
    122c:	10 92 74 04 	sts	0x0474, r1	; 0x800474 <main::sonar_tick>
update_manual_gestures():
C:\Users\Utilizador\Desktop\RAFA\UNI\LABSI-LUMINOSIDADE\LABSI\PROG\PROGv1/PROGv1.ino:920
  }
}
void update_manual_gestures(void) {
  static uint8_t s1_prev = 0;
  static uint8_t s2_prev = 0;
  uint8_t s1 = sonar_is_close(1);
    1230:	81 e0       	ldi	r24, 0x01	; 1
    1232:	0e 94 73 01 	call	0x2e6	; 0x2e6 <sonar_is_close(unsigned char)>
    1236:	98 2e       	mov	r9, r24
C:\Users\Utilizador\Desktop\RAFA\UNI\LABSI-LUMINOSIDADE\LABSI\PROG\PROGv1/PROGv1.ino:921
  uint8_t s2 = sonar_is_close(2);
    1238:	82 e0       	ldi	r24, 0x02	; 2
    123a:	0e 94 73 01 	call	0x2e6	; 0x2e6 <sonar_is_close(unsigned char)>
C:\Users\Utilizador\Desktop\RAFA\UNI\LABSI-LUMINOSIDADE\LABSI\PROG\PROGv1/PROGv1.ino:923
  // Reset do gesto se o tempo expirar
  if(g_gesture_timer == 0 && g_gesture_state != 0) {
    123e:	20 91 34 04 	lds	r18, 0x0434	; 0x800434 <g_gesture_timer>
    1242:	30 91 35 04 	lds	r19, 0x0435	; 0x800435 <g_gesture_timer+0x1>
    1246:	23 2b       	or	r18, r19
    1248:	51 f4       	brne	.+20     	; 0x125e <__stack+0x95f>
    124a:	90 91 33 04 	lds	r25, 0x0433	; 0x800433 <g_gesture_state>
    124e:	99 23       	and	r25, r25
    1250:	31 f0       	breq	.+12     	; 0x125e <__stack+0x95f>
C:\Users\Utilizador\Desktop\RAFA\UNI\LABSI-LUMINOSIDADE\LABSI\PROG\PROGv1/PROGv1.ino:924
      g_gesture_state = 0;
    1252:	10 92 33 04 	sts	0x0433, r1	; 0x800433 <g_gesture_state>
C:\Users\Utilizador\Desktop\RAFA\UNI\LABSI-LUMINOSIDADE\LABSI\PROG\PROGv1/PROGv1.ino:925
      s1_prev = 0;
    1256:	10 92 32 04 	sts	0x0432, r1	; 0x800432 <update_manual_gestures()::s1_prev>
C:\Users\Utilizador\Desktop\RAFA\UNI\LABSI-LUMINOSIDADE\LABSI\PROG\PROGv1/PROGv1.ino:926
      s2_prev = 0;
    125a:	10 92 31 04 	sts	0x0431, r1	; 0x800431 <update_manual_gestures()::s2_prev>
C:\Users\Utilizador\Desktop\RAFA\UNI\LABSI-LUMINOSIDADE\LABSI\PROG\PROGv1/PROGv1.ino:929
  }
  // BLOQUEIO APÓS UM GESTO — espera a mão sair
  if(g_gesture_state == 0 && g_gesture_timer == 0) {
    125e:	90 91 33 04 	lds	r25, 0x0433	; 0x800433 <g_gesture_state>
    1262:	91 11       	cpse	r25, r1
    1264:	0f c0       	rjmp	.+30     	; 0x1284 <__stack+0x985>
    1266:	20 91 34 04 	lds	r18, 0x0434	; 0x800434 <g_gesture_timer>
    126a:	30 91 35 04 	lds	r19, 0x0435	; 0x800435 <g_gesture_timer+0x1>
    126e:	23 2b       	or	r18, r19
    1270:	49 f4       	brne	.+18     	; 0x1284 <__stack+0x985>
C:\Users\Utilizador\Desktop\RAFA\UNI\LABSI-LUMINOSIDADE\LABSI\PROG\PROGv1/PROGv1.ino:930
      if(s1 || s2) {
    1272:	91 10       	cpse	r9, r1
    1274:	02 c0       	rjmp	.+4      	; 0x127a <__stack+0x97b>
    1276:	88 23       	and	r24, r24
    1278:	29 f0       	breq	.+10     	; 0x1284 <__stack+0x985>
C:\Users\Utilizador\Desktop\RAFA\UNI\LABSI-LUMINOSIDADE\LABSI\PROG\PROGv1/PROGv1.ino:963
          control_motor_2(FECHAR);
          g_gesture_state = 0;
          g_gesture_timer = 0;
      }
  }
  s1_prev = s1;
    127a:	90 92 32 04 	sts	0x0432, r9	; 0x800432 <update_manual_gestures()::s1_prev>
C:\Users\Utilizador\Desktop\RAFA\UNI\LABSI-LUMINOSIDADE\LABSI\PROG\PROGv1/PROGv1.ino:964
  s2_prev = s2;
    127e:	80 93 31 04 	sts	0x0431, r24	; 0x800431 <update_manual_gestures()::s2_prev>
    1282:	58 ce       	rjmp	.-848    	; 0xf34 <__stack+0x635>
C:\Users\Utilizador\Desktop\RAFA\UNI\LABSI-LUMINOSIDADE\LABSI\PROG\PROGv1/PROGv1.ino:937
          s2_prev = s2;
          return;
      }
  }
  // Máquina de estados
  if(g_gesture_state == 0) {
    1284:	90 91 33 04 	lds	r25, 0x0433	; 0x800433 <g_gesture_state>
    1288:	91 11       	cpse	r25, r1
    128a:	18 c0       	rjmp	.+48     	; 0x12bc <__stack+0x9bd>
C:\Users\Utilizador\Desktop\RAFA\UNI\LABSI-LUMINOSIDADE\LABSI\PROG\PROGv1/PROGv1.ino:938
      if(s1 && !s1_prev) {
    128c:	99 20       	and	r9, r9
    128e:	71 f0       	breq	.+28     	; 0x12ac <__stack+0x9ad>
    1290:	90 91 32 04 	lds	r25, 0x0432	; 0x800432 <update_manual_gestures()::s1_prev>
    1294:	91 11       	cpse	r25, r1
    1296:	0a c0       	rjmp	.+20     	; 0x12ac <__stack+0x9ad>
C:\Users\Utilizador\Desktop\RAFA\UNI\LABSI-LUMINOSIDADE\LABSI\PROG\PROGv1/PROGv1.ino:939
          g_gesture_state = 1;
    1298:	91 e0       	ldi	r25, 0x01	; 1
C:\Users\Utilizador\Desktop\RAFA\UNI\LABSI-LUMINOSIDADE\LABSI\PROG\PROGv1/PROGv1.ino:943
          g_gesture_timer = GESTURE_TIMEOUT_TICKS;
      } 
      else if(s2 && !s2_prev) {
          g_gesture_state = 2;
    129a:	90 93 33 04 	sts	0x0433, r25	; 0x800433 <g_gesture_state>
C:\Users\Utilizador\Desktop\RAFA\UNI\LABSI-LUMINOSIDADE\LABSI\PROG\PROGv1/PROGv1.ino:944
          g_gesture_timer = GESTURE_TIMEOUT_TICKS;
    129e:	24 ef       	ldi	r18, 0xF4	; 244
    12a0:	31 e0       	ldi	r19, 0x01	; 1
    12a2:	30 93 35 04 	sts	0x0435, r19	; 0x800435 <g_gesture_timer+0x1>
    12a6:	20 93 34 04 	sts	0x0434, r18	; 0x800434 <g_gesture_timer>
    12aa:	e7 cf       	rjmp	.-50     	; 0x127a <__stack+0x97b>
C:\Users\Utilizador\Desktop\RAFA\UNI\LABSI-LUMINOSIDADE\LABSI\PROG\PROGv1/PROGv1.ino:942
  if(g_gesture_state == 0) {
      if(s1 && !s1_prev) {
          g_gesture_state = 1;
          g_gesture_timer = GESTURE_TIMEOUT_TICKS;
      } 
      else if(s2 && !s2_prev) {
    12ac:	88 23       	and	r24, r24
    12ae:	29 f3       	breq	.-54     	; 0x127a <__stack+0x97b>
    12b0:	90 91 31 04 	lds	r25, 0x0431	; 0x800431 <update_manual_gestures()::s2_prev>
    12b4:	91 11       	cpse	r25, r1
    12b6:	e1 cf       	rjmp	.-62     	; 0x127a <__stack+0x97b>
C:\Users\Utilizador\Desktop\RAFA\UNI\LABSI-LUMINOSIDADE\LABSI\PROG\PROGv1/PROGv1.ino:943
          g_gesture_state = 2;
    12b8:	92 e0       	ldi	r25, 0x02	; 2
    12ba:	ef cf       	rjmp	.-34     	; 0x129a <__stack+0x99b>
C:\Users\Utilizador\Desktop\RAFA\UNI\LABSI-LUMINOSIDADE\LABSI\PROG\PROGv1/PROGv1.ino:947
          g_gesture_timer = GESTURE_TIMEOUT_TICKS;
      }
  }
  else if(g_gesture_state == 1) {
    12bc:	90 91 33 04 	lds	r25, 0x0433	; 0x800433 <g_gesture_state>
    12c0:	91 30       	cpi	r25, 0x01	; 1
    12c2:	d9 f4       	brne	.+54     	; 0x12fa <__stack+0x9fb>
C:\Users\Utilizador\Desktop\RAFA\UNI\LABSI-LUMINOSIDADE\LABSI\PROG\PROGv1/PROGv1.ino:948
      if(s2) {
    12c4:	88 23       	and	r24, r24
    12c6:	c9 f2       	breq	.-78     	; 0x127a <__stack+0x97b>
control_motor_1():
C:\Users\Utilizador\Desktop\RAFA\UNI\LABSI-LUMINOSIDADE\LABSI\PROG\PROGv1/PROGv1.ino:753
	// Interrupção de PC1 (botão touch)
	PCICR |= (1 << PCIE1);
	PCMSK1 |= (1 << PCINT9);
}
void control_motor_1(Servo_pos action) {
    g_motor1_action = action;
    12c8:	d0 92 0a 01 	sts	0x010A, r13	; 0x80010a <g_motor1_action+0x1>
    12cc:	c0 92 09 01 	sts	0x0109, r12	; 0x800109 <g_motor1_action>
C:\Users\Utilizador\Desktop\RAFA\UNI\LABSI-LUMINOSIDADE\LABSI\PROG\PROGv1/PROGv1.ino:767
            break;
        case FECHAR:
            valor_pwm = 196;
            break;
    }
    OCR1B = valor_pwm;
    12d0:	30 92 8b 00 	sts	0x008B, r3	; 0x80008b <__DATA_REGION_ORIGIN__+0x2b>
    12d4:	20 92 8a 00 	sts	0x008A, r2	; 0x80008a <__DATA_REGION_ORIGIN__+0x2a>
control_motor_2():
C:\Users\Utilizador\Desktop\RAFA\UNI\LABSI-LUMINOSIDADE\LABSI\PROG\PROGv1/PROGv1.ino:770
}
void control_motor_2(Servo_pos action) {
    g_motor2_action = action;
    12d8:	d0 92 08 01 	sts	0x0108, r13	; 0x800108 <g_motor2_action+0x1>
    12dc:	c0 92 07 01 	sts	0x0107, r12	; 0x800107 <g_motor2_action>
C:\Users\Utilizador\Desktop\RAFA\UNI\LABSI-LUMINOSIDADE\LABSI\PROG\PROGv1/PROGv1.ino:784
			break;
		case FECHAR:
			valor_pwm = 197;
			break;
	}
	OCR1A = valor_pwm;
    12e0:	29 ea       	ldi	r18, 0xA9	; 169
    12e2:	30 e0       	ldi	r19, 0x00	; 0
    12e4:	30 93 89 00 	sts	0x0089, r19	; 0x800089 <__DATA_REGION_ORIGIN__+0x29>
    12e8:	20 93 88 00 	sts	0x0088, r18	; 0x800088 <__DATA_REGION_ORIGIN__+0x28>
update_manual_gestures():
C:\Users\Utilizador\Desktop\RAFA\UNI\LABSI-LUMINOSIDADE\LABSI\PROG\PROGv1/PROGv1.ino:959
  }
  else if(g_gesture_state == 2) {
      if(s1) {
          control_motor_1(FECHAR);
          control_motor_2(FECHAR);
          g_gesture_state = 0;
    12ec:	10 92 33 04 	sts	0x0433, r1	; 0x800433 <g_gesture_state>
C:\Users\Utilizador\Desktop\RAFA\UNI\LABSI-LUMINOSIDADE\LABSI\PROG\PROGv1/PROGv1.ino:960
          g_gesture_timer = 0;
    12f0:	10 92 35 04 	sts	0x0435, r1	; 0x800435 <g_gesture_timer+0x1>
    12f4:	10 92 34 04 	sts	0x0434, r1	; 0x800434 <g_gesture_timer>
    12f8:	c0 cf       	rjmp	.-128    	; 0x127a <__stack+0x97b>
C:\Users\Utilizador\Desktop\RAFA\UNI\LABSI-LUMINOSIDADE\LABSI\PROG\PROGv1/PROGv1.ino:955
          control_motor_2(ABRIR);
          g_gesture_state = 0;
          g_gesture_timer = 0;
      }
  }
  else if(g_gesture_state == 2) {
    12fa:	90 91 33 04 	lds	r25, 0x0433	; 0x800433 <g_gesture_state>
    12fe:	92 30       	cpi	r25, 0x02	; 2
    1300:	09 f0       	breq	.+2      	; 0x1304 <__stack+0xa05>
    1302:	bb cf       	rjmp	.-138    	; 0x127a <__stack+0x97b>
C:\Users\Utilizador\Desktop\RAFA\UNI\LABSI-LUMINOSIDADE\LABSI\PROG\PROGv1/PROGv1.ino:956
      if(s1) {
    1304:	99 20       	and	r9, r9
    1306:	09 f4       	brne	.+2      	; 0x130a <__stack+0xa0b>
    1308:	b8 cf       	rjmp	.-144    	; 0x127a <__stack+0x97b>
control_motor_1():
C:\Users\Utilizador\Desktop\RAFA\UNI\LABSI-LUMINOSIDADE\LABSI\PROG\PROGv1/PROGv1.ino:753
	// Interrupção de PC1 (botão touch)
	PCICR |= (1 << PCIE1);
	PCMSK1 |= (1 << PCINT9);
}
void control_motor_1(Servo_pos action) {
    g_motor1_action = action;
    130a:	10 92 0a 01 	sts	0x010A, r1	; 0x80010a <g_motor1_action+0x1>
    130e:	10 92 09 01 	sts	0x0109, r1	; 0x800109 <g_motor1_action>
C:\Users\Utilizador\Desktop\RAFA\UNI\LABSI-LUMINOSIDADE\LABSI\PROG\PROGv1/PROGv1.ino:767
            break;
        case FECHAR:
            valor_pwm = 196;
            break;
    }
    OCR1B = valor_pwm;
    1312:	24 ec       	ldi	r18, 0xC4	; 196
    1314:	30 e0       	ldi	r19, 0x00	; 0
    1316:	30 93 8b 00 	sts	0x008B, r19	; 0x80008b <__DATA_REGION_ORIGIN__+0x2b>
    131a:	20 93 8a 00 	sts	0x008A, r18	; 0x80008a <__DATA_REGION_ORIGIN__+0x2a>
control_motor_2():
C:\Users\Utilizador\Desktop\RAFA\UNI\LABSI-LUMINOSIDADE\LABSI\PROG\PROGv1/PROGv1.ino:770
}
void control_motor_2(Servo_pos action) {
    g_motor2_action = action;
    131e:	10 92 08 01 	sts	0x0108, r1	; 0x800108 <g_motor2_action+0x1>
    1322:	10 92 07 01 	sts	0x0107, r1	; 0x800107 <g_motor2_action>
C:\Users\Utilizador\Desktop\RAFA\UNI\LABSI-LUMINOSIDADE\LABSI\PROG\PROGv1/PROGv1.ino:784
			break;
		case FECHAR:
			valor_pwm = 197;
			break;
	}
	OCR1A = valor_pwm;
    1326:	25 ec       	ldi	r18, 0xC5	; 197
    1328:	30 e0       	ldi	r19, 0x00	; 0
    132a:	dc cf       	rjmp	.-72     	; 0x12e4 <__stack+0x9e5>
main():
C:\Users\Utilizador\Desktop\RAFA\UNI\LABSI-LUMINOSIDADE\LABSI\PROG\PROGv1/PROGv1.ino:597
}
const char* motor_state_to_str(Servo_pos s) {
  switch(s) {
    case ABRIR:  return "ABRIR";
    case FECHAR: return "FECHAR";
    default:     return "PARAR";
    132c:	82 e5       	ldi	r24, 0x52	; 82
    132e:	93 e0       	ldi	r25, 0x03	; 3
    1330:	49 ce       	rjmp	.-878    	; 0xfc4 <__stack+0x6c5>
C:\Users\Utilizador\Desktop\RAFA\UNI\LABSI-LUMINOSIDADE\LABSI\PROG\PROGv1/PROGv1.ino:596
    ssd1306_cmd(0x10 + (col >> 4));   // high column
}
const char* motor_state_to_str(Servo_pos s) {
  switch(s) {
    case ABRIR:  return "ABRIR";
    case FECHAR: return "FECHAR";
    1332:	8b e4       	ldi	r24, 0x4B	; 75
    1334:	93 e0       	ldi	r25, 0x03	; 3
    1336:	46 ce       	rjmp	.-884    	; 0xfc4 <__stack+0x6c5>
C:\Users\Utilizador\Desktop\RAFA\UNI\LABSI-LUMINOSIDADE\LABSI\PROG\PROGv1/PROGv1.ino:1070
				// 3. ATUALIZAÇÃO DO DISPLAY (100ms)
				if(g_display_counter >= 10) {
					g_display_counter = 0;
					oled_update_status();
					char op_mode_char = (g_operating_mode == MODE_AUTOMATIC) ? 'A' : 'M';
					uint16_t disp_set = (g_fix_state != 0) ? g_last_setpoint_value : g_target_lux;
    1338:	80 91 02 01 	lds	r24, 0x0102	; 0x800102 <g_target_lux>
    133c:	90 91 03 01 	lds	r25, 0x0103	; 0x800103 <g_target_lux+0x1>
    1340:	9b ce       	rjmp	.-714    	; 0x1078 <__stack+0x779>
C:\Users\Utilizador\Desktop\RAFA\UNI\LABSI-LUMINOSIDADE\LABSI\PROG\PROGv1/PROGv1.ino:1074
					
					
					char motor1_char = 'E';
					if (g_motor1_action == ABRIR) motor1_char = 'A';
    1342:	21 e4       	ldi	r18, 0x41	; 65
    1344:	a5 ce       	rjmp	.-694    	; 0x1090 <__stack+0x791>
C:\Users\Utilizador\Desktop\RAFA\UNI\LABSI-LUMINOSIDADE\LABSI\PROG\PROGv1/PROGv1.ino:1076
					else if (g_motor1_action == FECHAR) motor1_char = 'F';
					else motor1_char = 'P';
    1346:	20 e5       	ldi	r18, 0x50	; 80
    1348:	a3 ce       	rjmp	.-698    	; 0x1090 <__stack+0x791>

0000134a <eeprom_update_word>:
eeprom_update_word():
    134a:	01 96       	adiw	r24, 0x01	; 1
    134c:	27 2f       	mov	r18, r23
    134e:	0e 94 ac 09 	call	0x1358	; 0x1358 <eeprom_update_r18>
    1352:	0c 94 ab 09 	jmp	0x1356	; 0x1356 <eeprom_update_byte>

00001356 <eeprom_update_byte>:
eeprom_update_byte():
    1356:	26 2f       	mov	r18, r22

00001358 <eeprom_update_r18>:
    1358:	f9 99       	sbic	0x1f, 1	; 31
    135a:	fe cf       	rjmp	.-4      	; 0x1358 <eeprom_update_r18>
    135c:	92 bd       	out	0x22, r25	; 34
    135e:	81 bd       	out	0x21, r24	; 33
    1360:	f8 9a       	sbi	0x1f, 0	; 31
    1362:	01 97       	sbiw	r24, 0x01	; 1
    1364:	00 b4       	in	r0, 0x20	; 32
    1366:	02 16       	cp	r0, r18
    1368:	39 f0       	breq	.+14     	; 0x1378 <eeprom_update_r18+0x20>
    136a:	1f ba       	out	0x1f, r1	; 31
    136c:	20 bd       	out	0x20, r18	; 32
    136e:	0f b6       	in	r0, 0x3f	; 63
    1370:	f8 94       	cli
    1372:	fa 9a       	sbi	0x1f, 2	; 31
    1374:	f9 9a       	sbi	0x1f, 1	; 31
    1376:	0f be       	out	0x3f, r0	; 63
    1378:	08 95       	ret

0000137a <__divsf3>:
__divsf3():
    137a:	0e 94 d1 09 	call	0x13a2	; 0x13a2 <__divsf3x>
    137e:	0c 94 b2 0a 	jmp	0x1564	; 0x1564 <__fp_round>
    1382:	0e 94 ab 0a 	call	0x1556	; 0x1556 <__fp_pscB>
    1386:	58 f0       	brcs	.+22     	; 0x139e <__divsf3+0x24>
    1388:	0e 94 a4 0a 	call	0x1548	; 0x1548 <__fp_pscA>
    138c:	40 f0       	brcs	.+16     	; 0x139e <__divsf3+0x24>
    138e:	29 f4       	brne	.+10     	; 0x139a <__divsf3+0x20>
    1390:	5f 3f       	cpi	r21, 0xFF	; 255
    1392:	29 f0       	breq	.+10     	; 0x139e <__divsf3+0x24>
    1394:	0c 94 9b 0a 	jmp	0x1536	; 0x1536 <__fp_inf>
    1398:	51 11       	cpse	r21, r1
    139a:	0c 94 e6 0a 	jmp	0x15cc	; 0x15cc <__fp_szero>
    139e:	0c 94 a1 0a 	jmp	0x1542	; 0x1542 <__fp_nan>

000013a2 <__divsf3x>:
__divsf3x():
    13a2:	0e 94 c3 0a 	call	0x1586	; 0x1586 <__fp_split3>
    13a6:	68 f3       	brcs	.-38     	; 0x1382 <__divsf3+0x8>

000013a8 <__divsf3_pse>:
    13a8:	99 23       	and	r25, r25
    13aa:	b1 f3       	breq	.-20     	; 0x1398 <__divsf3+0x1e>
    13ac:	55 23       	and	r21, r21
    13ae:	91 f3       	breq	.-28     	; 0x1394 <__divsf3+0x1a>
    13b0:	95 1b       	sub	r25, r21
    13b2:	55 0b       	sbc	r21, r21
    13b4:	bb 27       	eor	r27, r27
    13b6:	aa 27       	eor	r26, r26
    13b8:	62 17       	cp	r22, r18
    13ba:	73 07       	cpc	r23, r19
    13bc:	84 07       	cpc	r24, r20
    13be:	38 f0       	brcs	.+14     	; 0x13ce <__divsf3_pse+0x26>
    13c0:	9f 5f       	subi	r25, 0xFF	; 255
    13c2:	5f 4f       	sbci	r21, 0xFF	; 255
    13c4:	22 0f       	add	r18, r18
    13c6:	33 1f       	adc	r19, r19
    13c8:	44 1f       	adc	r20, r20
    13ca:	aa 1f       	adc	r26, r26
    13cc:	a9 f3       	breq	.-22     	; 0x13b8 <__divsf3_pse+0x10>
    13ce:	35 d0       	rcall	.+106    	; 0x143a <__divsf3_pse+0x92>
    13d0:	0e 2e       	mov	r0, r30
    13d2:	3a f0       	brmi	.+14     	; 0x13e2 <__divsf3_pse+0x3a>
    13d4:	e0 e8       	ldi	r30, 0x80	; 128
    13d6:	32 d0       	rcall	.+100    	; 0x143c <__divsf3_pse+0x94>
    13d8:	91 50       	subi	r25, 0x01	; 1
    13da:	50 40       	sbci	r21, 0x00	; 0
    13dc:	e6 95       	lsr	r30
    13de:	00 1c       	adc	r0, r0
    13e0:	ca f7       	brpl	.-14     	; 0x13d4 <__divsf3_pse+0x2c>
    13e2:	2b d0       	rcall	.+86     	; 0x143a <__divsf3_pse+0x92>
    13e4:	fe 2f       	mov	r31, r30
    13e6:	29 d0       	rcall	.+82     	; 0x143a <__divsf3_pse+0x92>
    13e8:	66 0f       	add	r22, r22
    13ea:	77 1f       	adc	r23, r23
    13ec:	88 1f       	adc	r24, r24
    13ee:	bb 1f       	adc	r27, r27
    13f0:	26 17       	cp	r18, r22
    13f2:	37 07       	cpc	r19, r23
    13f4:	48 07       	cpc	r20, r24
    13f6:	ab 07       	cpc	r26, r27
    13f8:	b0 e8       	ldi	r27, 0x80	; 128
    13fa:	09 f0       	breq	.+2      	; 0x13fe <__divsf3_pse+0x56>
    13fc:	bb 0b       	sbc	r27, r27
    13fe:	80 2d       	mov	r24, r0
    1400:	bf 01       	movw	r22, r30
    1402:	ff 27       	eor	r31, r31
    1404:	93 58       	subi	r25, 0x83	; 131
    1406:	5f 4f       	sbci	r21, 0xFF	; 255
    1408:	3a f0       	brmi	.+14     	; 0x1418 <__divsf3_pse+0x70>
    140a:	9e 3f       	cpi	r25, 0xFE	; 254
    140c:	51 05       	cpc	r21, r1
    140e:	78 f0       	brcs	.+30     	; 0x142e <__divsf3_pse+0x86>
    1410:	0c 94 9b 0a 	jmp	0x1536	; 0x1536 <__fp_inf>
    1414:	0c 94 e6 0a 	jmp	0x15cc	; 0x15cc <__fp_szero>
    1418:	5f 3f       	cpi	r21, 0xFF	; 255
    141a:	e4 f3       	brlt	.-8      	; 0x1414 <__divsf3_pse+0x6c>
    141c:	98 3e       	cpi	r25, 0xE8	; 232
    141e:	d4 f3       	brlt	.-12     	; 0x1414 <__divsf3_pse+0x6c>
    1420:	86 95       	lsr	r24
    1422:	77 95       	ror	r23
    1424:	67 95       	ror	r22
    1426:	b7 95       	ror	r27
    1428:	f7 95       	ror	r31
    142a:	9f 5f       	subi	r25, 0xFF	; 255
    142c:	c9 f7       	brne	.-14     	; 0x1420 <__divsf3_pse+0x78>
    142e:	88 0f       	add	r24, r24
    1430:	91 1d       	adc	r25, r1
    1432:	96 95       	lsr	r25
    1434:	87 95       	ror	r24
    1436:	97 f9       	bld	r25, 7
    1438:	08 95       	ret
    143a:	e1 e0       	ldi	r30, 0x01	; 1
    143c:	66 0f       	add	r22, r22
    143e:	77 1f       	adc	r23, r23
    1440:	88 1f       	adc	r24, r24
    1442:	bb 1f       	adc	r27, r27
    1444:	62 17       	cp	r22, r18
    1446:	73 07       	cpc	r23, r19
    1448:	84 07       	cpc	r24, r20
    144a:	ba 07       	cpc	r27, r26
    144c:	20 f0       	brcs	.+8      	; 0x1456 <__divsf3_pse+0xae>
    144e:	62 1b       	sub	r22, r18
    1450:	73 0b       	sbc	r23, r19
    1452:	84 0b       	sbc	r24, r20
    1454:	ba 0b       	sbc	r27, r26
    1456:	ee 1f       	adc	r30, r30
    1458:	88 f7       	brcc	.-30     	; 0x143c <__divsf3_pse+0x94>
    145a:	e0 95       	com	r30
    145c:	08 95       	ret

0000145e <__fixunssfsi>:
    145e:	0e 94 cb 0a 	call	0x1596	; 0x1596 <__fp_splitA>
    1462:	88 f0       	brcs	.+34     	; 0x1486 <__fixunssfsi+0x28>
    1464:	9f 57       	subi	r25, 0x7F	; 127
    1466:	98 f0       	brcs	.+38     	; 0x148e <__fixunssfsi+0x30>
    1468:	b9 2f       	mov	r27, r25
    146a:	99 27       	eor	r25, r25
    146c:	b7 51       	subi	r27, 0x17	; 23
    146e:	b0 f0       	brcs	.+44     	; 0x149c <__fixunssfsi+0x3e>
    1470:	e1 f0       	breq	.+56     	; 0x14aa <__fixunssfsi+0x4c>
    1472:	66 0f       	add	r22, r22
    1474:	77 1f       	adc	r23, r23
    1476:	88 1f       	adc	r24, r24
    1478:	99 1f       	adc	r25, r25
    147a:	1a f0       	brmi	.+6      	; 0x1482 <__fixunssfsi+0x24>
    147c:	ba 95       	dec	r27
__fixunssfsi():
    147e:	c9 f7       	brne	.-14     	; 0x1472 <__fixunssfsi+0x14>
    1480:	14 c0       	rjmp	.+40     	; 0x14aa <__fixunssfsi+0x4c>
    1482:	b1 30       	cpi	r27, 0x01	; 1
    1484:	91 f0       	breq	.+36     	; 0x14aa <__fixunssfsi+0x4c>
    1486:	0e 94 e5 0a 	call	0x15ca	; 0x15ca <__fp_zero>
    148a:	b1 e0       	ldi	r27, 0x01	; 1
    148c:	08 95       	ret
    148e:	0c 94 e5 0a 	jmp	0x15ca	; 0x15ca <__fp_zero>
    1492:	67 2f       	mov	r22, r23
    1494:	78 2f       	mov	r23, r24
    1496:	88 27       	eor	r24, r24
    1498:	b8 5f       	subi	r27, 0xF8	; 248
    149a:	39 f0       	breq	.+14     	; 0x14aa <__fixunssfsi+0x4c>
    149c:	b9 3f       	cpi	r27, 0xF9	; 249
    149e:	cc f3       	brlt	.-14     	; 0x1492 <__fixunssfsi+0x34>
    14a0:	86 95       	lsr	r24
    14a2:	77 95       	ror	r23
    14a4:	67 95       	ror	r22
    14a6:	b3 95       	inc	r27
    14a8:	d9 f7       	brne	.-10     	; 0x14a0 <__fixunssfsi+0x42>
    14aa:	3e f4       	brtc	.+14     	; 0x14ba <__fixunssfsi+0x5c>
    14ac:	90 95       	com	r25
    14ae:	80 95       	com	r24
    14b0:	70 95       	com	r23
    14b2:	61 95       	neg	r22
    14b4:	7f 4f       	sbci	r23, 0xFF	; 255
    14b6:	8f 4f       	sbci	r24, 0xFF	; 255
    14b8:	9f 4f       	sbci	r25, 0xFF	; 255
    14ba:	08 95       	ret

000014bc <__floatunsisf>:
__floatunsisf():
    14bc:	e8 94       	clt
    14be:	09 c0       	rjmp	.+18     	; 0x14d2 <__floatsisf+0x12>

000014c0 <__floatsisf>:
    14c0:	97 fb       	bst	r25, 7
    14c2:	3e f4       	brtc	.+14     	; 0x14d2 <__floatsisf+0x12>
    14c4:	90 95       	com	r25
    14c6:	80 95       	com	r24
    14c8:	70 95       	com	r23
    14ca:	61 95       	neg	r22
    14cc:	7f 4f       	sbci	r23, 0xFF	; 255
    14ce:	8f 4f       	sbci	r24, 0xFF	; 255
    14d0:	9f 4f       	sbci	r25, 0xFF	; 255
    14d2:	99 23       	and	r25, r25
    14d4:	a9 f0       	breq	.+42     	; 0x1500 <__floatsisf+0x40>
    14d6:	f9 2f       	mov	r31, r25
    14d8:	96 e9       	ldi	r25, 0x96	; 150
    14da:	bb 27       	eor	r27, r27
    14dc:	93 95       	inc	r25
    14de:	f6 95       	lsr	r31
    14e0:	87 95       	ror	r24
    14e2:	77 95       	ror	r23
    14e4:	67 95       	ror	r22
    14e6:	b7 95       	ror	r27
    14e8:	f1 11       	cpse	r31, r1
    14ea:	f8 cf       	rjmp	.-16     	; 0x14dc <__floatsisf+0x1c>
    14ec:	fa f4       	brpl	.+62     	; 0x152c <__floatsisf+0x6c>
    14ee:	bb 0f       	add	r27, r27
    14f0:	11 f4       	brne	.+4      	; 0x14f6 <__floatsisf+0x36>
    14f2:	60 ff       	sbrs	r22, 0
    14f4:	1b c0       	rjmp	.+54     	; 0x152c <__floatsisf+0x6c>
    14f6:	6f 5f       	subi	r22, 0xFF	; 255
    14f8:	7f 4f       	sbci	r23, 0xFF	; 255
    14fa:	8f 4f       	sbci	r24, 0xFF	; 255
    14fc:	9f 4f       	sbci	r25, 0xFF	; 255
    14fe:	16 c0       	rjmp	.+44     	; 0x152c <__floatsisf+0x6c>
    1500:	88 23       	and	r24, r24
    1502:	11 f0       	breq	.+4      	; 0x1508 <__floatsisf+0x48>
    1504:	96 e9       	ldi	r25, 0x96	; 150
    1506:	11 c0       	rjmp	.+34     	; 0x152a <__floatsisf+0x6a>
    1508:	77 23       	and	r23, r23
    150a:	21 f0       	breq	.+8      	; 0x1514 <__floatsisf+0x54>
    150c:	9e e8       	ldi	r25, 0x8E	; 142
    150e:	87 2f       	mov	r24, r23
    1510:	76 2f       	mov	r23, r22
    1512:	05 c0       	rjmp	.+10     	; 0x151e <__floatsisf+0x5e>
    1514:	66 23       	and	r22, r22
    1516:	71 f0       	breq	.+28     	; 0x1534 <__floatsisf+0x74>
    1518:	96 e8       	ldi	r25, 0x86	; 134
    151a:	86 2f       	mov	r24, r22
    151c:	70 e0       	ldi	r23, 0x00	; 0
    151e:	60 e0       	ldi	r22, 0x00	; 0
    1520:	2a f0       	brmi	.+10     	; 0x152c <__floatsisf+0x6c>
    1522:	9a 95       	dec	r25
    1524:	66 0f       	add	r22, r22
    1526:	77 1f       	adc	r23, r23
    1528:	88 1f       	adc	r24, r24
    152a:	da f7       	brpl	.-10     	; 0x1522 <__floatsisf+0x62>
    152c:	88 0f       	add	r24, r24
    152e:	96 95       	lsr	r25
    1530:	87 95       	ror	r24
    1532:	97 f9       	bld	r25, 7
    1534:	08 95       	ret

00001536 <__fp_inf>:
__fp_inf():
    1536:	97 f9       	bld	r25, 7
    1538:	9f 67       	ori	r25, 0x7F	; 127
    153a:	80 e8       	ldi	r24, 0x80	; 128
    153c:	70 e0       	ldi	r23, 0x00	; 0
    153e:	60 e0       	ldi	r22, 0x00	; 0
    1540:	08 95       	ret

00001542 <__fp_nan>:
__fp_nan():
    1542:	9f ef       	ldi	r25, 0xFF	; 255
    1544:	80 ec       	ldi	r24, 0xC0	; 192
    1546:	08 95       	ret

00001548 <__fp_pscA>:
__fp_pscA():
    1548:	00 24       	eor	r0, r0
    154a:	0a 94       	dec	r0
    154c:	16 16       	cp	r1, r22
    154e:	17 06       	cpc	r1, r23
    1550:	18 06       	cpc	r1, r24
    1552:	09 06       	cpc	r0, r25
    1554:	08 95       	ret

00001556 <__fp_pscB>:
__fp_pscB():
    1556:	00 24       	eor	r0, r0
    1558:	0a 94       	dec	r0
    155a:	12 16       	cp	r1, r18
    155c:	13 06       	cpc	r1, r19
    155e:	14 06       	cpc	r1, r20
    1560:	05 06       	cpc	r0, r21
    1562:	08 95       	ret

00001564 <__fp_round>:
__fp_round():
    1564:	09 2e       	mov	r0, r25
    1566:	03 94       	inc	r0
    1568:	00 0c       	add	r0, r0
    156a:	11 f4       	brne	.+4      	; 0x1570 <__fp_round+0xc>
    156c:	88 23       	and	r24, r24
    156e:	52 f0       	brmi	.+20     	; 0x1584 <__fp_round+0x20>
    1570:	bb 0f       	add	r27, r27
    1572:	40 f4       	brcc	.+16     	; 0x1584 <__fp_round+0x20>
    1574:	bf 2b       	or	r27, r31
    1576:	11 f4       	brne	.+4      	; 0x157c <__fp_round+0x18>
    1578:	60 ff       	sbrs	r22, 0
    157a:	04 c0       	rjmp	.+8      	; 0x1584 <__fp_round+0x20>
    157c:	6f 5f       	subi	r22, 0xFF	; 255
    157e:	7f 4f       	sbci	r23, 0xFF	; 255
    1580:	8f 4f       	sbci	r24, 0xFF	; 255
    1582:	9f 4f       	sbci	r25, 0xFF	; 255
    1584:	08 95       	ret

00001586 <__fp_split3>:
__fp_split3():
    1586:	57 fd       	sbrc	r21, 7
    1588:	90 58       	subi	r25, 0x80	; 128
    158a:	44 0f       	add	r20, r20
    158c:	55 1f       	adc	r21, r21
    158e:	59 f0       	breq	.+22     	; 0x15a6 <__fp_splitA+0x10>
    1590:	5f 3f       	cpi	r21, 0xFF	; 255
    1592:	71 f0       	breq	.+28     	; 0x15b0 <__fp_splitA+0x1a>
    1594:	47 95       	ror	r20

00001596 <__fp_splitA>:
    1596:	88 0f       	add	r24, r24
    1598:	97 fb       	bst	r25, 7
    159a:	99 1f       	adc	r25, r25
    159c:	61 f0       	breq	.+24     	; 0x15b6 <__fp_splitA+0x20>
    159e:	9f 3f       	cpi	r25, 0xFF	; 255
    15a0:	79 f0       	breq	.+30     	; 0x15c0 <__fp_splitA+0x2a>
    15a2:	87 95       	ror	r24
    15a4:	08 95       	ret
    15a6:	12 16       	cp	r1, r18
    15a8:	13 06       	cpc	r1, r19
    15aa:	14 06       	cpc	r1, r20
    15ac:	55 1f       	adc	r21, r21
    15ae:	f2 cf       	rjmp	.-28     	; 0x1594 <__fp_split3+0xe>
    15b0:	46 95       	lsr	r20
    15b2:	f1 df       	rcall	.-30     	; 0x1596 <__fp_splitA>
    15b4:	08 c0       	rjmp	.+16     	; 0x15c6 <__fp_splitA+0x30>
    15b6:	16 16       	cp	r1, r22
    15b8:	17 06       	cpc	r1, r23
    15ba:	18 06       	cpc	r1, r24
    15bc:	99 1f       	adc	r25, r25
    15be:	f1 cf       	rjmp	.-30     	; 0x15a2 <__fp_splitA+0xc>
    15c0:	86 95       	lsr	r24
    15c2:	71 05       	cpc	r23, r1
    15c4:	61 05       	cpc	r22, r1
    15c6:	08 94       	sec
    15c8:	08 95       	ret

000015ca <__fp_zero>:
__fp_zero():
    15ca:	e8 94       	clt

000015cc <__fp_szero>:
    15cc:	bb 27       	eor	r27, r27
    15ce:	66 27       	eor	r22, r22
    15d0:	77 27       	eor	r23, r23
    15d2:	cb 01       	movw	r24, r22
    15d4:	97 f9       	bld	r25, 7
    15d6:	08 95       	ret

000015d8 <__udivmodqi4>:
__udivmodqi4():
/home/jenkins-mingw32/workspace/avr-gcc-staging/label/Ubuntu14.04x64-mingw32/gcc-build/avr/avr5/libgcc/../../../../gcc/libgcc/config/avr/lib1funcs.S:1346
    15d8:	99 1b       	sub	r25, r25
/home/jenkins-mingw32/workspace/avr-gcc-staging/label/Ubuntu14.04x64-mingw32/gcc-build/avr/avr5/libgcc/../../../../gcc/libgcc/config/avr/lib1funcs.S:1347
    15da:	79 e0       	ldi	r23, 0x09	; 9
/home/jenkins-mingw32/workspace/avr-gcc-staging/label/Ubuntu14.04x64-mingw32/gcc-build/avr/avr5/libgcc/../../../../gcc/libgcc/config/avr/lib1funcs.S:1348
    15dc:	04 c0       	rjmp	.+8      	; 0x15e6 <__udivmodqi4_ep>

000015de <__udivmodqi4_loop>:
/home/jenkins-mingw32/workspace/avr-gcc-staging/label/Ubuntu14.04x64-mingw32/gcc-build/avr/avr5/libgcc/../../../../gcc/libgcc/config/avr/lib1funcs.S:1350
    15de:	99 1f       	adc	r25, r25
/home/jenkins-mingw32/workspace/avr-gcc-staging/label/Ubuntu14.04x64-mingw32/gcc-build/avr/avr5/libgcc/../../../../gcc/libgcc/config/avr/lib1funcs.S:1351
    15e0:	96 17       	cp	r25, r22
/home/jenkins-mingw32/workspace/avr-gcc-staging/label/Ubuntu14.04x64-mingw32/gcc-build/avr/avr5/libgcc/../../../../gcc/libgcc/config/avr/lib1funcs.S:1352
    15e2:	08 f0       	brcs	.+2      	; 0x15e6 <__udivmodqi4_ep>
/home/jenkins-mingw32/workspace/avr-gcc-staging/label/Ubuntu14.04x64-mingw32/gcc-build/avr/avr5/libgcc/../../../../gcc/libgcc/config/avr/lib1funcs.S:1353
    15e4:	96 1b       	sub	r25, r22

000015e6 <__udivmodqi4_ep>:
/home/jenkins-mingw32/workspace/avr-gcc-staging/label/Ubuntu14.04x64-mingw32/gcc-build/avr/avr5/libgcc/../../../../gcc/libgcc/config/avr/lib1funcs.S:1355
    15e6:	88 1f       	adc	r24, r24
/home/jenkins-mingw32/workspace/avr-gcc-staging/label/Ubuntu14.04x64-mingw32/gcc-build/avr/avr5/libgcc/../../../../gcc/libgcc/config/avr/lib1funcs.S:1356
    15e8:	7a 95       	dec	r23
/home/jenkins-mingw32/workspace/avr-gcc-staging/label/Ubuntu14.04x64-mingw32/gcc-build/avr/avr5/libgcc/../../../../gcc/libgcc/config/avr/lib1funcs.S:1357
    15ea:	c9 f7       	brne	.-14     	; 0x15de <__udivmodqi4_loop>
/home/jenkins-mingw32/workspace/avr-gcc-staging/label/Ubuntu14.04x64-mingw32/gcc-build/avr/avr5/libgcc/../../../../gcc/libgcc/config/avr/lib1funcs.S:1358
    15ec:	80 95       	com	r24
/home/jenkins-mingw32/workspace/avr-gcc-staging/label/Ubuntu14.04x64-mingw32/gcc-build/avr/avr5/libgcc/../../../../gcc/libgcc/config/avr/lib1funcs.S:1360
    15ee:	08 95       	ret

000015f0 <__divmodhi4>:
__divmodhi4():
/home/jenkins-mingw32/workspace/avr-gcc-staging/label/Ubuntu14.04x64-mingw32/gcc-build/avr/avr5/libgcc/../../../../gcc/libgcc/config/avr/lib1funcs.S:1440
    15f0:	97 fb       	bst	r25, 7
/home/jenkins-mingw32/workspace/avr-gcc-staging/label/Ubuntu14.04x64-mingw32/gcc-build/avr/avr5/libgcc/../../../../gcc/libgcc/config/avr/lib1funcs.S:1441
    15f2:	07 2e       	mov	r0, r23
/home/jenkins-mingw32/workspace/avr-gcc-staging/label/Ubuntu14.04x64-mingw32/gcc-build/avr/avr5/libgcc/../../../../gcc/libgcc/config/avr/lib1funcs.S:1442
    15f4:	16 f4       	brtc	.+4      	; 0x15fa <__divmodhi4+0xa>
/home/jenkins-mingw32/workspace/avr-gcc-staging/label/Ubuntu14.04x64-mingw32/gcc-build/avr/avr5/libgcc/../../../../gcc/libgcc/config/avr/lib1funcs.S:1443
    15f6:	00 94       	com	r0
/home/jenkins-mingw32/workspace/avr-gcc-staging/label/Ubuntu14.04x64-mingw32/gcc-build/avr/avr5/libgcc/../../../../gcc/libgcc/config/avr/lib1funcs.S:1444
    15f8:	07 d0       	rcall	.+14     	; 0x1608 <__divmodhi4_neg1>
/home/jenkins-mingw32/workspace/avr-gcc-staging/label/Ubuntu14.04x64-mingw32/gcc-build/avr/avr5/libgcc/../../../../gcc/libgcc/config/avr/lib1funcs.S:1446
    15fa:	77 fd       	sbrc	r23, 7
/home/jenkins-mingw32/workspace/avr-gcc-staging/label/Ubuntu14.04x64-mingw32/gcc-build/avr/avr5/libgcc/../../../../gcc/libgcc/config/avr/lib1funcs.S:1447
    15fc:	09 d0       	rcall	.+18     	; 0x1610 <__divmodhi4_neg2>
/home/jenkins-mingw32/workspace/avr-gcc-staging/label/Ubuntu14.04x64-mingw32/gcc-build/avr/avr5/libgcc/../../../../gcc/libgcc/config/avr/lib1funcs.S:1448
    15fe:	0e 94 34 0b 	call	0x1668	; 0x1668 <__udivmodhi4>
/home/jenkins-mingw32/workspace/avr-gcc-staging/label/Ubuntu14.04x64-mingw32/gcc-build/avr/avr5/libgcc/../../../../gcc/libgcc/config/avr/lib1funcs.S:1449
    1602:	07 fc       	sbrc	r0, 7
/home/jenkins-mingw32/workspace/avr-gcc-staging/label/Ubuntu14.04x64-mingw32/gcc-build/avr/avr5/libgcc/../../../../gcc/libgcc/config/avr/lib1funcs.S:1450
    1604:	05 d0       	rcall	.+10     	; 0x1610 <__divmodhi4_neg2>
/home/jenkins-mingw32/workspace/avr-gcc-staging/label/Ubuntu14.04x64-mingw32/gcc-build/avr/avr5/libgcc/../../../../gcc/libgcc/config/avr/lib1funcs.S:1451
    1606:	3e f4       	brtc	.+14     	; 0x1616 <__divmodhi4_exit>

00001608 <__divmodhi4_neg1>:
/home/jenkins-mingw32/workspace/avr-gcc-staging/label/Ubuntu14.04x64-mingw32/gcc-build/avr/avr5/libgcc/../../../../gcc/libgcc/config/avr/lib1funcs.S:1454
    1608:	90 95       	com	r25
/home/jenkins-mingw32/workspace/avr-gcc-staging/label/Ubuntu14.04x64-mingw32/gcc-build/avr/avr5/libgcc/../../../../gcc/libgcc/config/avr/lib1funcs.S:1455
    160a:	81 95       	neg	r24
/home/jenkins-mingw32/workspace/avr-gcc-staging/label/Ubuntu14.04x64-mingw32/gcc-build/avr/avr5/libgcc/../../../../gcc/libgcc/config/avr/lib1funcs.S:1456
    160c:	9f 4f       	sbci	r25, 0xFF	; 255
/home/jenkins-mingw32/workspace/avr-gcc-staging/label/Ubuntu14.04x64-mingw32/gcc-build/avr/avr5/libgcc/../../../../gcc/libgcc/config/avr/lib1funcs.S:1457
    160e:	08 95       	ret

00001610 <__divmodhi4_neg2>:
/home/jenkins-mingw32/workspace/avr-gcc-staging/label/Ubuntu14.04x64-mingw32/gcc-build/avr/avr5/libgcc/../../../../gcc/libgcc/config/avr/lib1funcs.S:1460
    1610:	70 95       	com	r23
/home/jenkins-mingw32/workspace/avr-gcc-staging/label/Ubuntu14.04x64-mingw32/gcc-build/avr/avr5/libgcc/../../../../gcc/libgcc/config/avr/lib1funcs.S:1461
    1612:	61 95       	neg	r22
/home/jenkins-mingw32/workspace/avr-gcc-staging/label/Ubuntu14.04x64-mingw32/gcc-build/avr/avr5/libgcc/../../../../gcc/libgcc/config/avr/lib1funcs.S:1462
    1614:	7f 4f       	sbci	r23, 0xFF	; 255

00001616 <__divmodhi4_exit>:
/home/jenkins-mingw32/workspace/avr-gcc-staging/label/Ubuntu14.04x64-mingw32/gcc-build/avr/avr5/libgcc/../../../../gcc/libgcc/config/avr/lib1funcs.S:1464
    1616:	08 95       	ret

00001618 <__udivmodsi4>:
__udivmodsi4():
/home/jenkins-mingw32/workspace/avr-gcc-staging/label/Ubuntu14.04x64-mingw32/gcc-build/avr/avr5/libgcc/../../../../gcc/libgcc/config/avr/lib1funcs.S:1638
    1618:	a1 e2       	ldi	r26, 0x21	; 33
/home/jenkins-mingw32/workspace/avr-gcc-staging/label/Ubuntu14.04x64-mingw32/gcc-build/avr/avr5/libgcc/../../../../gcc/libgcc/config/avr/lib1funcs.S:1639
    161a:	1a 2e       	mov	r1, r26
/home/jenkins-mingw32/workspace/avr-gcc-staging/label/Ubuntu14.04x64-mingw32/gcc-build/avr/avr5/libgcc/../../../../gcc/libgcc/config/avr/lib1funcs.S:1640
    161c:	aa 1b       	sub	r26, r26
/home/jenkins-mingw32/workspace/avr-gcc-staging/label/Ubuntu14.04x64-mingw32/gcc-build/avr/avr5/libgcc/../../../../gcc/libgcc/config/avr/lib1funcs.S:1641
    161e:	bb 1b       	sub	r27, r27
/home/jenkins-mingw32/workspace/avr-gcc-staging/label/Ubuntu14.04x64-mingw32/gcc-build/avr/avr5/libgcc/../../../../gcc/libgcc/config/avr/lib1funcs.S:1642
    1620:	fd 01       	movw	r30, r26
/home/jenkins-mingw32/workspace/avr-gcc-staging/label/Ubuntu14.04x64-mingw32/gcc-build/avr/avr5/libgcc/../../../../gcc/libgcc/config/avr/lib1funcs.S:1644
    1622:	0d c0       	rjmp	.+26     	; 0x163e <__udivmodsi4_ep>

00001624 <__udivmodsi4_loop>:
/home/jenkins-mingw32/workspace/avr-gcc-staging/label/Ubuntu14.04x64-mingw32/gcc-build/avr/avr5/libgcc/../../../../gcc/libgcc/config/avr/lib1funcs.S:1646
    1624:	aa 1f       	adc	r26, r26
/home/jenkins-mingw32/workspace/avr-gcc-staging/label/Ubuntu14.04x64-mingw32/gcc-build/avr/avr5/libgcc/../../../../gcc/libgcc/config/avr/lib1funcs.S:1647
    1626:	bb 1f       	adc	r27, r27
/home/jenkins-mingw32/workspace/avr-gcc-staging/label/Ubuntu14.04x64-mingw32/gcc-build/avr/avr5/libgcc/../../../../gcc/libgcc/config/avr/lib1funcs.S:1648
    1628:	ee 1f       	adc	r30, r30
/home/jenkins-mingw32/workspace/avr-gcc-staging/label/Ubuntu14.04x64-mingw32/gcc-build/avr/avr5/libgcc/../../../../gcc/libgcc/config/avr/lib1funcs.S:1649
    162a:	ff 1f       	adc	r31, r31
/home/jenkins-mingw32/workspace/avr-gcc-staging/label/Ubuntu14.04x64-mingw32/gcc-build/avr/avr5/libgcc/../../../../gcc/libgcc/config/avr/lib1funcs.S:1650
    162c:	a2 17       	cp	r26, r18
/home/jenkins-mingw32/workspace/avr-gcc-staging/label/Ubuntu14.04x64-mingw32/gcc-build/avr/avr5/libgcc/../../../../gcc/libgcc/config/avr/lib1funcs.S:1651
    162e:	b3 07       	cpc	r27, r19
/home/jenkins-mingw32/workspace/avr-gcc-staging/label/Ubuntu14.04x64-mingw32/gcc-build/avr/avr5/libgcc/../../../../gcc/libgcc/config/avr/lib1funcs.S:1652
    1630:	e4 07       	cpc	r30, r20
/home/jenkins-mingw32/workspace/avr-gcc-staging/label/Ubuntu14.04x64-mingw32/gcc-build/avr/avr5/libgcc/../../../../gcc/libgcc/config/avr/lib1funcs.S:1653
    1632:	f5 07       	cpc	r31, r21
/home/jenkins-mingw32/workspace/avr-gcc-staging/label/Ubuntu14.04x64-mingw32/gcc-build/avr/avr5/libgcc/../../../../gcc/libgcc/config/avr/lib1funcs.S:1654
    1634:	20 f0       	brcs	.+8      	; 0x163e <__udivmodsi4_ep>
/home/jenkins-mingw32/workspace/avr-gcc-staging/label/Ubuntu14.04x64-mingw32/gcc-build/avr/avr5/libgcc/../../../../gcc/libgcc/config/avr/lib1funcs.S:1655
    1636:	a2 1b       	sub	r26, r18
/home/jenkins-mingw32/workspace/avr-gcc-staging/label/Ubuntu14.04x64-mingw32/gcc-build/avr/avr5/libgcc/../../../../gcc/libgcc/config/avr/lib1funcs.S:1656
    1638:	b3 0b       	sbc	r27, r19
/home/jenkins-mingw32/workspace/avr-gcc-staging/label/Ubuntu14.04x64-mingw32/gcc-build/avr/avr5/libgcc/../../../../gcc/libgcc/config/avr/lib1funcs.S:1657
    163a:	e4 0b       	sbc	r30, r20
/home/jenkins-mingw32/workspace/avr-gcc-staging/label/Ubuntu14.04x64-mingw32/gcc-build/avr/avr5/libgcc/../../../../gcc/libgcc/config/avr/lib1funcs.S:1658
    163c:	f5 0b       	sbc	r31, r21

0000163e <__udivmodsi4_ep>:
/home/jenkins-mingw32/workspace/avr-gcc-staging/label/Ubuntu14.04x64-mingw32/gcc-build/avr/avr5/libgcc/../../../../gcc/libgcc/config/avr/lib1funcs.S:1660
    163e:	66 1f       	adc	r22, r22
/home/jenkins-mingw32/workspace/avr-gcc-staging/label/Ubuntu14.04x64-mingw32/gcc-build/avr/avr5/libgcc/../../../../gcc/libgcc/config/avr/lib1funcs.S:1661
    1640:	77 1f       	adc	r23, r23
/home/jenkins-mingw32/workspace/avr-gcc-staging/label/Ubuntu14.04x64-mingw32/gcc-build/avr/avr5/libgcc/../../../../gcc/libgcc/config/avr/lib1funcs.S:1662
    1642:	88 1f       	adc	r24, r24
/home/jenkins-mingw32/workspace/avr-gcc-staging/label/Ubuntu14.04x64-mingw32/gcc-build/avr/avr5/libgcc/../../../../gcc/libgcc/config/avr/lib1funcs.S:1663
    1644:	99 1f       	adc	r25, r25
/home/jenkins-mingw32/workspace/avr-gcc-staging/label/Ubuntu14.04x64-mingw32/gcc-build/avr/avr5/libgcc/../../../../gcc/libgcc/config/avr/lib1funcs.S:1664
    1646:	1a 94       	dec	r1
/home/jenkins-mingw32/workspace/avr-gcc-staging/label/Ubuntu14.04x64-mingw32/gcc-build/avr/avr5/libgcc/../../../../gcc/libgcc/config/avr/lib1funcs.S:1665
    1648:	69 f7       	brne	.-38     	; 0x1624 <__udivmodsi4_loop>
/home/jenkins-mingw32/workspace/avr-gcc-staging/label/Ubuntu14.04x64-mingw32/gcc-build/avr/avr5/libgcc/../../../../gcc/libgcc/config/avr/lib1funcs.S:1667
    164a:	60 95       	com	r22
/home/jenkins-mingw32/workspace/avr-gcc-staging/label/Ubuntu14.04x64-mingw32/gcc-build/avr/avr5/libgcc/../../../../gcc/libgcc/config/avr/lib1funcs.S:1668
    164c:	70 95       	com	r23
/home/jenkins-mingw32/workspace/avr-gcc-staging/label/Ubuntu14.04x64-mingw32/gcc-build/avr/avr5/libgcc/../../../../gcc/libgcc/config/avr/lib1funcs.S:1669
    164e:	80 95       	com	r24
/home/jenkins-mingw32/workspace/avr-gcc-staging/label/Ubuntu14.04x64-mingw32/gcc-build/avr/avr5/libgcc/../../../../gcc/libgcc/config/avr/lib1funcs.S:1670
    1650:	90 95       	com	r25
/home/jenkins-mingw32/workspace/avr-gcc-staging/label/Ubuntu14.04x64-mingw32/gcc-build/avr/avr5/libgcc/../../../../gcc/libgcc/config/avr/lib1funcs.S:1672
    1652:	9b 01       	movw	r18, r22
/home/jenkins-mingw32/workspace/avr-gcc-staging/label/Ubuntu14.04x64-mingw32/gcc-build/avr/avr5/libgcc/../../../../gcc/libgcc/config/avr/lib1funcs.S:1674
    1654:	ac 01       	movw	r20, r24
/home/jenkins-mingw32/workspace/avr-gcc-staging/label/Ubuntu14.04x64-mingw32/gcc-build/avr/avr5/libgcc/../../../../gcc/libgcc/config/avr/lib1funcs.S:1676
    1656:	bd 01       	movw	r22, r26
/home/jenkins-mingw32/workspace/avr-gcc-staging/label/Ubuntu14.04x64-mingw32/gcc-build/avr/avr5/libgcc/../../../../gcc/libgcc/config/avr/lib1funcs.S:1678
    1658:	cf 01       	movw	r24, r30
/home/jenkins-mingw32/workspace/avr-gcc-staging/label/Ubuntu14.04x64-mingw32/gcc-build/avr/avr5/libgcc/../../../../gcc/libgcc/config/avr/lib1funcs.S:1680
    165a:	08 95       	ret

0000165c <__tablejump2__>:
__tablejump2__():
/home/jenkins-mingw32/workspace/avr-gcc-staging/label/Ubuntu14.04x64-mingw32/gcc-build/avr/avr5/libgcc/../../../../gcc/libgcc/config/avr/lib1funcs.S:2296
    165c:	ee 0f       	add	r30, r30
/home/jenkins-mingw32/workspace/avr-gcc-staging/label/Ubuntu14.04x64-mingw32/gcc-build/avr/avr5/libgcc/../../../../gcc/libgcc/config/avr/lib1funcs.S:2297
    165e:	ff 1f       	adc	r31, r31
/home/jenkins-mingw32/workspace/avr-gcc-staging/label/Ubuntu14.04x64-mingw32/gcc-build/avr/avr5/libgcc/../../../../gcc/libgcc/config/avr/lib1funcs.S:2328
    1660:	05 90       	lpm	r0, Z+
/home/jenkins-mingw32/workspace/avr-gcc-staging/label/Ubuntu14.04x64-mingw32/gcc-build/avr/avr5/libgcc/../../../../gcc/libgcc/config/avr/lib1funcs.S:2329
    1662:	f4 91       	lpm	r31, Z
/home/jenkins-mingw32/workspace/avr-gcc-staging/label/Ubuntu14.04x64-mingw32/gcc-build/avr/avr5/libgcc/../../../../gcc/libgcc/config/avr/lib1funcs.S:2330
    1664:	e0 2d       	mov	r30, r0
/home/jenkins-mingw32/workspace/avr-gcc-staging/label/Ubuntu14.04x64-mingw32/gcc-build/avr/avr5/libgcc/../../../../gcc/libgcc/config/avr/lib1funcs.S:2331
    1666:	09 94       	ijmp

00001668 <__udivmodhi4>:
__udivmodhi4():
/home/jenkins-mingw32/workspace/avr-gcc-staging/label/Ubuntu14.04x64-mingw32/gcc-build/avr/avr5/libgcc/../../../../gcc/libgcc/config/avr/lib1funcs.S:1408
    1668:	aa 1b       	sub	r26, r26
/home/jenkins-mingw32/workspace/avr-gcc-staging/label/Ubuntu14.04x64-mingw32/gcc-build/avr/avr5/libgcc/../../../../gcc/libgcc/config/avr/lib1funcs.S:1409
    166a:	bb 1b       	sub	r27, r27
/home/jenkins-mingw32/workspace/avr-gcc-staging/label/Ubuntu14.04x64-mingw32/gcc-build/avr/avr5/libgcc/../../../../gcc/libgcc/config/avr/lib1funcs.S:1410
    166c:	51 e1       	ldi	r21, 0x11	; 17
/home/jenkins-mingw32/workspace/avr-gcc-staging/label/Ubuntu14.04x64-mingw32/gcc-build/avr/avr5/libgcc/../../../../gcc/libgcc/config/avr/lib1funcs.S:1411
    166e:	07 c0       	rjmp	.+14     	; 0x167e <__udivmodhi4_ep>

00001670 <__udivmodhi4_loop>:
/home/jenkins-mingw32/workspace/avr-gcc-staging/label/Ubuntu14.04x64-mingw32/gcc-build/avr/avr5/libgcc/../../../../gcc/libgcc/config/avr/lib1funcs.S:1413
    1670:	aa 1f       	adc	r26, r26
/home/jenkins-mingw32/workspace/avr-gcc-staging/label/Ubuntu14.04x64-mingw32/gcc-build/avr/avr5/libgcc/../../../../gcc/libgcc/config/avr/lib1funcs.S:1414
    1672:	bb 1f       	adc	r27, r27
/home/jenkins-mingw32/workspace/avr-gcc-staging/label/Ubuntu14.04x64-mingw32/gcc-build/avr/avr5/libgcc/../../../../gcc/libgcc/config/avr/lib1funcs.S:1415
    1674:	a6 17       	cp	r26, r22
/home/jenkins-mingw32/workspace/avr-gcc-staging/label/Ubuntu14.04x64-mingw32/gcc-build/avr/avr5/libgcc/../../../../gcc/libgcc/config/avr/lib1funcs.S:1416
    1676:	b7 07       	cpc	r27, r23
/home/jenkins-mingw32/workspace/avr-gcc-staging/label/Ubuntu14.04x64-mingw32/gcc-build/avr/avr5/libgcc/../../../../gcc/libgcc/config/avr/lib1funcs.S:1417
    1678:	10 f0       	brcs	.+4      	; 0x167e <__udivmodhi4_ep>
/home/jenkins-mingw32/workspace/avr-gcc-staging/label/Ubuntu14.04x64-mingw32/gcc-build/avr/avr5/libgcc/../../../../gcc/libgcc/config/avr/lib1funcs.S:1418
    167a:	a6 1b       	sub	r26, r22
/home/jenkins-mingw32/workspace/avr-gcc-staging/label/Ubuntu14.04x64-mingw32/gcc-build/avr/avr5/libgcc/../../../../gcc/libgcc/config/avr/lib1funcs.S:1419
    167c:	b7 0b       	sbc	r27, r23

0000167e <__udivmodhi4_ep>:
/home/jenkins-mingw32/workspace/avr-gcc-staging/label/Ubuntu14.04x64-mingw32/gcc-build/avr/avr5/libgcc/../../../../gcc/libgcc/config/avr/lib1funcs.S:1421
    167e:	88 1f       	adc	r24, r24
/home/jenkins-mingw32/workspace/avr-gcc-staging/label/Ubuntu14.04x64-mingw32/gcc-build/avr/avr5/libgcc/../../../../gcc/libgcc/config/avr/lib1funcs.S:1422
    1680:	99 1f       	adc	r25, r25
/home/jenkins-mingw32/workspace/avr-gcc-staging/label/Ubuntu14.04x64-mingw32/gcc-build/avr/avr5/libgcc/../../../../gcc/libgcc/config/avr/lib1funcs.S:1423
    1682:	5a 95       	dec	r21
/home/jenkins-mingw32/workspace/avr-gcc-staging/label/Ubuntu14.04x64-mingw32/gcc-build/avr/avr5/libgcc/../../../../gcc/libgcc/config/avr/lib1funcs.S:1424
    1684:	a9 f7       	brne	.-22     	; 0x1670 <__udivmodhi4_loop>
/home/jenkins-mingw32/workspace/avr-gcc-staging/label/Ubuntu14.04x64-mingw32/gcc-build/avr/avr5/libgcc/../../../../gcc/libgcc/config/avr/lib1funcs.S:1425
    1686:	80 95       	com	r24
/home/jenkins-mingw32/workspace/avr-gcc-staging/label/Ubuntu14.04x64-mingw32/gcc-build/avr/avr5/libgcc/../../../../gcc/libgcc/config/avr/lib1funcs.S:1426
    1688:	90 95       	com	r25
/home/jenkins-mingw32/workspace/avr-gcc-staging/label/Ubuntu14.04x64-mingw32/gcc-build/avr/avr5/libgcc/../../../../gcc/libgcc/config/avr/lib1funcs.S:1428
    168a:	bc 01       	movw	r22, r24
/home/jenkins-mingw32/workspace/avr-gcc-staging/label/Ubuntu14.04x64-mingw32/gcc-build/avr/avr5/libgcc/../../../../gcc/libgcc/config/avr/lib1funcs.S:1430
    168c:	cd 01       	movw	r24, r26
/home/jenkins-mingw32/workspace/avr-gcc-staging/label/Ubuntu14.04x64-mingw32/gcc-build/avr/avr5/libgcc/../../../../gcc/libgcc/config/avr/lib1funcs.S:1432
    168e:	08 95       	ret

00001690 <strcmp>:
strcmp():
    1690:	fb 01       	movw	r30, r22
    1692:	dc 01       	movw	r26, r24
    1694:	8d 91       	ld	r24, X+
    1696:	01 90       	ld	r0, Z+
    1698:	80 19       	sub	r24, r0
    169a:	01 10       	cpse	r0, r1
    169c:	d9 f3       	breq	.-10     	; 0x1694 <strcmp+0x4>
    169e:	99 0b       	sbc	r25, r25
    16a0:	08 95       	ret

000016a2 <strcpy>:
strcpy():
    16a2:	fb 01       	movw	r30, r22
    16a4:	dc 01       	movw	r26, r24
    16a6:	01 90       	ld	r0, Z+
    16a8:	0d 92       	st	X+, r0
    16aa:	00 20       	and	r0, r0
    16ac:	e1 f7       	brne	.-8      	; 0x16a6 <strcpy+0x4>
    16ae:	08 95       	ret

000016b0 <sprintf>:
sprintf():
    16b0:	ae e0       	ldi	r26, 0x0E	; 14
    16b2:	b0 e0       	ldi	r27, 0x00	; 0
    16b4:	ee e5       	ldi	r30, 0x5E	; 94
    16b6:	fb e0       	ldi	r31, 0x0B	; 11
    16b8:	0c 94 07 0e 	jmp	0x1c0e	; 0x1c0e <__prologue_saves__+0x1c>
    16bc:	0d 89       	ldd	r16, Y+21	; 0x15
    16be:	1e 89       	ldd	r17, Y+22	; 0x16
    16c0:	86 e0       	ldi	r24, 0x06	; 6
    16c2:	8c 83       	std	Y+4, r24	; 0x04
    16c4:	1a 83       	std	Y+2, r17	; 0x02
    16c6:	09 83       	std	Y+1, r16	; 0x01
    16c8:	8f ef       	ldi	r24, 0xFF	; 255
    16ca:	9f e7       	ldi	r25, 0x7F	; 127
    16cc:	9e 83       	std	Y+6, r25	; 0x06
    16ce:	8d 83       	std	Y+5, r24	; 0x05
    16d0:	ae 01       	movw	r20, r28
    16d2:	47 5e       	subi	r20, 0xE7	; 231
    16d4:	5f 4f       	sbci	r21, 0xFF	; 255
    16d6:	6f 89       	ldd	r22, Y+23	; 0x17
    16d8:	78 8d       	ldd	r23, Y+24	; 0x18
    16da:	ce 01       	movw	r24, r28
    16dc:	01 96       	adiw	r24, 0x01	; 1
    16de:	0e 94 7b 0b 	call	0x16f6	; 0x16f6 <vfprintf>
    16e2:	2f 81       	ldd	r18, Y+7	; 0x07
    16e4:	38 85       	ldd	r19, Y+8	; 0x08
    16e6:	02 0f       	add	r16, r18
    16e8:	13 1f       	adc	r17, r19
    16ea:	f8 01       	movw	r30, r16
    16ec:	10 82       	st	Z, r1
    16ee:	2e 96       	adiw	r28, 0x0e	; 14
    16f0:	e4 e0       	ldi	r30, 0x04	; 4
    16f2:	0c 94 23 0e 	jmp	0x1c46	; 0x1c46 <__epilogue_restores__+0x1c>

000016f6 <vfprintf>:
vfprintf():
    16f6:	ab e0       	ldi	r26, 0x0B	; 11
    16f8:	b0 e0       	ldi	r27, 0x00	; 0
    16fa:	e1 e8       	ldi	r30, 0x81	; 129
    16fc:	fb e0       	ldi	r31, 0x0B	; 11
    16fe:	0c 94 f9 0d 	jmp	0x1bf2	; 0x1bf2 <__prologue_saves__>
    1702:	7c 01       	movw	r14, r24
    1704:	3b 01       	movw	r6, r22
    1706:	8a 01       	movw	r16, r20
    1708:	fc 01       	movw	r30, r24
    170a:	17 82       	std	Z+7, r1	; 0x07
    170c:	16 82       	std	Z+6, r1	; 0x06
    170e:	83 81       	ldd	r24, Z+3	; 0x03
    1710:	81 ff       	sbrs	r24, 1
    1712:	c8 c1       	rjmp	.+912    	; 0x1aa4 <vfprintf+0x3ae>
    1714:	ce 01       	movw	r24, r28
    1716:	01 96       	adiw	r24, 0x01	; 1
    1718:	5c 01       	movw	r10, r24
    171a:	f7 01       	movw	r30, r14
    171c:	93 81       	ldd	r25, Z+3	; 0x03
    171e:	f3 01       	movw	r30, r6
    1720:	93 fd       	sbrc	r25, 3
    1722:	85 91       	lpm	r24, Z+
    1724:	93 ff       	sbrs	r25, 3
    1726:	81 91       	ld	r24, Z+
    1728:	3f 01       	movw	r6, r30
    172a:	88 23       	and	r24, r24
    172c:	09 f4       	brne	.+2      	; 0x1730 <vfprintf+0x3a>
    172e:	53 c1       	rjmp	.+678    	; 0x19d6 <vfprintf+0x2e0>
    1730:	85 32       	cpi	r24, 0x25	; 37
    1732:	39 f4       	brne	.+14     	; 0x1742 <vfprintf+0x4c>
    1734:	93 fd       	sbrc	r25, 3
    1736:	85 91       	lpm	r24, Z+
    1738:	93 ff       	sbrs	r25, 3
    173a:	81 91       	ld	r24, Z+
    173c:	3f 01       	movw	r6, r30
    173e:	85 32       	cpi	r24, 0x25	; 37
    1740:	29 f4       	brne	.+10     	; 0x174c <vfprintf+0x56>
    1742:	b7 01       	movw	r22, r14
    1744:	90 e0       	ldi	r25, 0x00	; 0
    1746:	0e 94 6b 0d 	call	0x1ad6	; 0x1ad6 <fputc>
    174a:	e7 cf       	rjmp	.-50     	; 0x171a <vfprintf+0x24>
    174c:	91 2c       	mov	r9, r1
    174e:	21 2c       	mov	r2, r1
    1750:	31 2c       	mov	r3, r1
    1752:	ff e1       	ldi	r31, 0x1F	; 31
    1754:	f3 15       	cp	r31, r3
    1756:	38 f0       	brcs	.+14     	; 0x1766 <vfprintf+0x70>
    1758:	8b 32       	cpi	r24, 0x2B	; 43
    175a:	11 f1       	breq	.+68     	; 0x17a0 <vfprintf+0xaa>
    175c:	90 f4       	brcc	.+36     	; 0x1782 <vfprintf+0x8c>
    175e:	80 32       	cpi	r24, 0x20	; 32
    1760:	09 f1       	breq	.+66     	; 0x17a4 <vfprintf+0xae>
    1762:	83 32       	cpi	r24, 0x23	; 35
    1764:	29 f1       	breq	.+74     	; 0x17b0 <vfprintf+0xba>
    1766:	37 fc       	sbrc	r3, 7
    1768:	3c c0       	rjmp	.+120    	; 0x17e2 <vfprintf+0xec>
    176a:	20 ed       	ldi	r18, 0xD0	; 208
    176c:	28 0f       	add	r18, r24
    176e:	2a 30       	cpi	r18, 0x0A	; 10
    1770:	50 f5       	brcc	.+84     	; 0x17c6 <vfprintf+0xd0>
    1772:	36 fe       	sbrs	r3, 6
    1774:	20 c0       	rjmp	.+64     	; 0x17b6 <vfprintf+0xc0>
    1776:	8a e0       	ldi	r24, 0x0A	; 10
    1778:	98 9e       	mul	r9, r24
    177a:	20 0d       	add	r18, r0
    177c:	11 24       	eor	r1, r1
    177e:	92 2e       	mov	r9, r18
    1780:	06 c0       	rjmp	.+12     	; 0x178e <vfprintf+0x98>
    1782:	8d 32       	cpi	r24, 0x2D	; 45
    1784:	91 f0       	breq	.+36     	; 0x17aa <vfprintf+0xb4>
    1786:	80 33       	cpi	r24, 0x30	; 48
    1788:	71 f7       	brne	.-36     	; 0x1766 <vfprintf+0x70>
    178a:	68 94       	set
    178c:	30 f8       	bld	r3, 0
    178e:	f3 01       	movw	r30, r6
    1790:	93 fd       	sbrc	r25, 3
    1792:	85 91       	lpm	r24, Z+
    1794:	93 ff       	sbrs	r25, 3
    1796:	81 91       	ld	r24, Z+
    1798:	3f 01       	movw	r6, r30
    179a:	81 11       	cpse	r24, r1
    179c:	da cf       	rjmp	.-76     	; 0x1752 <vfprintf+0x5c>
    179e:	21 c0       	rjmp	.+66     	; 0x17e2 <vfprintf+0xec>
    17a0:	68 94       	set
    17a2:	31 f8       	bld	r3, 1
    17a4:	68 94       	set
    17a6:	32 f8       	bld	r3, 2
    17a8:	f2 cf       	rjmp	.-28     	; 0x178e <vfprintf+0x98>
    17aa:	68 94       	set
    17ac:	33 f8       	bld	r3, 3
    17ae:	ef cf       	rjmp	.-34     	; 0x178e <vfprintf+0x98>
    17b0:	68 94       	set
    17b2:	34 f8       	bld	r3, 4
    17b4:	ec cf       	rjmp	.-40     	; 0x178e <vfprintf+0x98>
    17b6:	ea e0       	ldi	r30, 0x0A	; 10
    17b8:	2e 9e       	mul	r2, r30
    17ba:	20 0d       	add	r18, r0
    17bc:	11 24       	eor	r1, r1
    17be:	22 2e       	mov	r2, r18
    17c0:	68 94       	set
    17c2:	35 f8       	bld	r3, 5
    17c4:	e4 cf       	rjmp	.-56     	; 0x178e <vfprintf+0x98>
    17c6:	8e 32       	cpi	r24, 0x2E	; 46
    17c8:	29 f4       	brne	.+10     	; 0x17d4 <vfprintf+0xde>
    17ca:	36 fc       	sbrc	r3, 6
    17cc:	04 c1       	rjmp	.+520    	; 0x19d6 <vfprintf+0x2e0>
    17ce:	68 94       	set
    17d0:	36 f8       	bld	r3, 6
    17d2:	dd cf       	rjmp	.-70     	; 0x178e <vfprintf+0x98>
    17d4:	8c 36       	cpi	r24, 0x6C	; 108
    17d6:	19 f4       	brne	.+6      	; 0x17de <vfprintf+0xe8>
    17d8:	68 94       	set
    17da:	37 f8       	bld	r3, 7
    17dc:	d8 cf       	rjmp	.-80     	; 0x178e <vfprintf+0x98>
    17de:	88 36       	cpi	r24, 0x68	; 104
    17e0:	b1 f2       	breq	.-84     	; 0x178e <vfprintf+0x98>
    17e2:	98 2f       	mov	r25, r24
    17e4:	9f 7d       	andi	r25, 0xDF	; 223
    17e6:	95 54       	subi	r25, 0x45	; 69
    17e8:	93 30       	cpi	r25, 0x03	; 3
    17ea:	e0 f0       	brcs	.+56     	; 0x1824 <vfprintf+0x12e>
    17ec:	83 36       	cpi	r24, 0x63	; 99
    17ee:	a1 f1       	breq	.+104    	; 0x1858 <vfprintf+0x162>
    17f0:	83 37       	cpi	r24, 0x73	; 115
    17f2:	c1 f1       	breq	.+112    	; 0x1864 <vfprintf+0x16e>
    17f4:	83 35       	cpi	r24, 0x53	; 83
    17f6:	09 f0       	breq	.+2      	; 0x17fa <vfprintf+0x104>
    17f8:	63 c0       	rjmp	.+198    	; 0x18c0 <vfprintf+0x1ca>
    17fa:	28 01       	movw	r4, r16
    17fc:	f2 e0       	ldi	r31, 0x02	; 2
    17fe:	4f 0e       	add	r4, r31
    1800:	51 1c       	adc	r5, r1
    1802:	f8 01       	movw	r30, r16
    1804:	c0 80       	ld	r12, Z
    1806:	d1 80       	ldd	r13, Z+1	; 0x01
    1808:	69 2d       	mov	r22, r9
    180a:	70 e0       	ldi	r23, 0x00	; 0
    180c:	36 fc       	sbrc	r3, 6
    180e:	02 c0       	rjmp	.+4      	; 0x1814 <vfprintf+0x11e>
    1810:	6f ef       	ldi	r22, 0xFF	; 255
    1812:	7f ef       	ldi	r23, 0xFF	; 255
    1814:	c6 01       	movw	r24, r12
    1816:	0e 94 55 0d 	call	0x1aaa	; 0x1aaa <strnlen_P>
    181a:	4c 01       	movw	r8, r24
    181c:	68 94       	set
    181e:	37 f8       	bld	r3, 7
    1820:	82 01       	movw	r16, r4
    1822:	0a c0       	rjmp	.+20     	; 0x1838 <vfprintf+0x142>
    1824:	0c 5f       	subi	r16, 0xFC	; 252
    1826:	1f 4f       	sbci	r17, 0xFF	; 255
    1828:	ff e3       	ldi	r31, 0x3F	; 63
    182a:	f9 83       	std	Y+1, r31	; 0x01
    182c:	88 24       	eor	r8, r8
    182e:	83 94       	inc	r8
    1830:	91 2c       	mov	r9, r1
    1832:	65 01       	movw	r12, r10
    1834:	e8 94       	clt
    1836:	37 f8       	bld	r3, 7
    1838:	33 fe       	sbrs	r3, 3
    183a:	2d c0       	rjmp	.+90     	; 0x1896 <vfprintf+0x1a0>
    183c:	52 2c       	mov	r5, r2
    183e:	81 14       	cp	r8, r1
    1840:	91 04       	cpc	r9, r1
    1842:	71 f5       	brne	.+92     	; 0x18a0 <vfprintf+0x1aa>
    1844:	55 20       	and	r5, r5
    1846:	09 f4       	brne	.+2      	; 0x184a <vfprintf+0x154>
    1848:	68 cf       	rjmp	.-304    	; 0x171a <vfprintf+0x24>
    184a:	b7 01       	movw	r22, r14
    184c:	80 e2       	ldi	r24, 0x20	; 32
    184e:	90 e0       	ldi	r25, 0x00	; 0
    1850:	0e 94 6b 0d 	call	0x1ad6	; 0x1ad6 <fputc>
    1854:	5a 94       	dec	r5
    1856:	f6 cf       	rjmp	.-20     	; 0x1844 <vfprintf+0x14e>
    1858:	f8 01       	movw	r30, r16
    185a:	80 81       	ld	r24, Z
    185c:	89 83       	std	Y+1, r24	; 0x01
    185e:	0e 5f       	subi	r16, 0xFE	; 254
    1860:	1f 4f       	sbci	r17, 0xFF	; 255
    1862:	e4 cf       	rjmp	.-56     	; 0x182c <vfprintf+0x136>
    1864:	28 01       	movw	r4, r16
    1866:	f2 e0       	ldi	r31, 0x02	; 2
    1868:	4f 0e       	add	r4, r31
    186a:	51 1c       	adc	r5, r1
    186c:	f8 01       	movw	r30, r16
    186e:	c0 80       	ld	r12, Z
    1870:	d1 80       	ldd	r13, Z+1	; 0x01
    1872:	69 2d       	mov	r22, r9
    1874:	70 e0       	ldi	r23, 0x00	; 0
    1876:	36 fc       	sbrc	r3, 6
    1878:	02 c0       	rjmp	.+4      	; 0x187e <vfprintf+0x188>
    187a:	6f ef       	ldi	r22, 0xFF	; 255
    187c:	7f ef       	ldi	r23, 0xFF	; 255
    187e:	c6 01       	movw	r24, r12
    1880:	0e 94 60 0d 	call	0x1ac0	; 0x1ac0 <strnlen>
    1884:	4c 01       	movw	r8, r24
    1886:	82 01       	movw	r16, r4
    1888:	d5 cf       	rjmp	.-86     	; 0x1834 <vfprintf+0x13e>
    188a:	b7 01       	movw	r22, r14
    188c:	80 e2       	ldi	r24, 0x20	; 32
    188e:	90 e0       	ldi	r25, 0x00	; 0
    1890:	0e 94 6b 0d 	call	0x1ad6	; 0x1ad6 <fputc>
    1894:	2a 94       	dec	r2
    1896:	28 14       	cp	r2, r8
    1898:	19 04       	cpc	r1, r9
    189a:	09 f0       	breq	.+2      	; 0x189e <vfprintf+0x1a8>
    189c:	b0 f7       	brcc	.-20     	; 0x188a <vfprintf+0x194>
    189e:	ce cf       	rjmp	.-100    	; 0x183c <vfprintf+0x146>
    18a0:	f6 01       	movw	r30, r12
    18a2:	37 fc       	sbrc	r3, 7
    18a4:	85 91       	lpm	r24, Z+
    18a6:	37 fe       	sbrs	r3, 7
    18a8:	81 91       	ld	r24, Z+
    18aa:	6f 01       	movw	r12, r30
    18ac:	b7 01       	movw	r22, r14
    18ae:	90 e0       	ldi	r25, 0x00	; 0
    18b0:	0e 94 6b 0d 	call	0x1ad6	; 0x1ad6 <fputc>
    18b4:	51 10       	cpse	r5, r1
    18b6:	5a 94       	dec	r5
    18b8:	f1 e0       	ldi	r31, 0x01	; 1
    18ba:	8f 1a       	sub	r8, r31
    18bc:	91 08       	sbc	r9, r1
    18be:	bf cf       	rjmp	.-130    	; 0x183e <vfprintf+0x148>
    18c0:	84 36       	cpi	r24, 0x64	; 100
    18c2:	19 f0       	breq	.+6      	; 0x18ca <vfprintf+0x1d4>
    18c4:	89 36       	cpi	r24, 0x69	; 105
    18c6:	09 f0       	breq	.+2      	; 0x18ca <vfprintf+0x1d4>
    18c8:	77 c0       	rjmp	.+238    	; 0x19b8 <vfprintf+0x2c2>
    18ca:	f8 01       	movw	r30, r16
    18cc:	37 fe       	sbrs	r3, 7
    18ce:	6b c0       	rjmp	.+214    	; 0x19a6 <vfprintf+0x2b0>
    18d0:	60 81       	ld	r22, Z
    18d2:	71 81       	ldd	r23, Z+1	; 0x01
    18d4:	82 81       	ldd	r24, Z+2	; 0x02
    18d6:	93 81       	ldd	r25, Z+3	; 0x03
    18d8:	0c 5f       	subi	r16, 0xFC	; 252
    18da:	1f 4f       	sbci	r17, 0xFF	; 255
    18dc:	f3 2d       	mov	r31, r3
    18de:	ff 76       	andi	r31, 0x6F	; 111
    18e0:	3f 2e       	mov	r3, r31
    18e2:	97 ff       	sbrs	r25, 7
    18e4:	09 c0       	rjmp	.+18     	; 0x18f8 <vfprintf+0x202>
    18e6:	90 95       	com	r25
    18e8:	80 95       	com	r24
    18ea:	70 95       	com	r23
    18ec:	61 95       	neg	r22
    18ee:	7f 4f       	sbci	r23, 0xFF	; 255
    18f0:	8f 4f       	sbci	r24, 0xFF	; 255
    18f2:	9f 4f       	sbci	r25, 0xFF	; 255
    18f4:	68 94       	set
    18f6:	37 f8       	bld	r3, 7
    18f8:	2a e0       	ldi	r18, 0x0A	; 10
    18fa:	30 e0       	ldi	r19, 0x00	; 0
    18fc:	a5 01       	movw	r20, r10
    18fe:	0e 94 9b 0d 	call	0x1b36	; 0x1b36 <__ultoa_invert>
    1902:	c8 2e       	mov	r12, r24
    1904:	ca 18       	sub	r12, r10
    1906:	8c 2c       	mov	r8, r12
    1908:	43 2c       	mov	r4, r3
    190a:	36 fe       	sbrs	r3, 6
    190c:	0c c0       	rjmp	.+24     	; 0x1926 <vfprintf+0x230>
    190e:	e8 94       	clt
    1910:	40 f8       	bld	r4, 0
    1912:	c9 14       	cp	r12, r9
    1914:	40 f4       	brcc	.+16     	; 0x1926 <vfprintf+0x230>
    1916:	34 fe       	sbrs	r3, 4
    1918:	05 c0       	rjmp	.+10     	; 0x1924 <vfprintf+0x22e>
    191a:	32 fc       	sbrc	r3, 2
    191c:	03 c0       	rjmp	.+6      	; 0x1924 <vfprintf+0x22e>
    191e:	f3 2d       	mov	r31, r3
    1920:	fe 7e       	andi	r31, 0xEE	; 238
    1922:	4f 2e       	mov	r4, r31
    1924:	89 2c       	mov	r8, r9
    1926:	44 fe       	sbrs	r4, 4
    1928:	95 c0       	rjmp	.+298    	; 0x1a54 <vfprintf+0x35e>
    192a:	fe 01       	movw	r30, r28
    192c:	ec 0d       	add	r30, r12
    192e:	f1 1d       	adc	r31, r1
    1930:	80 81       	ld	r24, Z
    1932:	80 33       	cpi	r24, 0x30	; 48
    1934:	09 f0       	breq	.+2      	; 0x1938 <vfprintf+0x242>
    1936:	87 c0       	rjmp	.+270    	; 0x1a46 <vfprintf+0x350>
    1938:	24 2d       	mov	r18, r4
    193a:	29 7e       	andi	r18, 0xE9	; 233
    193c:	42 2e       	mov	r4, r18
    193e:	84 2d       	mov	r24, r4
    1940:	88 70       	andi	r24, 0x08	; 8
    1942:	58 2e       	mov	r5, r24
    1944:	43 fc       	sbrc	r4, 3
    1946:	95 c0       	rjmp	.+298    	; 0x1a72 <vfprintf+0x37c>
    1948:	40 fe       	sbrs	r4, 0
    194a:	8f c0       	rjmp	.+286    	; 0x1a6a <vfprintf+0x374>
    194c:	9c 2c       	mov	r9, r12
    194e:	82 14       	cp	r8, r2
    1950:	18 f4       	brcc	.+6      	; 0x1958 <vfprintf+0x262>
    1952:	2c 0c       	add	r2, r12
    1954:	92 2c       	mov	r9, r2
    1956:	98 18       	sub	r9, r8
    1958:	44 fe       	sbrs	r4, 4
    195a:	91 c0       	rjmp	.+290    	; 0x1a7e <vfprintf+0x388>
    195c:	b7 01       	movw	r22, r14
    195e:	80 e3       	ldi	r24, 0x30	; 48
    1960:	90 e0       	ldi	r25, 0x00	; 0
    1962:	0e 94 6b 0d 	call	0x1ad6	; 0x1ad6 <fputc>
    1966:	42 fe       	sbrs	r4, 2
    1968:	09 c0       	rjmp	.+18     	; 0x197c <vfprintf+0x286>
    196a:	88 e7       	ldi	r24, 0x78	; 120
    196c:	90 e0       	ldi	r25, 0x00	; 0
    196e:	41 fe       	sbrs	r4, 1
    1970:	02 c0       	rjmp	.+4      	; 0x1976 <vfprintf+0x280>
    1972:	88 e5       	ldi	r24, 0x58	; 88
    1974:	90 e0       	ldi	r25, 0x00	; 0
    1976:	b7 01       	movw	r22, r14
    1978:	0e 94 6b 0d 	call	0x1ad6	; 0x1ad6 <fputc>
    197c:	c9 14       	cp	r12, r9
    197e:	08 f4       	brcc	.+2      	; 0x1982 <vfprintf+0x28c>
    1980:	8a c0       	rjmp	.+276    	; 0x1a96 <vfprintf+0x3a0>
    1982:	ca 94       	dec	r12
    1984:	d1 2c       	mov	r13, r1
    1986:	9f ef       	ldi	r25, 0xFF	; 255
    1988:	c9 1a       	sub	r12, r25
    198a:	d9 0a       	sbc	r13, r25
    198c:	ca 0c       	add	r12, r10
    198e:	db 1c       	adc	r13, r11
    1990:	f6 01       	movw	r30, r12
    1992:	82 91       	ld	r24, -Z
    1994:	6f 01       	movw	r12, r30
    1996:	b7 01       	movw	r22, r14
    1998:	90 e0       	ldi	r25, 0x00	; 0
    199a:	0e 94 6b 0d 	call	0x1ad6	; 0x1ad6 <fputc>
    199e:	ac 14       	cp	r10, r12
    19a0:	bd 04       	cpc	r11, r13
    19a2:	b1 f7       	brne	.-20     	; 0x1990 <vfprintf+0x29a>
    19a4:	4f cf       	rjmp	.-354    	; 0x1844 <vfprintf+0x14e>
    19a6:	60 81       	ld	r22, Z
    19a8:	71 81       	ldd	r23, Z+1	; 0x01
    19aa:	07 2e       	mov	r0, r23
    19ac:	00 0c       	add	r0, r0
    19ae:	88 0b       	sbc	r24, r24
    19b0:	99 0b       	sbc	r25, r25
    19b2:	0e 5f       	subi	r16, 0xFE	; 254
    19b4:	1f 4f       	sbci	r17, 0xFF	; 255
    19b6:	92 cf       	rjmp	.-220    	; 0x18dc <vfprintf+0x1e6>
    19b8:	d3 2c       	mov	r13, r3
    19ba:	e8 94       	clt
    19bc:	d4 f8       	bld	r13, 4
    19be:	2a e0       	ldi	r18, 0x0A	; 10
    19c0:	30 e0       	ldi	r19, 0x00	; 0
    19c2:	85 37       	cpi	r24, 0x75	; 117
    19c4:	39 f1       	breq	.+78     	; 0x1a14 <vfprintf+0x31e>
    19c6:	23 2d       	mov	r18, r3
    19c8:	29 7f       	andi	r18, 0xF9	; 249
    19ca:	d2 2e       	mov	r13, r18
    19cc:	8f 36       	cpi	r24, 0x6F	; 111
    19ce:	01 f1       	breq	.+64     	; 0x1a10 <vfprintf+0x31a>
    19d0:	48 f4       	brcc	.+18     	; 0x19e4 <vfprintf+0x2ee>
    19d2:	88 35       	cpi	r24, 0x58	; 88
    19d4:	a9 f0       	breq	.+42     	; 0x1a00 <vfprintf+0x30a>
    19d6:	f7 01       	movw	r30, r14
    19d8:	86 81       	ldd	r24, Z+6	; 0x06
    19da:	97 81       	ldd	r25, Z+7	; 0x07
    19dc:	2b 96       	adiw	r28, 0x0b	; 11
    19de:	e2 e1       	ldi	r30, 0x12	; 18
    19e0:	0c 94 15 0e 	jmp	0x1c2a	; 0x1c2a <__epilogue_restores__>
    19e4:	80 37       	cpi	r24, 0x70	; 112
    19e6:	49 f0       	breq	.+18     	; 0x19fa <vfprintf+0x304>
    19e8:	88 37       	cpi	r24, 0x78	; 120
    19ea:	a9 f7       	brne	.-22     	; 0x19d6 <vfprintf+0x2e0>
    19ec:	d4 fe       	sbrs	r13, 4
    19ee:	02 c0       	rjmp	.+4      	; 0x19f4 <vfprintf+0x2fe>
    19f0:	68 94       	set
    19f2:	d2 f8       	bld	r13, 2
    19f4:	20 e1       	ldi	r18, 0x10	; 16
    19f6:	30 e0       	ldi	r19, 0x00	; 0
    19f8:	0d c0       	rjmp	.+26     	; 0x1a14 <vfprintf+0x31e>
    19fa:	68 94       	set
    19fc:	d4 f8       	bld	r13, 4
    19fe:	f6 cf       	rjmp	.-20     	; 0x19ec <vfprintf+0x2f6>
    1a00:	34 fe       	sbrs	r3, 4
    1a02:	03 c0       	rjmp	.+6      	; 0x1a0a <vfprintf+0x314>
    1a04:	82 2f       	mov	r24, r18
    1a06:	86 60       	ori	r24, 0x06	; 6
    1a08:	d8 2e       	mov	r13, r24
    1a0a:	20 e1       	ldi	r18, 0x10	; 16
    1a0c:	32 e0       	ldi	r19, 0x02	; 2
    1a0e:	02 c0       	rjmp	.+4      	; 0x1a14 <vfprintf+0x31e>
    1a10:	28 e0       	ldi	r18, 0x08	; 8
    1a12:	30 e0       	ldi	r19, 0x00	; 0
    1a14:	f8 01       	movw	r30, r16
    1a16:	d7 fe       	sbrs	r13, 7
    1a18:	0f c0       	rjmp	.+30     	; 0x1a38 <vfprintf+0x342>
    1a1a:	60 81       	ld	r22, Z
    1a1c:	71 81       	ldd	r23, Z+1	; 0x01
    1a1e:	82 81       	ldd	r24, Z+2	; 0x02
    1a20:	93 81       	ldd	r25, Z+3	; 0x03
    1a22:	0c 5f       	subi	r16, 0xFC	; 252
    1a24:	1f 4f       	sbci	r17, 0xFF	; 255
    1a26:	a5 01       	movw	r20, r10
    1a28:	0e 94 9b 0d 	call	0x1b36	; 0x1b36 <__ultoa_invert>
    1a2c:	c8 2e       	mov	r12, r24
    1a2e:	ca 18       	sub	r12, r10
    1a30:	3d 2c       	mov	r3, r13
    1a32:	e8 94       	clt
    1a34:	37 f8       	bld	r3, 7
    1a36:	67 cf       	rjmp	.-306    	; 0x1906 <vfprintf+0x210>
    1a38:	60 81       	ld	r22, Z
    1a3a:	71 81       	ldd	r23, Z+1	; 0x01
    1a3c:	90 e0       	ldi	r25, 0x00	; 0
    1a3e:	80 e0       	ldi	r24, 0x00	; 0
    1a40:	0e 5f       	subi	r16, 0xFE	; 254
    1a42:	1f 4f       	sbci	r17, 0xFF	; 255
    1a44:	f0 cf       	rjmp	.-32     	; 0x1a26 <vfprintf+0x330>
    1a46:	42 fc       	sbrc	r4, 2
    1a48:	02 c0       	rjmp	.+4      	; 0x1a4e <vfprintf+0x358>
    1a4a:	83 94       	inc	r8
    1a4c:	78 cf       	rjmp	.-272    	; 0x193e <vfprintf+0x248>
    1a4e:	83 94       	inc	r8
    1a50:	83 94       	inc	r8
    1a52:	75 cf       	rjmp	.-278    	; 0x193e <vfprintf+0x248>
    1a54:	84 2d       	mov	r24, r4
    1a56:	86 78       	andi	r24, 0x86	; 134
    1a58:	09 f4       	brne	.+2      	; 0x1a5c <vfprintf+0x366>
    1a5a:	71 cf       	rjmp	.-286    	; 0x193e <vfprintf+0x248>
    1a5c:	f6 cf       	rjmp	.-20     	; 0x1a4a <vfprintf+0x354>
    1a5e:	b7 01       	movw	r22, r14
    1a60:	80 e2       	ldi	r24, 0x20	; 32
    1a62:	90 e0       	ldi	r25, 0x00	; 0
    1a64:	0e 94 6b 0d 	call	0x1ad6	; 0x1ad6 <fputc>
    1a68:	83 94       	inc	r8
    1a6a:	82 14       	cp	r8, r2
    1a6c:	c0 f3       	brcs	.-16     	; 0x1a5e <vfprintf+0x368>
    1a6e:	51 2c       	mov	r5, r1
    1a70:	73 cf       	rjmp	.-282    	; 0x1958 <vfprintf+0x262>
    1a72:	52 2c       	mov	r5, r2
    1a74:	58 18       	sub	r5, r8
    1a76:	82 14       	cp	r8, r2
    1a78:	08 f4       	brcc	.+2      	; 0x1a7c <vfprintf+0x386>
    1a7a:	6e cf       	rjmp	.-292    	; 0x1958 <vfprintf+0x262>
    1a7c:	f8 cf       	rjmp	.-16     	; 0x1a6e <vfprintf+0x378>
    1a7e:	84 2d       	mov	r24, r4
    1a80:	86 78       	andi	r24, 0x86	; 134
    1a82:	09 f4       	brne	.+2      	; 0x1a86 <vfprintf+0x390>
    1a84:	7b cf       	rjmp	.-266    	; 0x197c <vfprintf+0x286>
    1a86:	8b e2       	ldi	r24, 0x2B	; 43
    1a88:	41 fe       	sbrs	r4, 1
    1a8a:	80 e2       	ldi	r24, 0x20	; 32
    1a8c:	47 fc       	sbrc	r4, 7
    1a8e:	8d e2       	ldi	r24, 0x2D	; 45
    1a90:	b7 01       	movw	r22, r14
    1a92:	90 e0       	ldi	r25, 0x00	; 0
    1a94:	71 cf       	rjmp	.-286    	; 0x1978 <vfprintf+0x282>
    1a96:	b7 01       	movw	r22, r14
    1a98:	80 e3       	ldi	r24, 0x30	; 48
    1a9a:	90 e0       	ldi	r25, 0x00	; 0
    1a9c:	0e 94 6b 0d 	call	0x1ad6	; 0x1ad6 <fputc>
    1aa0:	9a 94       	dec	r9
    1aa2:	6c cf       	rjmp	.-296    	; 0x197c <vfprintf+0x286>
    1aa4:	8f ef       	ldi	r24, 0xFF	; 255
    1aa6:	9f ef       	ldi	r25, 0xFF	; 255
    1aa8:	99 cf       	rjmp	.-206    	; 0x19dc <vfprintf+0x2e6>

00001aaa <strnlen_P>:
strnlen_P():
    1aaa:	fc 01       	movw	r30, r24
    1aac:	05 90       	lpm	r0, Z+
    1aae:	61 50       	subi	r22, 0x01	; 1
    1ab0:	70 40       	sbci	r23, 0x00	; 0
    1ab2:	01 10       	cpse	r0, r1
    1ab4:	d8 f7       	brcc	.-10     	; 0x1aac <strnlen_P+0x2>
    1ab6:	80 95       	com	r24
    1ab8:	90 95       	com	r25
    1aba:	8e 0f       	add	r24, r30
    1abc:	9f 1f       	adc	r25, r31
    1abe:	08 95       	ret

00001ac0 <strnlen>:
strnlen():
    1ac0:	fc 01       	movw	r30, r24
    1ac2:	61 50       	subi	r22, 0x01	; 1
    1ac4:	70 40       	sbci	r23, 0x00	; 0
    1ac6:	01 90       	ld	r0, Z+
    1ac8:	01 10       	cpse	r0, r1
    1aca:	d8 f7       	brcc	.-10     	; 0x1ac2 <strnlen+0x2>
    1acc:	80 95       	com	r24
    1ace:	90 95       	com	r25
    1ad0:	8e 0f       	add	r24, r30
    1ad2:	9f 1f       	adc	r25, r31
    1ad4:	08 95       	ret

00001ad6 <fputc>:
fputc():
    1ad6:	0f 93       	push	r16
    1ad8:	1f 93       	push	r17
    1ada:	cf 93       	push	r28
    1adc:	df 93       	push	r29
    1ade:	18 2f       	mov	r17, r24
    1ae0:	09 2f       	mov	r16, r25
    1ae2:	eb 01       	movw	r28, r22
    1ae4:	8b 81       	ldd	r24, Y+3	; 0x03
    1ae6:	81 fd       	sbrc	r24, 1
    1ae8:	09 c0       	rjmp	.+18     	; 0x1afc <fputc+0x26>
    1aea:	1f ef       	ldi	r17, 0xFF	; 255
    1aec:	0f ef       	ldi	r16, 0xFF	; 255
    1aee:	81 2f       	mov	r24, r17
    1af0:	90 2f       	mov	r25, r16
    1af2:	df 91       	pop	r29
    1af4:	cf 91       	pop	r28
    1af6:	1f 91       	pop	r17
    1af8:	0f 91       	pop	r16
    1afa:	08 95       	ret
    1afc:	82 ff       	sbrs	r24, 2
    1afe:	14 c0       	rjmp	.+40     	; 0x1b28 <fputc+0x52>
    1b00:	2e 81       	ldd	r18, Y+6	; 0x06
    1b02:	3f 81       	ldd	r19, Y+7	; 0x07
    1b04:	8c 81       	ldd	r24, Y+4	; 0x04
    1b06:	9d 81       	ldd	r25, Y+5	; 0x05
    1b08:	28 17       	cp	r18, r24
    1b0a:	39 07       	cpc	r19, r25
    1b0c:	3c f4       	brge	.+14     	; 0x1b1c <fputc+0x46>
    1b0e:	e8 81       	ld	r30, Y
    1b10:	f9 81       	ldd	r31, Y+1	; 0x01
    1b12:	cf 01       	movw	r24, r30
    1b14:	01 96       	adiw	r24, 0x01	; 1
    1b16:	99 83       	std	Y+1, r25	; 0x01
    1b18:	88 83       	st	Y, r24
    1b1a:	10 83       	st	Z, r17
    1b1c:	8e 81       	ldd	r24, Y+6	; 0x06
    1b1e:	9f 81       	ldd	r25, Y+7	; 0x07
    1b20:	01 96       	adiw	r24, 0x01	; 1
    1b22:	9f 83       	std	Y+7, r25	; 0x07
    1b24:	8e 83       	std	Y+6, r24	; 0x06
    1b26:	e3 cf       	rjmp	.-58     	; 0x1aee <fputc+0x18>
    1b28:	e8 85       	ldd	r30, Y+8	; 0x08
    1b2a:	f9 85       	ldd	r31, Y+9	; 0x09
    1b2c:	81 2f       	mov	r24, r17
    1b2e:	09 95       	icall
    1b30:	89 2b       	or	r24, r25
    1b32:	a1 f3       	breq	.-24     	; 0x1b1c <fputc+0x46>
    1b34:	da cf       	rjmp	.-76     	; 0x1aea <fputc+0x14>

00001b36 <__ultoa_invert>:
__ultoa_invert():
    1b36:	fa 01       	movw	r30, r20
    1b38:	aa 27       	eor	r26, r26
    1b3a:	28 30       	cpi	r18, 0x08	; 8
    1b3c:	51 f1       	breq	.+84     	; 0x1b92 <__ultoa_invert+0x5c>
    1b3e:	20 31       	cpi	r18, 0x10	; 16
    1b40:	81 f1       	breq	.+96     	; 0x1ba2 <__ultoa_invert+0x6c>
    1b42:	e8 94       	clt
    1b44:	6f 93       	push	r22
    1b46:	6e 7f       	andi	r22, 0xFE	; 254
    1b48:	6e 5f       	subi	r22, 0xFE	; 254
    1b4a:	7f 4f       	sbci	r23, 0xFF	; 255
    1b4c:	8f 4f       	sbci	r24, 0xFF	; 255
    1b4e:	9f 4f       	sbci	r25, 0xFF	; 255
    1b50:	af 4f       	sbci	r26, 0xFF	; 255
    1b52:	b1 e0       	ldi	r27, 0x01	; 1
    1b54:	3e d0       	rcall	.+124    	; 0x1bd2 <__ultoa_invert+0x9c>
    1b56:	b4 e0       	ldi	r27, 0x04	; 4
    1b58:	3c d0       	rcall	.+120    	; 0x1bd2 <__ultoa_invert+0x9c>
    1b5a:	67 0f       	add	r22, r23
    1b5c:	78 1f       	adc	r23, r24
    1b5e:	89 1f       	adc	r24, r25
    1b60:	9a 1f       	adc	r25, r26
    1b62:	a1 1d       	adc	r26, r1
    1b64:	68 0f       	add	r22, r24
    1b66:	79 1f       	adc	r23, r25
    1b68:	8a 1f       	adc	r24, r26
    1b6a:	91 1d       	adc	r25, r1
    1b6c:	a1 1d       	adc	r26, r1
    1b6e:	6a 0f       	add	r22, r26
    1b70:	71 1d       	adc	r23, r1
    1b72:	81 1d       	adc	r24, r1
    1b74:	91 1d       	adc	r25, r1
    1b76:	a1 1d       	adc	r26, r1
    1b78:	20 d0       	rcall	.+64     	; 0x1bba <__ultoa_invert+0x84>
    1b7a:	09 f4       	brne	.+2      	; 0x1b7e <__ultoa_invert+0x48>
    1b7c:	68 94       	set
    1b7e:	3f 91       	pop	r19
    1b80:	2a e0       	ldi	r18, 0x0A	; 10
    1b82:	26 9f       	mul	r18, r22
    1b84:	11 24       	eor	r1, r1
    1b86:	30 19       	sub	r19, r0
    1b88:	30 5d       	subi	r19, 0xD0	; 208
    1b8a:	31 93       	st	Z+, r19
    1b8c:	de f6       	brtc	.-74     	; 0x1b44 <__ultoa_invert+0xe>
    1b8e:	cf 01       	movw	r24, r30
    1b90:	08 95       	ret
    1b92:	46 2f       	mov	r20, r22
    1b94:	47 70       	andi	r20, 0x07	; 7
    1b96:	40 5d       	subi	r20, 0xD0	; 208
    1b98:	41 93       	st	Z+, r20
    1b9a:	b3 e0       	ldi	r27, 0x03	; 3
    1b9c:	0f d0       	rcall	.+30     	; 0x1bbc <__ultoa_invert+0x86>
    1b9e:	c9 f7       	brne	.-14     	; 0x1b92 <__ultoa_invert+0x5c>
    1ba0:	f6 cf       	rjmp	.-20     	; 0x1b8e <__ultoa_invert+0x58>
    1ba2:	46 2f       	mov	r20, r22
    1ba4:	4f 70       	andi	r20, 0x0F	; 15
    1ba6:	40 5d       	subi	r20, 0xD0	; 208
    1ba8:	4a 33       	cpi	r20, 0x3A	; 58
    1baa:	18 f0       	brcs	.+6      	; 0x1bb2 <__ultoa_invert+0x7c>
    1bac:	49 5d       	subi	r20, 0xD9	; 217
    1bae:	31 fd       	sbrc	r19, 1
    1bb0:	40 52       	subi	r20, 0x20	; 32
    1bb2:	41 93       	st	Z+, r20
    1bb4:	02 d0       	rcall	.+4      	; 0x1bba <__ultoa_invert+0x84>
    1bb6:	a9 f7       	brne	.-22     	; 0x1ba2 <__ultoa_invert+0x6c>
    1bb8:	ea cf       	rjmp	.-44     	; 0x1b8e <__ultoa_invert+0x58>
    1bba:	b4 e0       	ldi	r27, 0x04	; 4
    1bbc:	a6 95       	lsr	r26
    1bbe:	97 95       	ror	r25
    1bc0:	87 95       	ror	r24
    1bc2:	77 95       	ror	r23
    1bc4:	67 95       	ror	r22
    1bc6:	ba 95       	dec	r27
    1bc8:	c9 f7       	brne	.-14     	; 0x1bbc <__ultoa_invert+0x86>
    1bca:	00 97       	sbiw	r24, 0x00	; 0
    1bcc:	61 05       	cpc	r22, r1
    1bce:	71 05       	cpc	r23, r1
    1bd0:	08 95       	ret
    1bd2:	9b 01       	movw	r18, r22
    1bd4:	ac 01       	movw	r20, r24
    1bd6:	0a 2e       	mov	r0, r26
    1bd8:	06 94       	lsr	r0
    1bda:	57 95       	ror	r21
    1bdc:	47 95       	ror	r20
    1bde:	37 95       	ror	r19
    1be0:	27 95       	ror	r18
    1be2:	ba 95       	dec	r27
    1be4:	c9 f7       	brne	.-14     	; 0x1bd8 <__ultoa_invert+0xa2>
    1be6:	62 0f       	add	r22, r18
    1be8:	73 1f       	adc	r23, r19
    1bea:	84 1f       	adc	r24, r20
    1bec:	95 1f       	adc	r25, r21
    1bee:	a0 1d       	adc	r26, r0
    1bf0:	08 95       	ret

00001bf2 <__prologue_saves__>:
__prologue_saves__():
/home/jenkins-mingw32/workspace/avr-gcc-staging/label/Ubuntu14.04x64-mingw32/gcc-build/avr/avr5/libgcc/../../../../gcc/libgcc/config/avr/lib1funcs.S:2169
    1bf2:	2f 92       	push	r2
/home/jenkins-mingw32/workspace/avr-gcc-staging/label/Ubuntu14.04x64-mingw32/gcc-build/avr/avr5/libgcc/../../../../gcc/libgcc/config/avr/lib1funcs.S:2170
    1bf4:	3f 92       	push	r3
/home/jenkins-mingw32/workspace/avr-gcc-staging/label/Ubuntu14.04x64-mingw32/gcc-build/avr/avr5/libgcc/../../../../gcc/libgcc/config/avr/lib1funcs.S:2171
    1bf6:	4f 92       	push	r4
/home/jenkins-mingw32/workspace/avr-gcc-staging/label/Ubuntu14.04x64-mingw32/gcc-build/avr/avr5/libgcc/../../../../gcc/libgcc/config/avr/lib1funcs.S:2172
    1bf8:	5f 92       	push	r5
/home/jenkins-mingw32/workspace/avr-gcc-staging/label/Ubuntu14.04x64-mingw32/gcc-build/avr/avr5/libgcc/../../../../gcc/libgcc/config/avr/lib1funcs.S:2173
    1bfa:	6f 92       	push	r6
/home/jenkins-mingw32/workspace/avr-gcc-staging/label/Ubuntu14.04x64-mingw32/gcc-build/avr/avr5/libgcc/../../../../gcc/libgcc/config/avr/lib1funcs.S:2174
    1bfc:	7f 92       	push	r7
/home/jenkins-mingw32/workspace/avr-gcc-staging/label/Ubuntu14.04x64-mingw32/gcc-build/avr/avr5/libgcc/../../../../gcc/libgcc/config/avr/lib1funcs.S:2175
    1bfe:	8f 92       	push	r8
/home/jenkins-mingw32/workspace/avr-gcc-staging/label/Ubuntu14.04x64-mingw32/gcc-build/avr/avr5/libgcc/../../../../gcc/libgcc/config/avr/lib1funcs.S:2176
    1c00:	9f 92       	push	r9
/home/jenkins-mingw32/workspace/avr-gcc-staging/label/Ubuntu14.04x64-mingw32/gcc-build/avr/avr5/libgcc/../../../../gcc/libgcc/config/avr/lib1funcs.S:2177
    1c02:	af 92       	push	r10
/home/jenkins-mingw32/workspace/avr-gcc-staging/label/Ubuntu14.04x64-mingw32/gcc-build/avr/avr5/libgcc/../../../../gcc/libgcc/config/avr/lib1funcs.S:2178
    1c04:	bf 92       	push	r11
/home/jenkins-mingw32/workspace/avr-gcc-staging/label/Ubuntu14.04x64-mingw32/gcc-build/avr/avr5/libgcc/../../../../gcc/libgcc/config/avr/lib1funcs.S:2179
    1c06:	cf 92       	push	r12
/home/jenkins-mingw32/workspace/avr-gcc-staging/label/Ubuntu14.04x64-mingw32/gcc-build/avr/avr5/libgcc/../../../../gcc/libgcc/config/avr/lib1funcs.S:2180
    1c08:	df 92       	push	r13
/home/jenkins-mingw32/workspace/avr-gcc-staging/label/Ubuntu14.04x64-mingw32/gcc-build/avr/avr5/libgcc/../../../../gcc/libgcc/config/avr/lib1funcs.S:2181
    1c0a:	ef 92       	push	r14
/home/jenkins-mingw32/workspace/avr-gcc-staging/label/Ubuntu14.04x64-mingw32/gcc-build/avr/avr5/libgcc/../../../../gcc/libgcc/config/avr/lib1funcs.S:2182
    1c0c:	ff 92       	push	r15
/home/jenkins-mingw32/workspace/avr-gcc-staging/label/Ubuntu14.04x64-mingw32/gcc-build/avr/avr5/libgcc/../../../../gcc/libgcc/config/avr/lib1funcs.S:2183
    1c0e:	0f 93       	push	r16
/home/jenkins-mingw32/workspace/avr-gcc-staging/label/Ubuntu14.04x64-mingw32/gcc-build/avr/avr5/libgcc/../../../../gcc/libgcc/config/avr/lib1funcs.S:2184
    1c10:	1f 93       	push	r17
/home/jenkins-mingw32/workspace/avr-gcc-staging/label/Ubuntu14.04x64-mingw32/gcc-build/avr/avr5/libgcc/../../../../gcc/libgcc/config/avr/lib1funcs.S:2185
    1c12:	cf 93       	push	r28
/home/jenkins-mingw32/workspace/avr-gcc-staging/label/Ubuntu14.04x64-mingw32/gcc-build/avr/avr5/libgcc/../../../../gcc/libgcc/config/avr/lib1funcs.S:2186
    1c14:	df 93       	push	r29
/home/jenkins-mingw32/workspace/avr-gcc-staging/label/Ubuntu14.04x64-mingw32/gcc-build/avr/avr5/libgcc/../../../../gcc/libgcc/config/avr/lib1funcs.S:2200
    1c16:	cd b7       	in	r28, 0x3d	; 61
/home/jenkins-mingw32/workspace/avr-gcc-staging/label/Ubuntu14.04x64-mingw32/gcc-build/avr/avr5/libgcc/../../../../gcc/libgcc/config/avr/lib1funcs.S:2201
    1c18:	de b7       	in	r29, 0x3e	; 62
/home/jenkins-mingw32/workspace/avr-gcc-staging/label/Ubuntu14.04x64-mingw32/gcc-build/avr/avr5/libgcc/../../../../gcc/libgcc/config/avr/lib1funcs.S:2202
    1c1a:	ca 1b       	sub	r28, r26
/home/jenkins-mingw32/workspace/avr-gcc-staging/label/Ubuntu14.04x64-mingw32/gcc-build/avr/avr5/libgcc/../../../../gcc/libgcc/config/avr/lib1funcs.S:2203
    1c1c:	db 0b       	sbc	r29, r27
/home/jenkins-mingw32/workspace/avr-gcc-staging/label/Ubuntu14.04x64-mingw32/gcc-build/avr/avr5/libgcc/../../../../gcc/libgcc/config/avr/lib1funcs.S:2204
    1c1e:	0f b6       	in	r0, 0x3f	; 63
/home/jenkins-mingw32/workspace/avr-gcc-staging/label/Ubuntu14.04x64-mingw32/gcc-build/avr/avr5/libgcc/../../../../gcc/libgcc/config/avr/lib1funcs.S:2205
    1c20:	f8 94       	cli
/home/jenkins-mingw32/workspace/avr-gcc-staging/label/Ubuntu14.04x64-mingw32/gcc-build/avr/avr5/libgcc/../../../../gcc/libgcc/config/avr/lib1funcs.S:2206
    1c22:	de bf       	out	0x3e, r29	; 62
/home/jenkins-mingw32/workspace/avr-gcc-staging/label/Ubuntu14.04x64-mingw32/gcc-build/avr/avr5/libgcc/../../../../gcc/libgcc/config/avr/lib1funcs.S:2207
    1c24:	0f be       	out	0x3f, r0	; 63
/home/jenkins-mingw32/workspace/avr-gcc-staging/label/Ubuntu14.04x64-mingw32/gcc-build/avr/avr5/libgcc/../../../../gcc/libgcc/config/avr/lib1funcs.S:2208
    1c26:	cd bf       	out	0x3d, r28	; 61
/home/jenkins-mingw32/workspace/avr-gcc-staging/label/Ubuntu14.04x64-mingw32/gcc-build/avr/avr5/libgcc/../../../../gcc/libgcc/config/avr/lib1funcs.S:2211
    1c28:	09 94       	ijmp

00001c2a <__epilogue_restores__>:
__epilogue_restores__():
/home/jenkins-mingw32/workspace/avr-gcc-staging/label/Ubuntu14.04x64-mingw32/gcc-build/avr/avr5/libgcc/../../../../gcc/libgcc/config/avr/lib1funcs.S:2222
    1c2a:	2a 88       	ldd	r2, Y+18	; 0x12
/home/jenkins-mingw32/workspace/avr-gcc-staging/label/Ubuntu14.04x64-mingw32/gcc-build/avr/avr5/libgcc/../../../../gcc/libgcc/config/avr/lib1funcs.S:2223
    1c2c:	39 88       	ldd	r3, Y+17	; 0x11
/home/jenkins-mingw32/workspace/avr-gcc-staging/label/Ubuntu14.04x64-mingw32/gcc-build/avr/avr5/libgcc/../../../../gcc/libgcc/config/avr/lib1funcs.S:2224
    1c2e:	48 88       	ldd	r4, Y+16	; 0x10
/home/jenkins-mingw32/workspace/avr-gcc-staging/label/Ubuntu14.04x64-mingw32/gcc-build/avr/avr5/libgcc/../../../../gcc/libgcc/config/avr/lib1funcs.S:2225
    1c30:	5f 84       	ldd	r5, Y+15	; 0x0f
/home/jenkins-mingw32/workspace/avr-gcc-staging/label/Ubuntu14.04x64-mingw32/gcc-build/avr/avr5/libgcc/../../../../gcc/libgcc/config/avr/lib1funcs.S:2226
    1c32:	6e 84       	ldd	r6, Y+14	; 0x0e
/home/jenkins-mingw32/workspace/avr-gcc-staging/label/Ubuntu14.04x64-mingw32/gcc-build/avr/avr5/libgcc/../../../../gcc/libgcc/config/avr/lib1funcs.S:2227
    1c34:	7d 84       	ldd	r7, Y+13	; 0x0d
/home/jenkins-mingw32/workspace/avr-gcc-staging/label/Ubuntu14.04x64-mingw32/gcc-build/avr/avr5/libgcc/../../../../gcc/libgcc/config/avr/lib1funcs.S:2228
    1c36:	8c 84       	ldd	r8, Y+12	; 0x0c
/home/jenkins-mingw32/workspace/avr-gcc-staging/label/Ubuntu14.04x64-mingw32/gcc-build/avr/avr5/libgcc/../../../../gcc/libgcc/config/avr/lib1funcs.S:2229
    1c38:	9b 84       	ldd	r9, Y+11	; 0x0b
/home/jenkins-mingw32/workspace/avr-gcc-staging/label/Ubuntu14.04x64-mingw32/gcc-build/avr/avr5/libgcc/../../../../gcc/libgcc/config/avr/lib1funcs.S:2230
    1c3a:	aa 84       	ldd	r10, Y+10	; 0x0a
/home/jenkins-mingw32/workspace/avr-gcc-staging/label/Ubuntu14.04x64-mingw32/gcc-build/avr/avr5/libgcc/../../../../gcc/libgcc/config/avr/lib1funcs.S:2231
    1c3c:	b9 84       	ldd	r11, Y+9	; 0x09
/home/jenkins-mingw32/workspace/avr-gcc-staging/label/Ubuntu14.04x64-mingw32/gcc-build/avr/avr5/libgcc/../../../../gcc/libgcc/config/avr/lib1funcs.S:2232
    1c3e:	c8 84       	ldd	r12, Y+8	; 0x08
/home/jenkins-mingw32/workspace/avr-gcc-staging/label/Ubuntu14.04x64-mingw32/gcc-build/avr/avr5/libgcc/../../../../gcc/libgcc/config/avr/lib1funcs.S:2233
    1c40:	df 80       	ldd	r13, Y+7	; 0x07
/home/jenkins-mingw32/workspace/avr-gcc-staging/label/Ubuntu14.04x64-mingw32/gcc-build/avr/avr5/libgcc/../../../../gcc/libgcc/config/avr/lib1funcs.S:2234
    1c42:	ee 80       	ldd	r14, Y+6	; 0x06
/home/jenkins-mingw32/workspace/avr-gcc-staging/label/Ubuntu14.04x64-mingw32/gcc-build/avr/avr5/libgcc/../../../../gcc/libgcc/config/avr/lib1funcs.S:2235
    1c44:	fd 80       	ldd	r15, Y+5	; 0x05
/home/jenkins-mingw32/workspace/avr-gcc-staging/label/Ubuntu14.04x64-mingw32/gcc-build/avr/avr5/libgcc/../../../../gcc/libgcc/config/avr/lib1funcs.S:2236
    1c46:	0c 81       	ldd	r16, Y+4	; 0x04
/home/jenkins-mingw32/workspace/avr-gcc-staging/label/Ubuntu14.04x64-mingw32/gcc-build/avr/avr5/libgcc/../../../../gcc/libgcc/config/avr/lib1funcs.S:2237
    1c48:	1b 81       	ldd	r17, Y+3	; 0x03
/home/jenkins-mingw32/workspace/avr-gcc-staging/label/Ubuntu14.04x64-mingw32/gcc-build/avr/avr5/libgcc/../../../../gcc/libgcc/config/avr/lib1funcs.S:2238
    1c4a:	aa 81       	ldd	r26, Y+2	; 0x02
/home/jenkins-mingw32/workspace/avr-gcc-staging/label/Ubuntu14.04x64-mingw32/gcc-build/avr/avr5/libgcc/../../../../gcc/libgcc/config/avr/lib1funcs.S:2252
    1c4c:	b9 81       	ldd	r27, Y+1	; 0x01
/home/jenkins-mingw32/workspace/avr-gcc-staging/label/Ubuntu14.04x64-mingw32/gcc-build/avr/avr5/libgcc/../../../../gcc/libgcc/config/avr/lib1funcs.S:2253
    1c4e:	ce 0f       	add	r28, r30
/home/jenkins-mingw32/workspace/avr-gcc-staging/label/Ubuntu14.04x64-mingw32/gcc-build/avr/avr5/libgcc/../../../../gcc/libgcc/config/avr/lib1funcs.S:2254
    1c50:	d1 1d       	adc	r29, r1
/home/jenkins-mingw32/workspace/avr-gcc-staging/label/Ubuntu14.04x64-mingw32/gcc-build/avr/avr5/libgcc/../../../../gcc/libgcc/config/avr/lib1funcs.S:2255
    1c52:	0f b6       	in	r0, 0x3f	; 63
/home/jenkins-mingw32/workspace/avr-gcc-staging/label/Ubuntu14.04x64-mingw32/gcc-build/avr/avr5/libgcc/../../../../gcc/libgcc/config/avr/lib1funcs.S:2256
    1c54:	f8 94       	cli
/home/jenkins-mingw32/workspace/avr-gcc-staging/label/Ubuntu14.04x64-mingw32/gcc-build/avr/avr5/libgcc/../../../../gcc/libgcc/config/avr/lib1funcs.S:2257
    1c56:	de bf       	out	0x3e, r29	; 62
/home/jenkins-mingw32/workspace/avr-gcc-staging/label/Ubuntu14.04x64-mingw32/gcc-build/avr/avr5/libgcc/../../../../gcc/libgcc/config/avr/lib1funcs.S:2258
    1c58:	0f be       	out	0x3f, r0	; 63
/home/jenkins-mingw32/workspace/avr-gcc-staging/label/Ubuntu14.04x64-mingw32/gcc-build/avr/avr5/libgcc/../../../../gcc/libgcc/config/avr/lib1funcs.S:2259
    1c5a:	cd bf       	out	0x3d, r28	; 61
/home/jenkins-mingw32/workspace/avr-gcc-staging/label/Ubuntu14.04x64-mingw32/gcc-build/avr/avr5/libgcc/../../../../gcc/libgcc/config/avr/lib1funcs.S:2260
    1c5c:	ed 01       	movw	r28, r26
/home/jenkins-mingw32/workspace/avr-gcc-staging/label/Ubuntu14.04x64-mingw32/gcc-build/avr/avr5/libgcc/../../../../gcc/libgcc/config/avr/lib1funcs.S:2263
    1c5e:	08 95       	ret

00001c60 <_exit>:
exit():
/home/jenkins-mingw32/workspace/avr-gcc-staging/label/Ubuntu14.04x64-mingw32/gcc-build/avr/avr5/libgcc/../../../../gcc/libgcc/config/avr/lib1funcs.S:2278
    1c60:	f8 94       	cli

00001c62 <__stop_program>:
__stop_program():
/home/jenkins-mingw32/workspace/avr-gcc-staging/label/Ubuntu14.04x64-mingw32/gcc-build/avr/avr5/libgcc/../../../../gcc/libgcc/config/avr/lib1funcs.S:2280
    1c62:	ff cf       	rjmp	.-2      	; 0x1c62 <__stop_program>
