
C:\Users\Utilizador\AppData\Local\arduino\sketches\95C7ABC943E7F12F84CF435E34F290E0/PROGv2.ino.elf:     file format elf32-avr


Disassembly of section .text:

00000000 <__vectors>:
__vectors():
       0:	0c 94 34 00 	jmp	0x68	; 0x68 <__ctors_end>
       4:	0c 94 51 00 	jmp	0xa2	; 0xa2 <__bad_interrupt>
       8:	0c 94 51 00 	jmp	0xa2	; 0xa2 <__bad_interrupt>
       c:	0c 94 51 00 	jmp	0xa2	; 0xa2 <__bad_interrupt>
      10:	0c 94 09 02 	jmp	0x412	; 0x412 <__vector_4>
      14:	0c 94 51 00 	jmp	0xa2	; 0xa2 <__bad_interrupt>
      18:	0c 94 51 00 	jmp	0xa2	; 0xa2 <__bad_interrupt>
      1c:	0c 94 51 00 	jmp	0xa2	; 0xa2 <__bad_interrupt>
      20:	0c 94 51 00 	jmp	0xa2	; 0xa2 <__bad_interrupt>
      24:	0c 94 51 00 	jmp	0xa2	; 0xa2 <__bad_interrupt>
      28:	0c 94 51 00 	jmp	0xa2	; 0xa2 <__bad_interrupt>
      2c:	0c 94 51 00 	jmp	0xa2	; 0xa2 <__bad_interrupt>
      30:	0c 94 51 00 	jmp	0xa2	; 0xa2 <__bad_interrupt>
      34:	0c 94 51 00 	jmp	0xa2	; 0xa2 <__bad_interrupt>
      38:	0c 94 69 02 	jmp	0x4d2	; 0x4d2 <__vector_14>
      3c:	0c 94 51 00 	jmp	0xa2	; 0xa2 <__bad_interrupt>
      40:	0c 94 51 00 	jmp	0xa2	; 0xa2 <__bad_interrupt>
      44:	0c 94 51 00 	jmp	0xa2	; 0xa2 <__bad_interrupt>
      48:	0c 94 51 00 	jmp	0xa2	; 0xa2 <__bad_interrupt>
      4c:	0c 94 51 00 	jmp	0xa2	; 0xa2 <__bad_interrupt>
      50:	0c 94 51 00 	jmp	0xa2	; 0xa2 <__bad_interrupt>
      54:	0c 94 51 00 	jmp	0xa2	; 0xa2 <__bad_interrupt>
      58:	0c 94 51 00 	jmp	0xa2	; 0xa2 <__bad_interrupt>
      5c:	0c 94 51 00 	jmp	0xa2	; 0xa2 <__bad_interrupt>
      60:	0c 94 51 00 	jmp	0xa2	; 0xa2 <__bad_interrupt>
      64:	0c 94 51 00 	jmp	0xa2	; 0xa2 <__bad_interrupt>

00000068 <__ctors_end>:
__trampolines_start():
      68:	11 24       	eor	r1, r1
      6a:	1f be       	out	0x3f, r1	; 63
      6c:	cf ef       	ldi	r28, 0xFF	; 255
      6e:	d8 e0       	ldi	r29, 0x08	; 8
      70:	de bf       	out	0x3e, r29	; 62
      72:	cd bf       	out	0x3d, r28	; 61

00000074 <__do_copy_data>:
__do_copy_data():
/home/jenkins-mingw32/workspace/avr-gcc-staging/label/Ubuntu14.04x64-mingw32/gcc-build/avr/avr5/libgcc/../../../../gcc/libgcc/config/avr/lib1funcs.S:2409
      74:	14 e0       	ldi	r17, 0x04	; 4
/home/jenkins-mingw32/workspace/avr-gcc-staging/label/Ubuntu14.04x64-mingw32/gcc-build/avr/avr5/libgcc/../../../../gcc/libgcc/config/avr/lib1funcs.S:2410
      76:	a0 e0       	ldi	r26, 0x00	; 0
/home/jenkins-mingw32/workspace/avr-gcc-staging/label/Ubuntu14.04x64-mingw32/gcc-build/avr/avr5/libgcc/../../../../gcc/libgcc/config/avr/lib1funcs.S:2411
      78:	b1 e0       	ldi	r27, 0x01	; 1
/home/jenkins-mingw32/workspace/avr-gcc-staging/label/Ubuntu14.04x64-mingw32/gcc-build/avr/avr5/libgcc/../../../../gcc/libgcc/config/avr/lib1funcs.S:2412
      7a:	e2 ec       	ldi	r30, 0xC2	; 194
/home/jenkins-mingw32/workspace/avr-gcc-staging/label/Ubuntu14.04x64-mingw32/gcc-build/avr/avr5/libgcc/../../../../gcc/libgcc/config/avr/lib1funcs.S:2413
      7c:	fb e1       	ldi	r31, 0x1B	; 27
/home/jenkins-mingw32/workspace/avr-gcc-staging/label/Ubuntu14.04x64-mingw32/gcc-build/avr/avr5/libgcc/../../../../gcc/libgcc/config/avr/lib1funcs.S:2414
      7e:	02 c0       	rjmp	.+4      	; 0x84 <__do_copy_data+0x10>
/home/jenkins-mingw32/workspace/avr-gcc-staging/label/Ubuntu14.04x64-mingw32/gcc-build/avr/avr5/libgcc/../../../../gcc/libgcc/config/avr/lib1funcs.S:2417
      80:	05 90       	lpm	r0, Z+
/home/jenkins-mingw32/workspace/avr-gcc-staging/label/Ubuntu14.04x64-mingw32/gcc-build/avr/avr5/libgcc/../../../../gcc/libgcc/config/avr/lib1funcs.S:2422
      82:	0d 92       	st	X+, r0
/home/jenkins-mingw32/workspace/avr-gcc-staging/label/Ubuntu14.04x64-mingw32/gcc-build/avr/avr5/libgcc/../../../../gcc/libgcc/config/avr/lib1funcs.S:2424
      84:	a8 30       	cpi	r26, 0x08	; 8
/home/jenkins-mingw32/workspace/avr-gcc-staging/label/Ubuntu14.04x64-mingw32/gcc-build/avr/avr5/libgcc/../../../../gcc/libgcc/config/avr/lib1funcs.S:2425
      86:	b1 07       	cpc	r27, r17
/home/jenkins-mingw32/workspace/avr-gcc-staging/label/Ubuntu14.04x64-mingw32/gcc-build/avr/avr5/libgcc/../../../../gcc/libgcc/config/avr/lib1funcs.S:2426
      88:	d9 f7       	brne	.-10     	; 0x80 <__do_copy_data+0xc>

0000008a <__do_clear_bss>:
__do_clear_bss():
/home/jenkins-mingw32/workspace/avr-gcc-staging/label/Ubuntu14.04x64-mingw32/gcc-build/avr/avr5/libgcc/../../../../gcc/libgcc/config/avr/lib1funcs.S:2441
      8a:	24 e0       	ldi	r18, 0x04	; 4
/home/jenkins-mingw32/workspace/avr-gcc-staging/label/Ubuntu14.04x64-mingw32/gcc-build/avr/avr5/libgcc/../../../../gcc/libgcc/config/avr/lib1funcs.S:2442
      8c:	a8 e0       	ldi	r26, 0x08	; 8
/home/jenkins-mingw32/workspace/avr-gcc-staging/label/Ubuntu14.04x64-mingw32/gcc-build/avr/avr5/libgcc/../../../../gcc/libgcc/config/avr/lib1funcs.S:2443
      8e:	b4 e0       	ldi	r27, 0x04	; 4
/home/jenkins-mingw32/workspace/avr-gcc-staging/label/Ubuntu14.04x64-mingw32/gcc-build/avr/avr5/libgcc/../../../../gcc/libgcc/config/avr/lib1funcs.S:2444
      90:	01 c0       	rjmp	.+2      	; 0x94 <.do_clear_bss_start>

00000092 <.do_clear_bss_loop>:
/home/jenkins-mingw32/workspace/avr-gcc-staging/label/Ubuntu14.04x64-mingw32/gcc-build/avr/avr5/libgcc/../../../../gcc/libgcc/config/avr/lib1funcs.S:2446
      92:	1d 92       	st	X+, r1

00000094 <.do_clear_bss_start>:
/home/jenkins-mingw32/workspace/avr-gcc-staging/label/Ubuntu14.04x64-mingw32/gcc-build/avr/avr5/libgcc/../../../../gcc/libgcc/config/avr/lib1funcs.S:2448
      94:	a5 3a       	cpi	r26, 0xA5	; 165
/home/jenkins-mingw32/workspace/avr-gcc-staging/label/Ubuntu14.04x64-mingw32/gcc-build/avr/avr5/libgcc/../../../../gcc/libgcc/config/avr/lib1funcs.S:2449
      96:	b2 07       	cpc	r27, r18
/home/jenkins-mingw32/workspace/avr-gcc-staging/label/Ubuntu14.04x64-mingw32/gcc-build/avr/avr5/libgcc/../../../../gcc/libgcc/config/avr/lib1funcs.S:2450
      98:	e1 f7       	brne	.-8      	; 0x92 <.do_clear_bss_loop>
.do_clear_bss_start():
      9a:	0e 94 c2 02 	call	0x584	; 0x584 <main>
      9e:	0c 94 df 0d 	jmp	0x1bbe	; 0x1bbe <_exit>

000000a2 <__bad_interrupt>:
__vector_22():
      a2:	0c 94 00 00 	jmp	0	; 0x0 <__vectors>

000000a6 <i2c_write(unsigned char)>:
_Z9i2c_writeh():
C:\Users\Utilizador\Desktop\RAFA\UNI\LABSI-LUMINOSIDADE\LABSI\PROG\PROGv2/PROGv2.ino:479
}
void i2c_stop(void) {
	TWCR = (1 << TWINT) | (1 << TWSTO) | (1 << TWEN);
}
void i2c_write(uint8_t data) {
	TWDR = data;
      a6:	80 93 bb 00 	sts	0x00BB, r24	; 0x8000bb <__DATA_REGION_ORIGIN__+0x5b>
C:\Users\Utilizador\Desktop\RAFA\UNI\LABSI-LUMINOSIDADE\LABSI\PROG\PROGv2/PROGv2.ino:480
	TWCR = (1 << TWINT) | (1 << TWEN);
      aa:	84 e8       	ldi	r24, 0x84	; 132
      ac:	80 93 bc 00 	sts	0x00BC, r24	; 0x8000bc <__DATA_REGION_ORIGIN__+0x5c>
      b0:	81 ed       	ldi	r24, 0xD1	; 209
      b2:	97 e0       	ldi	r25, 0x07	; 7
C:\Users\Utilizador\Desktop\RAFA\UNI\LABSI-LUMINOSIDADE\LABSI\PROG\PROGv2/PROGv2.ino:482
	uint16_t timeout = 0;
	while(!(TWCR & (1 << TWINT)) && timeout < I2C_TIMEOUT_CYCLES) {
      b4:	20 91 bc 00 	lds	r18, 0x00BC	; 0x8000bc <__DATA_REGION_ORIGIN__+0x5c>
      b8:	27 fd       	sbrc	r18, 7
      ba:	02 c0       	rjmp	.+4      	; 0xc0 <i2c_write(unsigned char)+0x1a>
      bc:	01 97       	sbiw	r24, 0x01	; 1
      be:	d1 f7       	brne	.-12     	; 0xb4 <i2c_write(unsigned char)+0xe>
C:\Users\Utilizador\Desktop\RAFA\UNI\LABSI-LUMINOSIDADE\LABSI\PROG\PROGv2/PROGv2.ino:485
		timeout++;
	}
}
      c0:	08 95       	ret

000000c2 <i2c_start()>:
_Z9i2c_startv():
C:\Users\Utilizador\Desktop\RAFA\UNI\LABSI-LUMINOSIDADE\LABSI\PROG\PROGv2/PROGv2.ino:469
	TWBR = 12;
	DDRC &= ~((1 << PC4) | (1 << PC5));
	PORTC |= (1 << PC4) | (1 << PC5);
}
void i2c_start(void) {
	TWCR = (1 << TWINT) | (1 << TWSTA) | (1 << TWEN);
      c2:	84 ea       	ldi	r24, 0xA4	; 164
      c4:	80 93 bc 00 	sts	0x00BC, r24	; 0x8000bc <__DATA_REGION_ORIGIN__+0x5c>
      c8:	81 ed       	ldi	r24, 0xD1	; 209
      ca:	97 e0       	ldi	r25, 0x07	; 7
C:\Users\Utilizador\Desktop\RAFA\UNI\LABSI-LUMINOSIDADE\LABSI\PROG\PROGv2/PROGv2.ino:471
	uint16_t timeout = 0;
	while(!(TWCR & (1 << TWINT)) && timeout < I2C_TIMEOUT_CYCLES) {
      cc:	20 91 bc 00 	lds	r18, 0x00BC	; 0x8000bc <__DATA_REGION_ORIGIN__+0x5c>
      d0:	27 fd       	sbrc	r18, 7
      d2:	02 c0       	rjmp	.+4      	; 0xd8 <i2c_start()+0x16>
      d4:	01 97       	sbiw	r24, 0x01	; 1
      d6:	d1 f7       	brne	.-12     	; 0xcc <i2c_start()+0xa>
C:\Users\Utilizador\Desktop\RAFA\UNI\LABSI-LUMINOSIDADE\LABSI\PROG\PROGv2/PROGv2.ino:474
		timeout++;
	}
}
      d8:	08 95       	ret

000000da <bh1750_read(unsigned char)>:
_Z11bh1750_readh():
C:\Users\Utilizador\Desktop\RAFA\UNI\LABSI-LUMINOSIDADE\LABSI\PROG\PROGv2/PROGv2.ino:642
		return 0;
	}
	i2c_stop();
	return 1;
}
uint16_t bh1750_read(uint8_t addr) {
      da:	cf 93       	push	r28
      dc:	c8 2f       	mov	r28, r24
C:\Users\Utilizador\Desktop\RAFA\UNI\LABSI-LUMINOSIDADE\LABSI\PROG\PROGv2/PROGv2.ino:644
	uint8_t high_byte, low_byte;
	i2c_start();
      de:	0e 94 61 00 	call	0xc2	; 0xc2 <i2c_start()>
i2c_get_status():
C:\Users\Utilizador\Desktop\RAFA\UNI\LABSI-LUMINOSIDADE\LABSI\PROG\PROGv2/PROGv2.ino:503
		timeout++;
	}
	return TWDR;
}
uint8_t i2c_get_status(void) {
	return TWSR & 0b11111000;
      e2:	80 91 b9 00 	lds	r24, 0x00B9	; 0x8000b9 <__DATA_REGION_ORIGIN__+0x59>
      e6:	88 7f       	andi	r24, 0xF8	; 248
_Z11bh1750_readh():
C:\Users\Utilizador\Desktop\RAFA\UNI\LABSI-LUMINOSIDADE\LABSI\PROG\PROGv2/PROGv2.ino:645
	return 1;
}
uint16_t bh1750_read(uint8_t addr) {
	uint8_t high_byte, low_byte;
	i2c_start();
	if(i2c_get_status() != 0x08) {
      e8:	88 30       	cpi	r24, 0x08	; 8
      ea:	39 f0       	breq	.+14     	; 0xfa <bh1750_read(unsigned char)+0x20>
i2c_stop():
C:\Users\Utilizador\Desktop\RAFA\UNI\LABSI-LUMINOSIDADE\LABSI\PROG\PROGv2/PROGv2.ino:476
	while(!(TWCR & (1 << TWINT)) && timeout < I2C_TIMEOUT_CYCLES) {
		timeout++;
	}
}
void i2c_stop(void) {
	TWCR = (1 << TWINT) | (1 << TWSTO) | (1 << TWEN);
      ec:	84 e9       	ldi	r24, 0x94	; 148
      ee:	80 93 bc 00 	sts	0x00BC, r24	; 0x8000bc <__DATA_REGION_ORIGIN__+0x5c>
_Z11bh1750_readh():
C:\Users\Utilizador\Desktop\RAFA\UNI\LABSI-LUMINOSIDADE\LABSI\PROG\PROGv2/PROGv2.ino:652
		return 0;
	}
	i2c_write((addr << 1) | 1);
	if(i2c_get_status() != 0x40) {
		i2c_stop();
		return 0;
      f2:	90 e0       	ldi	r25, 0x00	; 0
      f4:	80 e0       	ldi	r24, 0x00	; 0
C:\Users\Utilizador\Desktop\RAFA\UNI\LABSI-LUMINOSIDADE\LABSI\PROG\PROGv2/PROGv2.ino:661
	i2c_stop();
	uint16_t data = (high_byte << 8) | low_byte;
	uint16_t lux = (uint16_t)((float) data / 1.2);
	if(lux > 65500) lux = 65500;
	return lux;
}
      f6:	cf 91       	pop	r28
      f8:	08 95       	ret
C:\Users\Utilizador\Desktop\RAFA\UNI\LABSI-LUMINOSIDADE\LABSI\PROG\PROGv2/PROGv2.ino:649
	i2c_start();
	if(i2c_get_status() != 0x08) {
		i2c_stop();
		return 0;
	}
	i2c_write((addr << 1) | 1);
      fa:	8c 2f       	mov	r24, r28
      fc:	88 0f       	add	r24, r24
      fe:	81 60       	ori	r24, 0x01	; 1
     100:	0e 94 53 00 	call	0xa6	; 0xa6 <i2c_write(unsigned char)>
i2c_get_status():
C:\Users\Utilizador\Desktop\RAFA\UNI\LABSI-LUMINOSIDADE\LABSI\PROG\PROGv2/PROGv2.ino:503
		timeout++;
	}
	return TWDR;
}
uint8_t i2c_get_status(void) {
	return TWSR & 0b11111000;
     104:	80 91 b9 00 	lds	r24, 0x00B9	; 0x8000b9 <__DATA_REGION_ORIGIN__+0x59>
     108:	88 7f       	andi	r24, 0xF8	; 248
_Z11bh1750_readh():
C:\Users\Utilizador\Desktop\RAFA\UNI\LABSI-LUMINOSIDADE\LABSI\PROG\PROGv2/PROGv2.ino:650
	if(i2c_get_status() != 0x08) {
		i2c_stop();
		return 0;
	}
	i2c_write((addr << 1) | 1);
	if(i2c_get_status() != 0x40) {
     10a:	80 34       	cpi	r24, 0x40	; 64
     10c:	79 f7       	brne	.-34     	; 0xec <bh1750_read(unsigned char)+0x12>
i2c_read_ack():
C:\Users\Utilizador\Desktop\RAFA\UNI\LABSI-LUMINOSIDADE\LABSI\PROG\PROGv2/PROGv2.ino:487
	while(!(TWCR & (1 << TWINT)) && timeout < I2C_TIMEOUT_CYCLES) {
		timeout++;
	}
}
uint8_t i2c_read_ack(void) {
	TWCR = (1 << TWINT) | (1 << TWEN) | (1 << TWEA);
     10e:	84 ec       	ldi	r24, 0xC4	; 196
     110:	80 93 bc 00 	sts	0x00BC, r24	; 0x8000bc <__DATA_REGION_ORIGIN__+0x5c>
     114:	81 ed       	ldi	r24, 0xD1	; 209
     116:	97 e0       	ldi	r25, 0x07	; 7
C:\Users\Utilizador\Desktop\RAFA\UNI\LABSI-LUMINOSIDADE\LABSI\PROG\PROGv2/PROGv2.ino:489
	uint16_t timeout = 0;
	while(!(TWCR & (1 << TWINT)) && timeout < I2C_TIMEOUT_CYCLES) {
     118:	20 91 bc 00 	lds	r18, 0x00BC	; 0x8000bc <__DATA_REGION_ORIGIN__+0x5c>
     11c:	27 fd       	sbrc	r18, 7
     11e:	02 c0       	rjmp	.+4      	; 0x124 <bh1750_read(unsigned char)+0x4a>
     120:	01 97       	sbiw	r24, 0x01	; 1
     122:	d1 f7       	brne	.-12     	; 0x118 <bh1750_read(unsigned char)+0x3e>
C:\Users\Utilizador\Desktop\RAFA\UNI\LABSI-LUMINOSIDADE\LABSI\PROG\PROGv2/PROGv2.ino:492
		timeout++;
	}
	return TWDR;
     124:	60 91 bb 00 	lds	r22, 0x00BB	; 0x8000bb <__DATA_REGION_ORIGIN__+0x5b>
i2c_read_nack():
C:\Users\Utilizador\Desktop\RAFA\UNI\LABSI-LUMINOSIDADE\LABSI\PROG\PROGv2/PROGv2.ino:495
}
uint8_t i2c_read_nack(void) {
	TWCR = (1 << TWINT) | (1 << TWEN);
     128:	84 e8       	ldi	r24, 0x84	; 132
     12a:	80 93 bc 00 	sts	0x00BC, r24	; 0x8000bc <__DATA_REGION_ORIGIN__+0x5c>
     12e:	81 ed       	ldi	r24, 0xD1	; 209
     130:	97 e0       	ldi	r25, 0x07	; 7
C:\Users\Utilizador\Desktop\RAFA\UNI\LABSI-LUMINOSIDADE\LABSI\PROG\PROGv2/PROGv2.ino:497
	uint16_t timeout = 0;
	while(!(TWCR & (1 << TWINT)) && timeout < I2C_TIMEOUT_CYCLES) {
     132:	20 91 bc 00 	lds	r18, 0x00BC	; 0x8000bc <__DATA_REGION_ORIGIN__+0x5c>
     136:	27 fd       	sbrc	r18, 7
     138:	02 c0       	rjmp	.+4      	; 0x13e <bh1750_read(unsigned char)+0x64>
     13a:	01 97       	sbiw	r24, 0x01	; 1
     13c:	d1 f7       	brne	.-12     	; 0x132 <bh1750_read(unsigned char)+0x58>
C:\Users\Utilizador\Desktop\RAFA\UNI\LABSI-LUMINOSIDADE\LABSI\PROG\PROGv2/PROGv2.ino:500
		timeout++;
	}
	return TWDR;
     13e:	80 91 bb 00 	lds	r24, 0x00BB	; 0x8000bb <__DATA_REGION_ORIGIN__+0x5b>
i2c_stop():
C:\Users\Utilizador\Desktop\RAFA\UNI\LABSI-LUMINOSIDADE\LABSI\PROG\PROGv2/PROGv2.ino:476
	while(!(TWCR & (1 << TWINT)) && timeout < I2C_TIMEOUT_CYCLES) {
		timeout++;
	}
}
void i2c_stop(void) {
	TWCR = (1 << TWINT) | (1 << TWSTO) | (1 << TWEN);
     142:	94 e9       	ldi	r25, 0x94	; 148
     144:	90 93 bc 00 	sts	0x00BC, r25	; 0x8000bc <__DATA_REGION_ORIGIN__+0x5c>
_Z11bh1750_readh():
C:\Users\Utilizador\Desktop\RAFA\UNI\LABSI-LUMINOSIDADE\LABSI\PROG\PROGv2/PROGv2.ino:657
		return 0;
	}
	high_byte = i2c_read_ack();
	low_byte = i2c_read_nack();
	i2c_stop();
	uint16_t data = (high_byte << 8) | low_byte;
     148:	76 2f       	mov	r23, r22
     14a:	68 2f       	mov	r22, r24
C:\Users\Utilizador\Desktop\RAFA\UNI\LABSI-LUMINOSIDADE\LABSI\PROG\PROGv2/PROGv2.ino:658
	uint16_t lux = (uint16_t)((float) data / 1.2);
     14c:	90 e0       	ldi	r25, 0x00	; 0
     14e:	80 e0       	ldi	r24, 0x00	; 0
     150:	0e 94 0d 0a 	call	0x141a	; 0x141a <__floatunsisf>
     154:	2a e9       	ldi	r18, 0x9A	; 154
     156:	39 e9       	ldi	r19, 0x99	; 153
     158:	49 e9       	ldi	r20, 0x99	; 153
     15a:	5f e3       	ldi	r21, 0x3F	; 63
     15c:	0e 94 6c 09 	call	0x12d8	; 0x12d8 <__divsf3>
     160:	0e 94 de 09 	call	0x13bc	; 0x13bc <__fixunssfsi>
     164:	cb 01       	movw	r24, r22
     166:	6d 3d       	cpi	r22, 0xDD	; 221
     168:	7f 4f       	sbci	r23, 0xFF	; 255
     16a:	28 f2       	brcs	.-118    	; 0xf6 <bh1750_read(unsigned char)+0x1c>
     16c:	8c ed       	ldi	r24, 0xDC	; 220
     16e:	9f ef       	ldi	r25, 0xFF	; 255
     170:	c2 cf       	rjmp	.-124    	; 0xf6 <bh1750_read(unsigned char)+0x1c>

00000172 <bh1750_send(unsigned char, unsigned char)>:
_Z11bh1750_sendhh():
C:\Users\Utilizador\Desktop\RAFA\UNI\LABSI-LUMINOSIDADE\LABSI\PROG\PROGv2/PROGv2.ino:627
    for(uint8_t i = 0; i < 128; i++) {
        ssd1306_data(i < width ? 0xFF : 0x00);
    }
}
// --- BH1750 Functions ---
uint8_t bh1750_send(uint8_t addr, uint8_t data) {
     172:	cf 93       	push	r28
     174:	df 93       	push	r29
     176:	d8 2f       	mov	r29, r24
     178:	c6 2f       	mov	r28, r22
C:\Users\Utilizador\Desktop\RAFA\UNI\LABSI-LUMINOSIDADE\LABSI\PROG\PROGv2/PROGv2.ino:628
	i2c_start();
     17a:	0e 94 61 00 	call	0xc2	; 0xc2 <i2c_start()>
C:\Users\Utilizador\Desktop\RAFA\UNI\LABSI-LUMINOSIDADE\LABSI\PROG\PROGv2/PROGv2.ino:629
	i2c_write(addr << 1 | 0);
     17e:	8d 2f       	mov	r24, r29
     180:	88 0f       	add	r24, r24
     182:	0e 94 53 00 	call	0xa6	; 0xa6 <i2c_write(unsigned char)>
i2c_get_status():
C:\Users\Utilizador\Desktop\RAFA\UNI\LABSI-LUMINOSIDADE\LABSI\PROG\PROGv2/PROGv2.ino:503
		timeout++;
	}
	return TWDR;
}
uint8_t i2c_get_status(void) {
	return TWSR & 0b11111000;
     186:	80 91 b9 00 	lds	r24, 0x00B9	; 0x8000b9 <__DATA_REGION_ORIGIN__+0x59>
     18a:	88 7f       	andi	r24, 0xF8	; 248
_Z11bh1750_sendhh():
C:\Users\Utilizador\Desktop\RAFA\UNI\LABSI-LUMINOSIDADE\LABSI\PROG\PROGv2/PROGv2.ino:630
}
// --- BH1750 Functions ---
uint8_t bh1750_send(uint8_t addr, uint8_t data) {
	i2c_start();
	i2c_write(addr << 1 | 0);
	if(i2c_get_status() != 0x18) { //SLA+W
     18c:	88 31       	cpi	r24, 0x18	; 24
     18e:	39 f0       	breq	.+14     	; 0x19e <bh1750_send(unsigned char, unsigned char)+0x2c>
i2c_stop():
C:\Users\Utilizador\Desktop\RAFA\UNI\LABSI-LUMINOSIDADE\LABSI\PROG\PROGv2/PROGv2.ino:476
	while(!(TWCR & (1 << TWINT)) && timeout < I2C_TIMEOUT_CYCLES) {
		timeout++;
	}
}
void i2c_stop(void) {
	TWCR = (1 << TWINT) | (1 << TWSTO) | (1 << TWEN);
     190:	84 e9       	ldi	r24, 0x94	; 148
     192:	80 93 bc 00 	sts	0x00BC, r24	; 0x8000bc <__DATA_REGION_ORIGIN__+0x5c>
_Z11bh1750_sendhh():
C:\Users\Utilizador\Desktop\RAFA\UNI\LABSI-LUMINOSIDADE\LABSI\PROG\PROGv2/PROGv2.ino:637
		return 0;
	}
	i2c_write(data);
	if(i2c_get_status() != 0x28) { //DATA+ACK
		i2c_stop();
		return 0;
     196:	80 e0       	ldi	r24, 0x00	; 0
C:\Users\Utilizador\Desktop\RAFA\UNI\LABSI-LUMINOSIDADE\LABSI\PROG\PROGv2/PROGv2.ino:641
	}
	i2c_stop();
	return 1;
}
     198:	df 91       	pop	r29
     19a:	cf 91       	pop	r28
     19c:	08 95       	ret
C:\Users\Utilizador\Desktop\RAFA\UNI\LABSI-LUMINOSIDADE\LABSI\PROG\PROGv2/PROGv2.ino:634
	i2c_write(addr << 1 | 0);
	if(i2c_get_status() != 0x18) { //SLA+W
		i2c_stop();
		return 0;
	}
	i2c_write(data);
     19e:	8c 2f       	mov	r24, r28
     1a0:	0e 94 53 00 	call	0xa6	; 0xa6 <i2c_write(unsigned char)>
i2c_get_status():
C:\Users\Utilizador\Desktop\RAFA\UNI\LABSI-LUMINOSIDADE\LABSI\PROG\PROGv2/PROGv2.ino:503
		timeout++;
	}
	return TWDR;
}
uint8_t i2c_get_status(void) {
	return TWSR & 0b11111000;
     1a4:	80 91 b9 00 	lds	r24, 0x00B9	; 0x8000b9 <__DATA_REGION_ORIGIN__+0x59>
     1a8:	88 7f       	andi	r24, 0xF8	; 248
_Z11bh1750_sendhh():
C:\Users\Utilizador\Desktop\RAFA\UNI\LABSI-LUMINOSIDADE\LABSI\PROG\PROGv2/PROGv2.ino:635
	if(i2c_get_status() != 0x18) { //SLA+W
		i2c_stop();
		return 0;
	}
	i2c_write(data);
	if(i2c_get_status() != 0x28) { //DATA+ACK
     1aa:	88 32       	cpi	r24, 0x28	; 40
     1ac:	89 f7       	brne	.-30     	; 0x190 <bh1750_send(unsigned char, unsigned char)+0x1e>
i2c_stop():
C:\Users\Utilizador\Desktop\RAFA\UNI\LABSI-LUMINOSIDADE\LABSI\PROG\PROGv2/PROGv2.ino:476
	while(!(TWCR & (1 << TWINT)) && timeout < I2C_TIMEOUT_CYCLES) {
		timeout++;
	}
}
void i2c_stop(void) {
	TWCR = (1 << TWINT) | (1 << TWSTO) | (1 << TWEN);
     1ae:	84 e9       	ldi	r24, 0x94	; 148
     1b0:	80 93 bc 00 	sts	0x00BC, r24	; 0x8000bc <__DATA_REGION_ORIGIN__+0x5c>
_Z11bh1750_sendhh():
C:\Users\Utilizador\Desktop\RAFA\UNI\LABSI-LUMINOSIDADE\LABSI\PROG\PROGv2/PROGv2.ino:640
	if(i2c_get_status() != 0x28) { //DATA+ACK
		i2c_stop();
		return 0;
	}
	i2c_stop();
	return 1;
     1b4:	81 e0       	ldi	r24, 0x01	; 1
     1b6:	f0 cf       	rjmp	.-32     	; 0x198 <bh1750_send(unsigned char, unsigned char)+0x26>

000001b8 <ssd1306_data(unsigned char)>:
_Z12ssd1306_datah():
C:\Users\Utilizador\Desktop\RAFA\UNI\LABSI-LUMINOSIDADE\LABSI\PROG\PROGv2/PROGv2.ino:512
	i2c_write(SSD1306_ADDR << 1);// Co = 0, D/C = 0 (cmd)
	i2c_write(0x00); 
	i2c_write(cmd);
	i2c_stop(); 
}
void ssd1306_data(uint8_t data) {
     1b8:	cf 93       	push	r28
     1ba:	c8 2f       	mov	r28, r24
C:\Users\Utilizador\Desktop\RAFA\UNI\LABSI-LUMINOSIDADE\LABSI\PROG\PROGv2/PROGv2.ino:513
	i2c_start();
     1bc:	0e 94 61 00 	call	0xc2	; 0xc2 <i2c_start()>
C:\Users\Utilizador\Desktop\RAFA\UNI\LABSI-LUMINOSIDADE\LABSI\PROG\PROGv2/PROGv2.ino:514
	i2c_write(SSD1306_ADDR << 1);// Co = 0, D/C = 1 (data)
     1c0:	88 e7       	ldi	r24, 0x78	; 120
     1c2:	0e 94 53 00 	call	0xa6	; 0xa6 <i2c_write(unsigned char)>
C:\Users\Utilizador\Desktop\RAFA\UNI\LABSI-LUMINOSIDADE\LABSI\PROG\PROGv2/PROGv2.ino:515
	i2c_write(0x40); 
     1c6:	80 e4       	ldi	r24, 0x40	; 64
     1c8:	0e 94 53 00 	call	0xa6	; 0xa6 <i2c_write(unsigned char)>
C:\Users\Utilizador\Desktop\RAFA\UNI\LABSI-LUMINOSIDADE\LABSI\PROG\PROGv2/PROGv2.ino:516
	i2c_write(data); 
     1cc:	8c 2f       	mov	r24, r28
     1ce:	0e 94 53 00 	call	0xa6	; 0xa6 <i2c_write(unsigned char)>
i2c_stop():
C:\Users\Utilizador\Desktop\RAFA\UNI\LABSI-LUMINOSIDADE\LABSI\PROG\PROGv2/PROGv2.ino:476
	while(!(TWCR & (1 << TWINT)) && timeout < I2C_TIMEOUT_CYCLES) {
		timeout++;
	}
}
void i2c_stop(void) {
	TWCR = (1 << TWINT) | (1 << TWSTO) | (1 << TWEN);
     1d2:	84 e9       	ldi	r24, 0x94	; 148
     1d4:	80 93 bc 00 	sts	0x00BC, r24	; 0x8000bc <__DATA_REGION_ORIGIN__+0x5c>
_Z12ssd1306_datah():
C:\Users\Utilizador\Desktop\RAFA\UNI\LABSI-LUMINOSIDADE\LABSI\PROG\PROGv2/PROGv2.ino:518
	i2c_start();
	i2c_write(SSD1306_ADDR << 1);// Co = 0, D/C = 1 (data)
	i2c_write(0x40); 
	i2c_write(data); 
	i2c_stop(); 
}
     1d8:	cf 91       	pop	r28
     1da:	08 95       	ret

000001dc <ssd1306_print(char const*)>:
_Z13ssd1306_printPKc():
C:\Users\Utilizador\Desktop\RAFA\UNI\LABSI-LUMINOSIDADE\LABSI\PROG\PROGv2/PROGv2.ino:555
    if (c < 32 || c > 127) c = '?';
    for (uint8_t i = 0; i < 6; i++) {
        ssd1306_data(font6x8[c - 32][i]);
    }
}
void ssd1306_print(const char *str) {
     1dc:	ef 92       	push	r14
     1de:	ff 92       	push	r15
     1e0:	0f 93       	push	r16
     1e2:	1f 93       	push	r17
     1e4:	cf 93       	push	r28
     1e6:	df 93       	push	r29
     1e8:	7c 01       	movw	r14, r24
C:\Users\Utilizador\Desktop\RAFA\UNI\LABSI-LUMINOSIDADE\LABSI\PROG\PROGv2/PROGv2.ino:556
    while (*str) {
     1ea:	f7 01       	movw	r30, r14
     1ec:	c1 91       	ld	r28, Z+
     1ee:	7f 01       	movw	r14, r30
     1f0:	cc 23       	and	r28, r28
     1f2:	b9 f0       	breq	.+46     	; 0x222 <ssd1306_print(char const*)+0x46>
ssd1306_char():
C:\Users\Utilizador\Desktop\RAFA\UNI\LABSI-LUMINOSIDADE\LABSI\PROG\PROGv2/PROGv2.ino:550
	ssd1306_set_cursor(row, 0); 
	for(uint8_t i = 0; i < 128; i++) 
	ssd1306_data(0x00); 
}
void ssd1306_char(char c) {
    if (c < 32 || c > 127) c = '?';
     1f4:	c0 32       	cpi	r28, 0x20	; 32
     1f6:	0c f4       	brge	.+2      	; 0x1fa <ssd1306_print(char const*)+0x1e>
_Z13ssd1306_printPKc():
     1f8:	cf e3       	ldi	r28, 0x3F	; 63
     1fa:	f6 e0       	ldi	r31, 0x06	; 6
     1fc:	cf 02       	muls	r28, r31
     1fe:	e0 01       	movw	r28, r0
     200:	11 24       	eor	r1, r1
     202:	10 e0       	ldi	r17, 0x00	; 0
     204:	00 e0       	ldi	r16, 0x00	; 0
ssd1306_char():
C:\Users\Utilizador\Desktop\RAFA\UNI\LABSI-LUMINOSIDADE\LABSI\PROG\PROGv2/PROGv2.ino:552
    for (uint8_t i = 0; i < 6; i++) {
        ssd1306_data(font6x8[c - 32][i]);
     206:	f8 01       	movw	r30, r16
     208:	ec 0f       	add	r30, r28
     20a:	fd 1f       	adc	r31, r29
     20c:	e5 5b       	subi	r30, 0xB5	; 181
     20e:	ff 4f       	sbci	r31, 0xFF	; 255
     210:	80 81       	ld	r24, Z
     212:	0e 94 dc 00 	call	0x1b8	; 0x1b8 <ssd1306_data(unsigned char)>
     216:	0f 5f       	subi	r16, 0xFF	; 255
     218:	1f 4f       	sbci	r17, 0xFF	; 255
C:\Users\Utilizador\Desktop\RAFA\UNI\LABSI-LUMINOSIDADE\LABSI\PROG\PROGv2/PROGv2.ino:551
	for(uint8_t i = 0; i < 128; i++) 
	ssd1306_data(0x00); 
}
void ssd1306_char(char c) {
    if (c < 32 || c > 127) c = '?';
    for (uint8_t i = 0; i < 6; i++) {
     21a:	06 30       	cpi	r16, 0x06	; 6
     21c:	11 05       	cpc	r17, r1
     21e:	99 f7       	brne	.-26     	; 0x206 <ssd1306_print(char const*)+0x2a>
     220:	e4 cf       	rjmp	.-56     	; 0x1ea <ssd1306_print(char const*)+0xe>
_Z13ssd1306_printPKc():
C:\Users\Utilizador\Desktop\RAFA\UNI\LABSI-LUMINOSIDADE\LABSI\PROG\PROGv2/PROGv2.ino:559
}
void ssd1306_print(const char *str) {
    while (*str) {
        ssd1306_char(*str++);
    }
}
     222:	df 91       	pop	r29
     224:	cf 91       	pop	r28
     226:	1f 91       	pop	r17
     228:	0f 91       	pop	r16
     22a:	ff 90       	pop	r15
     22c:	ef 90       	pop	r14
     22e:	08 95       	ret

00000230 <ssd1306_cmd(unsigned char)>:
_Z11ssd1306_cmdh():
C:\Users\Utilizador\Desktop\RAFA\UNI\LABSI-LUMINOSIDADE\LABSI\PROG\PROGv2/PROGv2.ino:505
	return TWDR;
}
uint8_t i2c_get_status(void) {
	return TWSR & 0b11111000;
}
void ssd1306_cmd(uint8_t cmd) {
     230:	cf 93       	push	r28
     232:	c8 2f       	mov	r28, r24
C:\Users\Utilizador\Desktop\RAFA\UNI\LABSI-LUMINOSIDADE\LABSI\PROG\PROGv2/PROGv2.ino:506
	i2c_start(); // write mode
     234:	0e 94 61 00 	call	0xc2	; 0xc2 <i2c_start()>
C:\Users\Utilizador\Desktop\RAFA\UNI\LABSI-LUMINOSIDADE\LABSI\PROG\PROGv2/PROGv2.ino:507
	i2c_write(SSD1306_ADDR << 1);// Co = 0, D/C = 0 (cmd)
     238:	88 e7       	ldi	r24, 0x78	; 120
     23a:	0e 94 53 00 	call	0xa6	; 0xa6 <i2c_write(unsigned char)>
C:\Users\Utilizador\Desktop\RAFA\UNI\LABSI-LUMINOSIDADE\LABSI\PROG\PROGv2/PROGv2.ino:508
	i2c_write(0x00); 
     23e:	80 e0       	ldi	r24, 0x00	; 0
     240:	0e 94 53 00 	call	0xa6	; 0xa6 <i2c_write(unsigned char)>
C:\Users\Utilizador\Desktop\RAFA\UNI\LABSI-LUMINOSIDADE\LABSI\PROG\PROGv2/PROGv2.ino:509
	i2c_write(cmd);
     244:	8c 2f       	mov	r24, r28
     246:	0e 94 53 00 	call	0xa6	; 0xa6 <i2c_write(unsigned char)>
i2c_stop():
C:\Users\Utilizador\Desktop\RAFA\UNI\LABSI-LUMINOSIDADE\LABSI\PROG\PROGv2/PROGv2.ino:476
	while(!(TWCR & (1 << TWINT)) && timeout < I2C_TIMEOUT_CYCLES) {
		timeout++;
	}
}
void i2c_stop(void) {
	TWCR = (1 << TWINT) | (1 << TWSTO) | (1 << TWEN);
     24a:	84 e9       	ldi	r24, 0x94	; 148
     24c:	80 93 bc 00 	sts	0x00BC, r24	; 0x8000bc <__DATA_REGION_ORIGIN__+0x5c>
_Z11ssd1306_cmdh():
C:\Users\Utilizador\Desktop\RAFA\UNI\LABSI-LUMINOSIDADE\LABSI\PROG\PROGv2/PROGv2.ino:511
	i2c_start(); // write mode
	i2c_write(SSD1306_ADDR << 1);// Co = 0, D/C = 0 (cmd)
	i2c_write(0x00); 
	i2c_write(cmd);
	i2c_stop(); 
}
     250:	cf 91       	pop	r28
     252:	08 95       	ret

00000254 <ssd1306_set_cursor(unsigned char, unsigned char) [clone .constprop.0]>:
_Z18ssd1306_set_cursorhh.constprop.0():
C:\Users\Utilizador\Desktop\RAFA\UNI\LABSI-LUMINOSIDADE\LABSI\PROG\PROGv2/PROGv2.ino:565
void ssd1306_print_xy(uint8_t row, uint8_t col, const char *str) {
    ssd1306_set_cursor(row, col);
    ssd1306_print(str);
}
void ssd1306_set_cursor(uint8_t row, uint8_t col) {
    ssd1306_cmd(0xB0 + row);          // page (0–7)
     254:	80 55       	subi	r24, 0x50	; 80
     256:	0e 94 18 01 	call	0x230	; 0x230 <ssd1306_cmd(unsigned char)>
C:\Users\Utilizador\Desktop\RAFA\UNI\LABSI-LUMINOSIDADE\LABSI\PROG\PROGv2/PROGv2.ino:566
    ssd1306_cmd(0x00 + (col & 0x0F)); // low column
     25a:	80 e0       	ldi	r24, 0x00	; 0
     25c:	0e 94 18 01 	call	0x230	; 0x230 <ssd1306_cmd(unsigned char)>
C:\Users\Utilizador\Desktop\RAFA\UNI\LABSI-LUMINOSIDADE\LABSI\PROG\PROGv2/PROGv2.ino:567
    ssd1306_cmd(0x10 + (col >> 4));   // high column
     260:	80 e1       	ldi	r24, 0x10	; 16
     262:	0c 94 18 01 	jmp	0x230	; 0x230 <ssd1306_cmd(unsigned char)>

00000266 <ssd1306_clear()>:
_Z13ssd1306_clearv():
C:\Users\Utilizador\Desktop\RAFA\UNI\LABSI-LUMINOSIDADE\LABSI\PROG\PROGv2/PROGv2.ino:534
    ssd1306_cmd(0xA6); // Normal
    ssd1306_cmd(0xA8); ssd1306_cmd(0x3F); // Mux
    ssd1306_cmd(0x8D); ssd1306_cmd(0x14); // Charge Pump
    ssd1306_cmd(0xAF); // Display ON
}
void ssd1306_clear(void) {
     266:	cf 93       	push	r28
     268:	df 93       	push	r29
     26a:	c0 eb       	ldi	r28, 0xB0	; 176
C:\Users\Utilizador\Desktop\RAFA\UNI\LABSI-LUMINOSIDADE\LABSI\PROG\PROGv2/PROGv2.ino:536
    for (uint8_t page = 0; page < 8; page++) {
        ssd1306_cmd(0xB0 + page); // page address
     26c:	8c 2f       	mov	r24, r28
     26e:	0e 94 18 01 	call	0x230	; 0x230 <ssd1306_cmd(unsigned char)>
C:\Users\Utilizador\Desktop\RAFA\UNI\LABSI-LUMINOSIDADE\LABSI\PROG\PROGv2/PROGv2.ino:537
        ssd1306_cmd(0x00);        // low column
     272:	80 e0       	ldi	r24, 0x00	; 0
     274:	0e 94 18 01 	call	0x230	; 0x230 <ssd1306_cmd(unsigned char)>
C:\Users\Utilizador\Desktop\RAFA\UNI\LABSI-LUMINOSIDADE\LABSI\PROG\PROGv2/PROGv2.ino:538
        ssd1306_cmd(0x10);        // high column
     278:	80 e1       	ldi	r24, 0x10	; 16
     27a:	0e 94 18 01 	call	0x230	; 0x230 <ssd1306_cmd(unsigned char)>
C:\Users\Utilizador\Desktop\RAFA\UNI\LABSI-LUMINOSIDADE\LABSI\PROG\PROGv2/PROGv2.ino:539
        for (uint8_t col = 0; col < 128; col++) {
     27e:	d0 e0       	ldi	r29, 0x00	; 0
C:\Users\Utilizador\Desktop\RAFA\UNI\LABSI-LUMINOSIDADE\LABSI\PROG\PROGv2/PROGv2.ino:540
            ssd1306_data(0x00);
     280:	80 e0       	ldi	r24, 0x00	; 0
     282:	0e 94 dc 00 	call	0x1b8	; 0x1b8 <ssd1306_data(unsigned char)>
C:\Users\Utilizador\Desktop\RAFA\UNI\LABSI-LUMINOSIDADE\LABSI\PROG\PROGv2/PROGv2.ino:539
void ssd1306_clear(void) {
    for (uint8_t page = 0; page < 8; page++) {
        ssd1306_cmd(0xB0 + page); // page address
        ssd1306_cmd(0x00);        // low column
        ssd1306_cmd(0x10);        // high column
        for (uint8_t col = 0; col < 128; col++) {
     286:	df 5f       	subi	r29, 0xFF	; 255
     288:	d0 38       	cpi	r29, 0x80	; 128
     28a:	d1 f7       	brne	.-12     	; 0x280 <ssd1306_clear()+0x1a>
     28c:	cf 5f       	subi	r28, 0xFF	; 255
C:\Users\Utilizador\Desktop\RAFA\UNI\LABSI-LUMINOSIDADE\LABSI\PROG\PROGv2/PROGv2.ino:535
    ssd1306_cmd(0xA8); ssd1306_cmd(0x3F); // Mux
    ssd1306_cmd(0x8D); ssd1306_cmd(0x14); // Charge Pump
    ssd1306_cmd(0xAF); // Display ON
}
void ssd1306_clear(void) {
    for (uint8_t page = 0; page < 8; page++) {
     28e:	c8 3b       	cpi	r28, 0xB8	; 184
     290:	69 f7       	brne	.-38     	; 0x26c <ssd1306_clear()+0x6>
C:\Users\Utilizador\Desktop\RAFA\UNI\LABSI-LUMINOSIDADE\LABSI\PROG\PROGv2/PROGv2.ino:543
        ssd1306_cmd(0x10);        // high column
        for (uint8_t col = 0; col < 128; col++) {
            ssd1306_data(0x00);
        }
    }
}
     292:	df 91       	pop	r29
     294:	cf 91       	pop	r28
     296:	08 95       	ret

00000298 <buzzer_bips(unsigned char)>:
_Z11buzzer_bipsh():
C:\Users\Utilizador\Desktop\RAFA\UNI\LABSI-LUMINOSIDADE\LABSI\PROG\PROGv2/PROGv2.ino:247
uint8_t IS_DELAY_FINISHED() {
	if(g_delay_counter_2ms == 0) return 1;
	else return 0;
}
void buzzer_bips(uint8_t num_bips) {
	if(g_buzzer_counter == 0) {
     298:	90 91 93 04 	lds	r25, 0x0493	; 0x800493 <g_buzzer_counter>
     29c:	91 11       	cpse	r25, r1
     29e:	06 c0       	rjmp	.+12     	; 0x2ac <buzzer_bips(unsigned char)+0x14>
C:\Users\Utilizador\Desktop\RAFA\UNI\LABSI-LUMINOSIDADE\LABSI\PROG\PROGv2/PROGv2.ino:249
		// Cada bip dura 400ms (200 ticks * 2ms)
		g_buzzer_counter = num_bips * 200;
     2a0:	98 ec       	ldi	r25, 0xC8	; 200
     2a2:	89 9f       	mul	r24, r25
     2a4:	80 2d       	mov	r24, r0
     2a6:	11 24       	eor	r1, r1
     2a8:	80 93 93 04 	sts	0x0493, r24	; 0x800493 <g_buzzer_counter>
C:\Users\Utilizador\Desktop\RAFA\UNI\LABSI-LUMINOSIDADE\LABSI\PROG\PROGv2/PROGv2.ino:251
	}
}
     2ac:	08 95       	ret

000002ae <sonar_is_close(unsigned char)>:
_Z14sonar_is_closeh():
C:\Users\Utilizador\Desktop\RAFA\UNI\LABSI-LUMINOSIDADE\LABSI\PROG\PROGv2/PROGv2.ino:789
void set_led_brightness(uint8_t brightness) {
    if (brightness > MAX_LED_PWM) brightness = MAX_LED_PWM;
    OCR2A = brightness;
    g_led_brightness = brightness;
}
uint8_t sonar_is_close(uint8_t sonar_id){
     2ae:	0f 93       	push	r16
     2b0:	1f 93       	push	r17
C:\Users\Utilizador\Desktop\RAFA\UNI\LABSI-LUMINOSIDADE\LABSI\PROG\PROGv2/PROGv2.ino:795
    static uint32_t last_trigger_time_1 = 0;
    static uint32_t last_trigger_time_2 = 0;
    static uint8_t stable_state_1 = 0;
    static uint8_t stable_state_2 = 0;

    uint32_t *last_time = (sonar_id == 1) ? &last_trigger_time_1 : &last_trigger_time_2;
     2b2:	81 30       	cpi	r24, 0x01	; 1
     2b4:	11 f5       	brne	.+68     	; 0x2fa <sonar_is_close(unsigned char)+0x4c>
     2b6:	00 91 14 04 	lds	r16, 0x0414	; 0x800414 <sonar_is_close(unsigned char)::last_trigger_time_1>
     2ba:	10 91 15 04 	lds	r17, 0x0415	; 0x800415 <sonar_is_close(unsigned char)::last_trigger_time_1+0x1>
     2be:	20 91 16 04 	lds	r18, 0x0416	; 0x800416 <sonar_is_close(unsigned char)::last_trigger_time_1+0x2>
     2c2:	30 91 17 04 	lds	r19, 0x0417	; 0x800417 <sonar_is_close(unsigned char)::last_trigger_time_1+0x3>
C:\Users\Utilizador\Desktop\RAFA\UNI\LABSI-LUMINOSIDADE\LABSI\PROG\PROGv2/PROGv2.ino:796
    uint8_t *stable_state = (sonar_id == 1) ? &stable_state_1 : &stable_state_2;
     2c6:	ef e0       	ldi	r30, 0x0F	; 15
     2c8:	f4 e0       	ldi	r31, 0x04	; 4
C:\Users\Utilizador\Desktop\RAFA\UNI\LABSI-LUMINOSIDADE\LABSI\PROG\PROGv2/PROGv2.ino:795
    static uint32_t last_trigger_time_1 = 0;
    static uint32_t last_trigger_time_2 = 0;
    static uint8_t stable_state_1 = 0;
    static uint8_t stable_state_2 = 0;

    uint32_t *last_time = (sonar_id == 1) ? &last_trigger_time_1 : &last_trigger_time_2;
     2ca:	a4 e1       	ldi	r26, 0x14	; 20
     2cc:	b4 e0       	ldi	r27, 0x04	; 4
C:\Users\Utilizador\Desktop\RAFA\UNI\LABSI-LUMINOSIDADE\LABSI\PROG\PROGv2/PROGv2.ino:798
    uint8_t *stable_state = (sonar_id == 1) ? &stable_state_1 : &stable_state_2;

    uint8_t trig_pin = (sonar_id == 1) ? SONAR1_TRIG : SONAR2_TRIG;
     2ce:	92 e0       	ldi	r25, 0x02	; 2
C:\Users\Utilizador\Desktop\RAFA\UNI\LABSI-LUMINOSIDADE\LABSI\PROG\PROGv2/PROGv2.ino:802
    uint8_t echo_pin = (sonar_id == 1) ? SONAR1_ECHO : SONAR2_ECHO;

    // 1) Espera não-bloqueante entre triggers (60ms de silêncio)
    if (g_millis - *last_time < 60) {
     2d0:	40 91 0a 04 	lds	r20, 0x040A	; 0x80040a <g_millis>
     2d4:	50 91 0b 04 	lds	r21, 0x040B	; 0x80040b <g_millis+0x1>
     2d8:	60 91 0c 04 	lds	r22, 0x040C	; 0x80040c <g_millis+0x2>
     2dc:	70 91 0d 04 	lds	r23, 0x040D	; 0x80040d <g_millis+0x3>
     2e0:	40 1b       	sub	r20, r16
     2e2:	51 0b       	sbc	r21, r17
     2e4:	62 0b       	sbc	r22, r18
     2e6:	73 0b       	sbc	r23, r19
     2e8:	4c 33       	cpi	r20, 0x3C	; 60
     2ea:	51 05       	cpc	r21, r1
     2ec:	61 05       	cpc	r22, r1
     2ee:	71 05       	cpc	r23, r1
     2f0:	90 f4       	brcc	.+36     	; 0x316 <sonar_is_close(unsigned char)+0x68>
C:\Users\Utilizador\Desktop\RAFA\UNI\LABSI-LUMINOSIDADE\LABSI\PROG\PROGv2/PROGv2.ino:817
    // 3) Espera NÃO-BLOQUEANTE pelo echo subir (Timeout curto de ~2ms)
    // Se o sensor estiver desconectado, sai rápido sem travar o código.
    uint16_t timeout = 0;
    while (!(PIND & (1 << echo_pin))) {
        if (++timeout > 16000) {   
            return *stable_state; // Falha ou nada detetado
     2f2:	80 81       	ld	r24, Z
C:\Users\Utilizador\Desktop\RAFA\UNI\LABSI-LUMINOSIDADE\LABSI\PROG\PROGv2/PROGv2.ino:844
    uint8_t reading = (cycles < SONAR_THRESHOLD_TICKS_20CM && cycles > 50) ? 1 : 0;

    // 6) Atualiza estado
    *stable_state = reading;    
    return *stable_state;
}
     2f4:	1f 91       	pop	r17
     2f6:	0f 91       	pop	r16
     2f8:	08 95       	ret
C:\Users\Utilizador\Desktop\RAFA\UNI\LABSI-LUMINOSIDADE\LABSI\PROG\PROGv2/PROGv2.ino:795
    static uint32_t last_trigger_time_1 = 0;
    static uint32_t last_trigger_time_2 = 0;
    static uint8_t stable_state_1 = 0;
    static uint8_t stable_state_2 = 0;

    uint32_t *last_time = (sonar_id == 1) ? &last_trigger_time_1 : &last_trigger_time_2;
     2fa:	00 91 10 04 	lds	r16, 0x0410	; 0x800410 <sonar_is_close(unsigned char)::last_trigger_time_2>
     2fe:	10 91 11 04 	lds	r17, 0x0411	; 0x800411 <sonar_is_close(unsigned char)::last_trigger_time_2+0x1>
     302:	20 91 12 04 	lds	r18, 0x0412	; 0x800412 <sonar_is_close(unsigned char)::last_trigger_time_2+0x2>
     306:	30 91 13 04 	lds	r19, 0x0413	; 0x800413 <sonar_is_close(unsigned char)::last_trigger_time_2+0x3>
C:\Users\Utilizador\Desktop\RAFA\UNI\LABSI-LUMINOSIDADE\LABSI\PROG\PROGv2/PROGv2.ino:796
    uint8_t *stable_state = (sonar_id == 1) ? &stable_state_1 : &stable_state_2;
     30a:	ee e0       	ldi	r30, 0x0E	; 14
     30c:	f4 e0       	ldi	r31, 0x04	; 4
C:\Users\Utilizador\Desktop\RAFA\UNI\LABSI-LUMINOSIDADE\LABSI\PROG\PROGv2/PROGv2.ino:795
    static uint32_t last_trigger_time_1 = 0;
    static uint32_t last_trigger_time_2 = 0;
    static uint8_t stable_state_1 = 0;
    static uint8_t stable_state_2 = 0;

    uint32_t *last_time = (sonar_id == 1) ? &last_trigger_time_1 : &last_trigger_time_2;
     30e:	a0 e1       	ldi	r26, 0x10	; 16
     310:	b4 e0       	ldi	r27, 0x04	; 4
C:\Users\Utilizador\Desktop\RAFA\UNI\LABSI-LUMINOSIDADE\LABSI\PROG\PROGv2/PROGv2.ino:798
    uint8_t *stable_state = (sonar_id == 1) ? &stable_state_1 : &stable_state_2;

    uint8_t trig_pin = (sonar_id == 1) ? SONAR1_TRIG : SONAR2_TRIG;
     312:	93 e0       	ldi	r25, 0x03	; 3
     314:	dd cf       	rjmp	.-70     	; 0x2d0 <sonar_is_close(unsigned char)+0x22>
C:\Users\Utilizador\Desktop\RAFA\UNI\LABSI-LUMINOSIDADE\LABSI\PROG\PROGv2/PROGv2.ino:805

    // 1) Espera não-bloqueante entre triggers (60ms de silêncio)
    if (g_millis - *last_time < 60) {
        return *stable_state;
    }
    *last_time = g_millis;
     316:	40 91 0a 04 	lds	r20, 0x040A	; 0x80040a <g_millis>
     31a:	50 91 0b 04 	lds	r21, 0x040B	; 0x80040b <g_millis+0x1>
     31e:	60 91 0c 04 	lds	r22, 0x040C	; 0x80040c <g_millis+0x2>
     322:	70 91 0d 04 	lds	r23, 0x040D	; 0x80040d <g_millis+0x3>
     326:	4d 93       	st	X+, r20
     328:	5d 93       	st	X+, r21
     32a:	6d 93       	st	X+, r22
     32c:	7c 93       	st	X, r23
     32e:	13 97       	sbiw	r26, 0x03	; 3
C:\Users\Utilizador\Desktop\RAFA\UNI\LABSI-LUMINOSIDADE\LABSI\PROG\PROGv2/PROGv2.ino:808

    // 2) Trigger de 10us
    PORTC &= ~(1 << trig_pin); _delay_us(2);
     330:	28 b1       	in	r18, 0x08	; 8
     332:	41 e0       	ldi	r20, 0x01	; 1
     334:	50 e0       	ldi	r21, 0x00	; 0
     336:	02 c0       	rjmp	.+4      	; 0x33c <sonar_is_close(unsigned char)+0x8e>
     338:	44 0f       	add	r20, r20
     33a:	55 1f       	adc	r21, r21
     33c:	9a 95       	dec	r25
     33e:	e2 f7       	brpl	.-8      	; 0x338 <sonar_is_close(unsigned char)+0x8a>
     340:	34 2f       	mov	r19, r20
     342:	30 95       	com	r19
     344:	23 23       	and	r18, r19
     346:	28 b9       	out	0x08, r18	; 8
_delay_us():
c:\users\utilizador\appdata\local\arduino15\packages\arduino\tools\avr-gcc\7.3.0-atmel3.6.1-arduino7\avr\include\util/delay.h:276
	#else
		//round up by default
		__ticks_dc = (uint32_t)(ceil(fabs(__tmp)));
	#endif

	__builtin_avr_delay_cycles(__ticks_dc);
     348:	9a e0       	ldi	r25, 0x0A	; 10
     34a:	9a 95       	dec	r25
     34c:	f1 f7       	brne	.-4      	; 0x34a <sonar_is_close(unsigned char)+0x9c>
     34e:	00 c0       	rjmp	.+0      	; 0x350 <sonar_is_close(unsigned char)+0xa2>
_Z14sonar_is_closeh():
C:\Users\Utilizador\Desktop\RAFA\UNI\LABSI-LUMINOSIDADE\LABSI\PROG\PROGv2/PROGv2.ino:809
    PORTC |=  (1 << trig_pin); _delay_us(10);
     350:	28 b1       	in	r18, 0x08	; 8
     352:	24 2b       	or	r18, r20
     354:	28 b9       	out	0x08, r18	; 8
_delay_us():
c:\users\utilizador\appdata\local\arduino15\packages\arduino\tools\avr-gcc\7.3.0-atmel3.6.1-arduino7\avr\include\util/delay.h:276
     356:	95 e3       	ldi	r25, 0x35	; 53
     358:	9a 95       	dec	r25
     35a:	f1 f7       	brne	.-4      	; 0x358 <sonar_is_close(unsigned char)+0xaa>
     35c:	00 00       	nop
_Z14sonar_is_closeh():
C:\Users\Utilizador\Desktop\RAFA\UNI\LABSI-LUMINOSIDADE\LABSI\PROG\PROGv2/PROGv2.ino:810
    PORTC &= ~(1 << trig_pin);
     35e:	98 b1       	in	r25, 0x08	; 8
     360:	93 23       	and	r25, r19
     362:	98 b9       	out	0x08, r25	; 8
     364:	61 e8       	ldi	r22, 0x81	; 129
     366:	7e e3       	ldi	r23, 0x3E	; 62
C:\Users\Utilizador\Desktop\RAFA\UNI\LABSI-LUMINOSIDADE\LABSI\PROG\PROGv2/PROGv2.ino:815

    // 3) Espera NÃO-BLOQUEANTE pelo echo subir (Timeout curto de ~2ms)
    // Se o sensor estiver desconectado, sai rápido sem travar o código.
    uint16_t timeout = 0;
    while (!(PIND & (1 << echo_pin))) {
     368:	29 b1       	in	r18, 0x09	; 9
     36a:	30 e0       	ldi	r19, 0x00	; 0
     36c:	24 23       	and	r18, r20
     36e:	35 23       	and	r19, r21
     370:	23 2b       	or	r18, r19
     372:	21 f4       	brne	.+8      	; 0x37c <sonar_is_close(unsigned char)+0xce>
     374:	61 50       	subi	r22, 0x01	; 1
     376:	71 09       	sbc	r23, r1
C:\Users\Utilizador\Desktop\RAFA\UNI\LABSI-LUMINOSIDADE\LABSI\PROG\PROGv2/PROGv2.ino:816
        if (++timeout > 16000) {   
     378:	b9 f7       	brne	.-18     	; 0x368 <sonar_is_close(unsigned char)+0xba>
     37a:	bb cf       	rjmp	.-138    	; 0x2f2 <sonar_is_close(unsigned char)+0x44>
C:\Users\Utilizador\Desktop\RAFA\UNI\LABSI-LUMINOSIDADE\LABSI\PROG\PROGv2/PROGv2.ino:824
    }

    // 4) Medição BLOQUEANTE (Precisão máxima)
    // Medimos a largura do pulso. Como só nos interessa "perto" (<30cm),
    // isto dura no máximo 1 a 2 ms.
    uint16_t cycles = 0;
     37c:	30 e0       	ldi	r19, 0x00	; 0
     37e:	20 e0       	ldi	r18, 0x00	; 0
C:\Users\Utilizador\Desktop\RAFA\UNI\LABSI-LUMINOSIDADE\LABSI\PROG\PROGv2/PROGv2.ino:825
    while (PIND & (1 << echo_pin)) {
     380:	69 b1       	in	r22, 0x09	; 9
     382:	70 e0       	ldi	r23, 0x00	; 0
     384:	64 23       	and	r22, r20
     386:	75 23       	and	r23, r21
     388:	67 2b       	or	r22, r23
     38a:	59 f0       	breq	.+22     	; 0x3a2 <sonar_is_close(unsigned char)+0xf4>
C:\Users\Utilizador\Desktop\RAFA\UNI\LABSI-LUMINOSIDADE\LABSI\PROG\PROGv2/PROGv2.ino:826
        cycles++;
     38c:	2f 5f       	subi	r18, 0xFF	; 255
     38e:	3f 4f       	sbci	r19, 0xFF	; 255
C:\Users\Utilizador\Desktop\RAFA\UNI\LABSI-LUMINOSIDADE\LABSI\PROG\PROGv2/PROGv2.ino:827
        if (cycles > 10000) break; // Break de segurança (se > 50cm, sai)
     390:	21 31       	cpi	r18, 0x11	; 17
     392:	97 e2       	ldi	r25, 0x27	; 39
     394:	39 07       	cpc	r19, r25
     396:	a1 f7       	brne	.-24     	; 0x380 <sonar_is_close(unsigned char)+0xd2>
C:\Users\Utilizador\Desktop\RAFA\UNI\LABSI-LUMINOSIDADE\LABSI\PROG\PROGv2/PROGv2.ino:834

    // ---> DEBUG: Guarda o valor para mostrar no OLED <---
    // Apenas guardamos o do Sonar 1 para não piscar demasiado o ecrã, 
    // ou podes fazer uma média/alternância se quiseres.
    if(sonar_id == 1 || (sonar_id == 2 && cycles > 100)) { 
        g_debug_ciclos = cycles; 
     398:	30 93 46 04 	sts	0x0446, r19	; 0x800446 <g_debug_ciclos+0x1>
     39c:	20 93 45 04 	sts	0x0445, r18	; 0x800445 <g_debug_ciclos>
     3a0:	05 c0       	rjmp	.+10     	; 0x3ac <sonar_is_close(unsigned char)+0xfe>
C:\Users\Utilizador\Desktop\RAFA\UNI\LABSI-LUMINOSIDADE\LABSI\PROG\PROGv2/PROGv2.ino:833
    }

    // ---> DEBUG: Guarda o valor para mostrar no OLED <---
    // Apenas guardamos o do Sonar 1 para não piscar demasiado o ecrã, 
    // ou podes fazer uma média/alternância se quiseres.
    if(sonar_id == 1 || (sonar_id == 2 && cycles > 100)) { 
     3a2:	81 30       	cpi	r24, 0x01	; 1
     3a4:	c9 f3       	breq	.-14     	; 0x398 <sonar_is_close(unsigned char)+0xea>
     3a6:	25 36       	cpi	r18, 0x65	; 101
     3a8:	31 05       	cpc	r19, r1
     3aa:	b0 f7       	brcc	.-20     	; 0x398 <sonar_is_close(unsigned char)+0xea>
C:\Users\Utilizador\Desktop\RAFA\UNI\LABSI-LUMINOSIDADE\LABSI\PROG\PROGv2/PROGv2.ino:839
        g_debug_ciclos = cycles; 
    }

    // 5) Threshold calibrado
    // Verifica se "cycles" é menor que o limite (perto) E maior que ruído (50)
    uint8_t reading = (cycles < SONAR_THRESHOLD_TICKS_20CM && cycles > 50) ? 1 : 0;
     3ac:	23 53       	subi	r18, 0x33	; 51
     3ae:	31 09       	sbc	r19, r1
     3b0:	81 e0       	ldi	r24, 0x01	; 1
     3b2:	2b 3b       	cpi	r18, 0xBB	; 187
     3b4:	32 40       	sbci	r19, 0x02	; 2
     3b6:	08 f0       	brcs	.+2      	; 0x3ba <sonar_is_close(unsigned char)+0x10c>
     3b8:	80 e0       	ldi	r24, 0x00	; 0
C:\Users\Utilizador\Desktop\RAFA\UNI\LABSI-LUMINOSIDADE\LABSI\PROG\PROGv2/PROGv2.ino:842

    // 6) Atualiza estado
    *stable_state = reading;    
     3ba:	80 83       	st	Z, r24
     3bc:	9b cf       	rjmp	.-202    	; 0x2f4 <sonar_is_close(unsigned char)+0x46>

000003be <oled_write_line(unsigned char, char const*, char*)>:
_Z15oled_write_linehPKcPc():
C:\Users\Utilizador\Desktop\RAFA\UNI\LABSI-LUMINOSIDADE\LABSI\PROG\PROGv2/PROGv2.ino:576
    case ABRIR:  return "ABRIR";
    case FECHAR: return "FECHAR";
    default:     return "PARAR";
  }
}
void oled_write_line(uint8_t row, const char *text, char *last_buffer) { 
     3be:	ef 92       	push	r14
     3c0:	ff 92       	push	r15
     3c2:	1f 93       	push	r17
     3c4:	cf 93       	push	r28
     3c6:	df 93       	push	r29
     3c8:	18 2f       	mov	r17, r24
     3ca:	eb 01       	movw	r28, r22
     3cc:	7a 01       	movw	r14, r20
C:\Users\Utilizador\Desktop\RAFA\UNI\LABSI-LUMINOSIDADE\LABSI\PROG\PROGv2/PROGv2.ino:577
  if(strcmp(text, last_buffer) == 0) return; // nada mudou → não redesenha 
     3ce:	ba 01       	movw	r22, r20
     3d0:	ce 01       	movw	r24, r28
     3d2:	0e 94 f7 0a 	call	0x15ee	; 0x15ee <strcmp>
     3d6:	89 2b       	or	r24, r25
     3d8:	b1 f0       	breq	.+44     	; 0x406 <__LOCK_REGION_LENGTH__+0x6>
C:\Users\Utilizador\Desktop\RAFA\UNI\LABSI-LUMINOSIDADE\LABSI\PROG\PROGv2/PROGv2.ino:578
  strcpy(last_buffer, text); 
     3da:	be 01       	movw	r22, r28
     3dc:	c7 01       	movw	r24, r14
     3de:	0e 94 00 0b 	call	0x1600	; 0x1600 <strcpy>
C:\Users\Utilizador\Desktop\RAFA\UNI\LABSI-LUMINOSIDADE\LABSI\PROG\PROGv2/PROGv2.ino:579
  ssd1306_set_cursor(row, 0); 
     3e2:	81 2f       	mov	r24, r17
     3e4:	0e 94 2a 01 	call	0x254	; 0x254 <ssd1306_set_cursor(unsigned char, unsigned char) [clone .constprop.0]>
C:\Users\Utilizador\Desktop\RAFA\UNI\LABSI-LUMINOSIDADE\LABSI\PROG\PROGv2/PROGv2.ino:580
  ssd1306_print(" "); // limpa com espaços 
     3e8:	82 ec       	ldi	r24, 0xC2	; 194
     3ea:	93 e0       	ldi	r25, 0x03	; 3
     3ec:	0e 94 ee 00 	call	0x1dc	; 0x1dc <ssd1306_print(char const*)>
C:\Users\Utilizador\Desktop\RAFA\UNI\LABSI-LUMINOSIDADE\LABSI\PROG\PROGv2/PROGv2.ino:581
  ssd1306_set_cursor(row, 0); 
     3f0:	81 2f       	mov	r24, r17
     3f2:	0e 94 2a 01 	call	0x254	; 0x254 <ssd1306_set_cursor(unsigned char, unsigned char) [clone .constprop.0]>
C:\Users\Utilizador\Desktop\RAFA\UNI\LABSI-LUMINOSIDADE\LABSI\PROG\PROGv2/PROGv2.ino:582
  ssd1306_print(text); 
     3f6:	ce 01       	movw	r24, r28
C:\Users\Utilizador\Desktop\RAFA\UNI\LABSI-LUMINOSIDADE\LABSI\PROG\PROGv2/PROGv2.ino:583
}
     3f8:	df 91       	pop	r29
     3fa:	cf 91       	pop	r28
     3fc:	1f 91       	pop	r17
     3fe:	ff 90       	pop	r15
     400:	ef 90       	pop	r14
C:\Users\Utilizador\Desktop\RAFA\UNI\LABSI-LUMINOSIDADE\LABSI\PROG\PROGv2/PROGv2.ino:582
  if(strcmp(text, last_buffer) == 0) return; // nada mudou → não redesenha 
  strcpy(last_buffer, text); 
  ssd1306_set_cursor(row, 0); 
  ssd1306_print(" "); // limpa com espaços 
  ssd1306_set_cursor(row, 0); 
  ssd1306_print(text); 
     402:	0c 94 ee 00 	jmp	0x1dc	; 0x1dc <ssd1306_print(char const*)>
C:\Users\Utilizador\Desktop\RAFA\UNI\LABSI-LUMINOSIDADE\LABSI\PROG\PROGv2/PROGv2.ino:583
}
     406:	df 91       	pop	r29
     408:	cf 91       	pop	r28
     40a:	1f 91       	pop	r17
     40c:	ff 90       	pop	r15
     40e:	ef 90       	pop	r14
     410:	08 95       	ret

00000412 <__vector_4>:
__vector_4():
C:\Users\Utilizador\Desktop\RAFA\UNI\LABSI-LUMINOSIDADE\LABSI\PROG\PROGv2/PROGv2.ino:261
    
	if(g_delay_counter_2ms > 0) g_delay_counter_2ms--;
	if(g_fix_state == 2 && g_fix_timer > 0) g_fix_timer--;
	if(g_gesture_timer > 0) g_gesture_timer--; 	// Timer de gesto (sonares)	
}
ISR(PCINT1_vect) {
     412:	1f 92       	push	r1
     414:	0f 92       	push	r0
     416:	0f b6       	in	r0, 0x3f	; 63
     418:	0f 92       	push	r0
     41a:	11 24       	eor	r1, r1
     41c:	2f 93       	push	r18
     41e:	3f 93       	push	r19
     420:	4f 93       	push	r20
     422:	5f 93       	push	r21
     424:	6f 93       	push	r22
     426:	7f 93       	push	r23
     428:	8f 93       	push	r24
     42a:	9f 93       	push	r25
     42c:	af 93       	push	r26
     42e:	bf 93       	push	r27
     430:	cf 93       	push	r28
     432:	df 93       	push	r29
     434:	ef 93       	push	r30
     436:	ff 93       	push	r31
C:\Users\Utilizador\Desktop\RAFA\UNI\LABSI-LUMINOSIDADE\LABSI\PROG\PROGv2/PROGv2.ino:262
	uint8_t current_state = PINC & (1 << PC1);
     438:	c6 b1       	in	r28, 0x06	; 6
     43a:	c2 70       	andi	r28, 0x02	; 2
C:\Users\Utilizador\Desktop\RAFA\UNI\LABSI-LUMINOSIDADE\LABSI\PROG\PROGv2/PROGv2.ino:263
	if(current_state > g_prev_pc1_state) {
     43c:	80 91 09 04 	lds	r24, 0x0409	; 0x800409 <g_prev_pc1_state>
     440:	8c 17       	cp	r24, r28
     442:	08 f0       	brcs	.+2      	; 0x446 <__vector_4+0x34>
     444:	3f c0       	rjmp	.+126    	; 0x4c4 <__vector_4+0xb2>
C:\Users\Utilizador\Desktop\RAFA\UNI\LABSI-LUMINOSIDADE\LABSI\PROG\PROGv2/PROGv2.ino:265
		// Transição de 0 para 1 detectada
		if(!g_mode_locked) {
     446:	80 91 08 04 	lds	r24, 0x0408	; 0x800408 <__data_end>
     44a:	81 11       	cpse	r24, r1
     44c:	23 c0       	rjmp	.+70     	; 0x494 <__vector_4+0x82>
C:\Users\Utilizador\Desktop\RAFA\UNI\LABSI-LUMINOSIDADE\LABSI\PROG\PROGv2/PROGv2.ino:267
			// Alternar Modo (apenas uma vez)
			if(g_operating_mode == MODE_AUTOMATIC) {
     44e:	80 91 0a 01 	lds	r24, 0x010A	; 0x80010a <g_operating_mode>
     452:	81 11       	cpse	r24, r1
     454:	34 c0       	rjmp	.+104    	; 0x4be <__vector_4+0xac>
C:\Users\Utilizador\Desktop\RAFA\UNI\LABSI-LUMINOSIDADE\LABSI\PROG\PROGv2/PROGv2.ino:268
				g_operating_mode = MODE_MANUAL;
     456:	81 e0       	ldi	r24, 0x01	; 1
     458:	80 93 0a 01 	sts	0x010A, r24	; 0x80010a <g_operating_mode>
C:\Users\Utilizador\Desktop\RAFA\UNI\LABSI-LUMINOSIDADE\LABSI\PROG\PROGv2/PROGv2.ino:272
			} else {
				g_operating_mode = MODE_AUTOMATIC;
			}
			g_mode_changed = 1; // Sinalizar ao main loop
     45c:	d1 e0       	ldi	r29, 0x01	; 1
     45e:	d0 93 01 01 	sts	0x0101, r29	; 0x800101 <g_mode_changed>
control_motor_1():
C:\Users\Utilizador\Desktop\RAFA\UNI\LABSI-LUMINOSIDADE\LABSI\PROG\PROGv2/PROGv2.ino:731
	// Interrupção de PC1 (botão touch)
	PCICR |= (1 << PCIE1);
	PCMSK1 |= (1 << PCINT9);
}
void control_motor_1(Servo_pos action) {
    g_motor1_action = action;
     462:	21 e0       	ldi	r18, 0x01	; 1
     464:	30 e0       	ldi	r19, 0x00	; 0
     466:	30 93 05 01 	sts	0x0105, r19	; 0x800105 <g_motor1_action+0x1>
     46a:	20 93 04 01 	sts	0x0104, r18	; 0x800104 <g_motor1_action>
C:\Users\Utilizador\Desktop\RAFA\UNI\LABSI-LUMINOSIDADE\LABSI\PROG\PROGv2/PROGv2.ino:745
            break;
        case FECHAR:
            valor_pwm = 198;
            break;
    }
    OCR1B = valor_pwm;
     46e:	8c eb       	ldi	r24, 0xBC	; 188
     470:	90 e0       	ldi	r25, 0x00	; 0
     472:	90 93 8b 00 	sts	0x008B, r25	; 0x80008b <__DATA_REGION_ORIGIN__+0x2b>
     476:	80 93 8a 00 	sts	0x008A, r24	; 0x80008a <__DATA_REGION_ORIGIN__+0x2a>
control_motor_2():
C:\Users\Utilizador\Desktop\RAFA\UNI\LABSI-LUMINOSIDADE\LABSI\PROG\PROGv2/PROGv2.ino:748
}
void control_motor_2(Servo_pos action) {
    g_motor2_action = action;
     47a:	30 93 03 01 	sts	0x0103, r19	; 0x800103 <g_motor2_action+0x1>
     47e:	20 93 02 01 	sts	0x0102, r18	; 0x800102 <g_motor2_action>
C:\Users\Utilizador\Desktop\RAFA\UNI\LABSI-LUMINOSIDADE\LABSI\PROG\PROGv2/PROGv2.ino:762
			break;
		case FECHAR:
			valor_pwm = 197;
			break;
	}
	OCR1A = valor_pwm;
     482:	90 93 89 00 	sts	0x0089, r25	; 0x800089 <__DATA_REGION_ORIGIN__+0x29>
     486:	80 93 88 00 	sts	0x0088, r24	; 0x800088 <__DATA_REGION_ORIGIN__+0x28>
__vector_4():
C:\Users\Utilizador\Desktop\RAFA\UNI\LABSI-LUMINOSIDADE\LABSI\PROG\PROGv2/PROGv2.ino:275
				g_operating_mode = MODE_AUTOMATIC;
			}
			g_mode_changed = 1; // Sinalizar ao main loop
			control_motor_1(1);
			control_motor_2(1);
			buzzer_bips(1); // 1 bip na troca de modo
     48a:	81 e0       	ldi	r24, 0x01	; 1
     48c:	0e 94 4c 01 	call	0x298	; 0x298 <buzzer_bips(unsigned char)>
C:\Users\Utilizador\Desktop\RAFA\UNI\LABSI-LUMINOSIDADE\LABSI\PROG\PROGv2/PROGv2.ino:276
			g_mode_locked = 1; // Bloquear mais mudanças
     490:	d0 93 08 04 	sts	0x0408, r29	; 0x800408 <__data_end>
C:\Users\Utilizador\Desktop\RAFA\UNI\LABSI-LUMINOSIDADE\LABSI\PROG\PROGv2/PROGv2.ino:282
		}
	} else if(current_state < g_prev_pc1_state) {
		// Transição de 1 para 0 detectada
		g_mode_locked = 0; // Desbloquear sistema para o próximo toque
	}
	g_prev_pc1_state = current_state;
     494:	c0 93 09 04 	sts	0x0409, r28	; 0x800409 <g_prev_pc1_state>
C:\Users\Utilizador\Desktop\RAFA\UNI\LABSI-LUMINOSIDADE\LABSI\PROG\PROGv2/PROGv2.ino:283
}
     498:	ff 91       	pop	r31
     49a:	ef 91       	pop	r30
     49c:	df 91       	pop	r29
     49e:	cf 91       	pop	r28
     4a0:	bf 91       	pop	r27
     4a2:	af 91       	pop	r26
     4a4:	9f 91       	pop	r25
     4a6:	8f 91       	pop	r24
     4a8:	7f 91       	pop	r23
     4aa:	6f 91       	pop	r22
     4ac:	5f 91       	pop	r21
     4ae:	4f 91       	pop	r20
     4b0:	3f 91       	pop	r19
     4b2:	2f 91       	pop	r18
     4b4:	0f 90       	pop	r0
     4b6:	0f be       	out	0x3f, r0	; 63
     4b8:	0f 90       	pop	r0
     4ba:	1f 90       	pop	r1
     4bc:	18 95       	reti
C:\Users\Utilizador\Desktop\RAFA\UNI\LABSI-LUMINOSIDADE\LABSI\PROG\PROGv2/PROGv2.ino:270
		if(!g_mode_locked) {
			// Alternar Modo (apenas uma vez)
			if(g_operating_mode == MODE_AUTOMATIC) {
				g_operating_mode = MODE_MANUAL;
			} else {
				g_operating_mode = MODE_AUTOMATIC;
     4be:	10 92 0a 01 	sts	0x010A, r1	; 0x80010a <g_operating_mode>
     4c2:	cc cf       	rjmp	.-104    	; 0x45c <__vector_4+0x4a>
C:\Users\Utilizador\Desktop\RAFA\UNI\LABSI-LUMINOSIDADE\LABSI\PROG\PROGv2/PROGv2.ino:278
			control_motor_1(1);
			control_motor_2(1);
			buzzer_bips(1); // 1 bip na troca de modo
			g_mode_locked = 1; // Bloquear mais mudanças
		}
	} else if(current_state < g_prev_pc1_state) {
     4c4:	80 91 09 04 	lds	r24, 0x0409	; 0x800409 <g_prev_pc1_state>
     4c8:	c8 17       	cp	r28, r24
     4ca:	20 f7       	brcc	.-56     	; 0x494 <__vector_4+0x82>
C:\Users\Utilizador\Desktop\RAFA\UNI\LABSI-LUMINOSIDADE\LABSI\PROG\PROGv2/PROGv2.ino:280
		// Transição de 1 para 0 detectada
		g_mode_locked = 0; // Desbloquear sistema para o próximo toque
     4cc:	10 92 08 04 	sts	0x0408, r1	; 0x800408 <__data_end>
     4d0:	e1 cf       	rjmp	.-62     	; 0x494 <__vector_4+0x82>

000004d2 <__vector_14>:
__vector_14():
C:\Users\Utilizador\Desktop\RAFA\UNI\LABSI-LUMINOSIDADE\LABSI\PROG\PROGv2/PROGv2.ino:253
		// Cada bip dura 400ms (200 ticks * 2ms)
		g_buzzer_counter = num_bips * 200;
	}
}
// --- Timer ISR (2ms) ---
ISR(TIMER0_COMPA_vect) {
     4d2:	1f 92       	push	r1
     4d4:	0f 92       	push	r0
     4d6:	0f b6       	in	r0, 0x3f	; 63
     4d8:	0f 92       	push	r0
     4da:	11 24       	eor	r1, r1
     4dc:	8f 93       	push	r24
     4de:	9f 93       	push	r25
     4e0:	af 93       	push	r26
     4e2:	bf 93       	push	r27
C:\Users\Utilizador\Desktop\RAFA\UNI\LABSI-LUMINOSIDADE\LABSI\PROG\PROGv2/PROGv2.ino:254
	g_flag_2ms = 1;
     4e4:	81 e0       	ldi	r24, 0x01	; 1
     4e6:	80 93 97 04 	sts	0x0497, r24	; 0x800497 <g_flag_2ms>
C:\Users\Utilizador\Desktop\RAFA\UNI\LABSI-LUMINOSIDADE\LABSI\PROG\PROGv2/PROGv2.ino:255
	g_millis += 2;
     4ea:	80 91 0a 04 	lds	r24, 0x040A	; 0x80040a <g_millis>
     4ee:	90 91 0b 04 	lds	r25, 0x040B	; 0x80040b <g_millis+0x1>
     4f2:	a0 91 0c 04 	lds	r26, 0x040C	; 0x80040c <g_millis+0x2>
     4f6:	b0 91 0d 04 	lds	r27, 0x040D	; 0x80040d <g_millis+0x3>
     4fa:	02 96       	adiw	r24, 0x02	; 2
     4fc:	a1 1d       	adc	r26, r1
     4fe:	b1 1d       	adc	r27, r1
     500:	80 93 0a 04 	sts	0x040A, r24	; 0x80040a <g_millis>
     504:	90 93 0b 04 	sts	0x040B, r25	; 0x80040b <g_millis+0x1>
     508:	a0 93 0c 04 	sts	0x040C, r26	; 0x80040c <g_millis+0x2>
     50c:	b0 93 0d 04 	sts	0x040D, r27	; 0x80040d <g_millis+0x3>
C:\Users\Utilizador\Desktop\RAFA\UNI\LABSI-LUMINOSIDADE\LABSI\PROG\PROGv2/PROGv2.ino:257
    
	if(g_delay_counter_2ms > 0) g_delay_counter_2ms--;
     510:	80 91 18 04 	lds	r24, 0x0418	; 0x800418 <g_delay_counter_2ms>
     514:	90 91 19 04 	lds	r25, 0x0419	; 0x800419 <g_delay_counter_2ms+0x1>
     518:	89 2b       	or	r24, r25
     51a:	49 f0       	breq	.+18     	; 0x52e <__vector_14+0x5c>
     51c:	80 91 18 04 	lds	r24, 0x0418	; 0x800418 <g_delay_counter_2ms>
     520:	90 91 19 04 	lds	r25, 0x0419	; 0x800419 <g_delay_counter_2ms+0x1>
     524:	01 97       	sbiw	r24, 0x01	; 1
     526:	90 93 19 04 	sts	0x0419, r25	; 0x800419 <g_delay_counter_2ms+0x1>
     52a:	80 93 18 04 	sts	0x0418, r24	; 0x800418 <g_delay_counter_2ms>
C:\Users\Utilizador\Desktop\RAFA\UNI\LABSI-LUMINOSIDADE\LABSI\PROG\PROGv2/PROGv2.ino:258
	if(g_fix_state == 2 && g_fix_timer > 0) g_fix_timer--;
     52e:	80 91 a0 04 	lds	r24, 0x04A0	; 0x8004a0 <g_fix_state>
     532:	82 30       	cpi	r24, 0x02	; 2
     534:	79 f4       	brne	.+30     	; 0x554 <__vector_14+0x82>
     536:	80 91 83 04 	lds	r24, 0x0483	; 0x800483 <g_fix_timer>
     53a:	90 91 84 04 	lds	r25, 0x0484	; 0x800484 <g_fix_timer+0x1>
     53e:	89 2b       	or	r24, r25
     540:	49 f0       	breq	.+18     	; 0x554 <__vector_14+0x82>
     542:	80 91 83 04 	lds	r24, 0x0483	; 0x800483 <g_fix_timer>
     546:	90 91 84 04 	lds	r25, 0x0484	; 0x800484 <g_fix_timer+0x1>
     54a:	01 97       	sbiw	r24, 0x01	; 1
     54c:	90 93 84 04 	sts	0x0484, r25	; 0x800484 <g_fix_timer+0x1>
     550:	80 93 83 04 	sts	0x0483, r24	; 0x800483 <g_fix_timer>
C:\Users\Utilizador\Desktop\RAFA\UNI\LABSI-LUMINOSIDADE\LABSI\PROG\PROGv2/PROGv2.ino:259
	if(g_gesture_timer > 0) g_gesture_timer--; 	// Timer de gesto (sonares)	
     554:	80 91 90 04 	lds	r24, 0x0490	; 0x800490 <g_gesture_timer>
     558:	90 91 91 04 	lds	r25, 0x0491	; 0x800491 <g_gesture_timer+0x1>
     55c:	89 2b       	or	r24, r25
     55e:	49 f0       	breq	.+18     	; 0x572 <__vector_14+0xa0>
     560:	80 91 90 04 	lds	r24, 0x0490	; 0x800490 <g_gesture_timer>
     564:	90 91 91 04 	lds	r25, 0x0491	; 0x800491 <g_gesture_timer+0x1>
     568:	01 97       	sbiw	r24, 0x01	; 1
     56a:	90 93 91 04 	sts	0x0491, r25	; 0x800491 <g_gesture_timer+0x1>
     56e:	80 93 90 04 	sts	0x0490, r24	; 0x800490 <g_gesture_timer>
C:\Users\Utilizador\Desktop\RAFA\UNI\LABSI-LUMINOSIDADE\LABSI\PROG\PROGv2/PROGv2.ino:260
}
     572:	bf 91       	pop	r27
     574:	af 91       	pop	r26
     576:	9f 91       	pop	r25
     578:	8f 91       	pop	r24
     57a:	0f 90       	pop	r0
     57c:	0f be       	out	0x3f, r0	; 63
     57e:	0f 90       	pop	r0
     580:	1f 90       	pop	r1
     582:	18 95       	reti

00000584 <main>:
main():
C:\Users\Utilizador\Desktop\RAFA\UNI\LABSI-LUMINOSIDADE\LABSI\PROG\PROGv2/PROGv2.ino:972
            buzzer_bips(3);
        }
        break;
  }
}
int main(void) {
     584:	cf 93       	push	r28
     586:	df 93       	push	r29
     588:	cd b7       	in	r28, 0x3d	; 61
     58a:	de b7       	in	r29, 0x3e	; 62
     58c:	a8 97       	sbiw	r28, 0x28	; 40
     58e:	0f b6       	in	r0, 0x3f	; 63
     590:	f8 94       	cli
     592:	de bf       	out	0x3e, r29	; 62
     594:	0f be       	out	0x3f, r0	; 63
     596:	cd bf       	out	0x3d, r28	; 61
uart_init():
C:\Users\Utilizador\Desktop\RAFA\UNI\LABSI-LUMINOSIDADE\LABSI\PROG\PROGv2/PROGv2.ino:287
	g_prev_pc1_state = current_state;
}
// --- UART (ESP32) ---
void uart_init(void) {
    // Configura Baud Rate (9600)
    UBRR0H = (unsigned char)(UBRR_VAL >> 8);
     598:	10 92 c5 00 	sts	0x00C5, r1	; 0x8000c5 <__DATA_REGION_ORIGIN__+0x65>
C:\Users\Utilizador\Desktop\RAFA\UNI\LABSI-LUMINOSIDADE\LABSI\PROG\PROGv2/PROGv2.ino:288
    UBRR0L = (unsigned char)UBRR_VAL;
     59c:	87 e6       	ldi	r24, 0x67	; 103
     59e:	80 93 c4 00 	sts	0x00C4, r24	; 0x8000c4 <__DATA_REGION_ORIGIN__+0x64>
C:\Users\Utilizador\Desktop\RAFA\UNI\LABSI-LUMINOSIDADE\LABSI\PROG\PROGv2/PROGv2.ino:290
    // Habilita RX e TX
    UCSR0B = (1 << RXEN0) | (1 << TXEN0);
     5a2:	88 e1       	ldi	r24, 0x18	; 24
     5a4:	80 93 c1 00 	sts	0x00C1, r24	; 0x8000c1 <__DATA_REGION_ORIGIN__+0x61>
C:\Users\Utilizador\Desktop\RAFA\UNI\LABSI-LUMINOSIDADE\LABSI\PROG\PROGv2/PROGv2.ino:292
    // Formato: 8 dados, 1 stop bit
    UCSR0C = (1 << UCSZ01) | (1 << UCSZ00);
     5a8:	86 e0       	ldi	r24, 0x06	; 6
     5aa:	80 93 c2 00 	sts	0x00C2, r24	; 0x8000c2 <__DATA_REGION_ORIGIN__+0x62>
onda1Hz_init():
C:\Users\Utilizador\Desktop\RAFA\UNI\LABSI-LUMINOSIDADE\LABSI\PROG\PROGv2/PROGv2.ino:690
	}
	return sum / AVG_SAMPLES;
}
// --- Timer 0 for 2ms interrupt ---
void onda1Hz_init(void) {
	DDRD |= (1 << PD6);
     5ae:	56 9a       	sbi	0x0a, 6	; 10
C:\Users\Utilizador\Desktop\RAFA\UNI\LABSI-LUMINOSIDADE\LABSI\PROG\PROGv2/PROGv2.ino:691
	PORTD &= ~(1 << PD6);
     5b0:	5e 98       	cbi	0x0b, 6	; 11
C:\Users\Utilizador\Desktop\RAFA\UNI\LABSI-LUMINOSIDADE\LABSI\PROG\PROGv2/PROGv2.ino:692
	TCCR0A = (1 << WGM01); // CTC Mode
     5b2:	82 e0       	ldi	r24, 0x02	; 2
     5b4:	84 bd       	out	0x24, r24	; 36
C:\Users\Utilizador\Desktop\RAFA\UNI\LABSI-LUMINOSIDADE\LABSI\PROG\PROGv2/PROGv2.ino:693
	TCCR0B = (1 << CS02) | (1 << CS00); // Prescaler 1024
     5b6:	95 e0       	ldi	r25, 0x05	; 5
     5b8:	95 bd       	out	0x25, r25	; 37
C:\Users\Utilizador\Desktop\RAFA\UNI\LABSI-LUMINOSIDADE\LABSI\PROG\PROGv2/PROGv2.ino:694
	OCR0A = 31; // (16M / 1024) / (31+1) = 500 Hz (2ms)
     5ba:	9f e1       	ldi	r25, 0x1F	; 31
     5bc:	97 bd       	out	0x27, r25	; 39
C:\Users\Utilizador\Desktop\RAFA\UNI\LABSI-LUMINOSIDADE\LABSI\PROG\PROGv2/PROGv2.ino:695
	TIMSK0 = (1 << OCIE0A);
     5be:	80 93 6e 00 	sts	0x006E, r24	; 0x80006e <__DATA_REGION_ORIGIN__+0xe>
pwm_led_init():
C:\Users\Utilizador\Desktop\RAFA\UNI\LABSI-LUMINOSIDADE\LABSI\PROG\PROGv2/PROGv2.ino:698
}
void pwm_led_init(void){
	DDRB |= (1 << GATE_PIN);
     5c2:	23 9a       	sbi	0x04, 3	; 4
C:\Users\Utilizador\Desktop\RAFA\UNI\LABSI-LUMINOSIDADE\LABSI\PROG\PROGv2/PROGv2.ino:699
	PORTB &= ~(1 << GATE_PIN);
     5c4:	2b 98       	cbi	0x05, 3	; 5
C:\Users\Utilizador\Desktop\RAFA\UNI\LABSI-LUMINOSIDADE\LABSI\PROG\PROGv2/PROGv2.ino:700
	TCCR2A = (1 << WGM20) | (1 << COM2A1);
     5c6:	81 e8       	ldi	r24, 0x81	; 129
     5c8:	80 93 b0 00 	sts	0x00B0, r24	; 0x8000b0 <__DATA_REGION_ORIGIN__+0x50>
C:\Users\Utilizador\Desktop\RAFA\UNI\LABSI-LUMINOSIDADE\LABSI\PROG\PROGv2/PROGv2.ino:701
	TCCR2B =  (1 << CS20) | (1 << CS21);
     5cc:	83 e0       	ldi	r24, 0x03	; 3
     5ce:	80 93 b1 00 	sts	0x00B1, r24	; 0x8000b1 <__DATA_REGION_ORIGIN__+0x51>
C:\Users\Utilizador\Desktop\RAFA\UNI\LABSI-LUMINOSIDADE\LABSI\PROG\PROGv2/PROGv2.ino:702
	OCR2A = 0;
     5d2:	10 92 b3 00 	sts	0x00B3, r1	; 0x8000b3 <__DATA_REGION_ORIGIN__+0x53>
pwm_Servo_init():
C:\Users\Utilizador\Desktop\RAFA\UNI\LABSI-LUMINOSIDADE\LABSI\PROG\PROGv2/PROGv2.ino:705
}
void pwm_Servo_init(void) {
	DDRB |= (1 << PB1) | (1 << PB2);
     5d6:	84 b1       	in	r24, 0x04	; 4
     5d8:	86 60       	ori	r24, 0x06	; 6
     5da:	84 b9       	out	0x04, r24	; 4
C:\Users\Utilizador\Desktop\RAFA\UNI\LABSI-LUMINOSIDADE\LABSI\PROG\PROGv2/PROGv2.ino:706
	TCCR1A |= (1 << COM1A1) | (1 << COM1B1)| (1 << WGM11);//PC
     5dc:	80 91 80 00 	lds	r24, 0x0080	; 0x800080 <__DATA_REGION_ORIGIN__+0x20>
     5e0:	82 6a       	ori	r24, 0xA2	; 162
     5e2:	80 93 80 00 	sts	0x0080, r24	; 0x800080 <__DATA_REGION_ORIGIN__+0x20>
C:\Users\Utilizador\Desktop\RAFA\UNI\LABSI-LUMINOSIDADE\LABSI\PROG\PROGv2/PROGv2.ino:707
	TCCR1B |= (1 << WGM13) | (1 << CS11) | (1 << CS10) | (1 << ICNC1); // prescaler 64, noise cancelling
     5e6:	80 91 81 00 	lds	r24, 0x0081	; 0x800081 <__DATA_REGION_ORIGIN__+0x21>
     5ea:	83 69       	ori	r24, 0x93	; 147
     5ec:	80 93 81 00 	sts	0x0081, r24	; 0x800081 <__DATA_REGION_ORIGIN__+0x21>
C:\Users\Utilizador\Desktop\RAFA\UNI\LABSI-LUMINOSIDADE\LABSI\PROG\PROGv2/PROGv2.ino:708
	ICR1 = 2500; // 20 ms (50 Hz)
     5f0:	84 ec       	ldi	r24, 0xC4	; 196
     5f2:	99 e0       	ldi	r25, 0x09	; 9
     5f4:	90 93 87 00 	sts	0x0087, r25	; 0x800087 <__DATA_REGION_ORIGIN__+0x27>
     5f8:	80 93 86 00 	sts	0x0086, r24	; 0x800086 <__DATA_REGION_ORIGIN__+0x26>
C:\Users\Utilizador\Desktop\RAFA\UNI\LABSI-LUMINOSIDADE\LABSI\PROG\PROGv2/PROGv2.ino:709
	OCR1A = 188;
     5fc:	8c eb       	ldi	r24, 0xBC	; 188
     5fe:	90 e0       	ldi	r25, 0x00	; 0
     600:	90 93 89 00 	sts	0x0089, r25	; 0x800089 <__DATA_REGION_ORIGIN__+0x29>
     604:	80 93 88 00 	sts	0x0088, r24	; 0x800088 <__DATA_REGION_ORIGIN__+0x28>
C:\Users\Utilizador\Desktop\RAFA\UNI\LABSI-LUMINOSIDADE\LABSI\PROG\PROGv2/PROGv2.ino:710
	OCR1B = 188;
     608:	90 93 8b 00 	sts	0x008B, r25	; 0x80008b <__DATA_REGION_ORIGIN__+0x2b>
     60c:	80 93 8a 00 	sts	0x008A, r24	; 0x80008a <__DATA_REGION_ORIGIN__+0x2a>
buttons_inic():
C:\Users\Utilizador\Desktop\RAFA\UNI\LABSI-LUMINOSIDADE\LABSI\PROG\PROGv2/PROGv2.ino:714
}
void buttons_inic(void) {
	// Botão touch PC1
	DDRC &= ~(1 << BOTAO_TOUCH);
     610:	39 98       	cbi	0x07, 1	; 7
C:\Users\Utilizador\Desktop\RAFA\UNI\LABSI-LUMINOSIDADE\LABSI\PROG\PROGv2/PROGv2.ino:715
	PORTC &= ~(1 << BOTAO_TOUCH);
     612:	41 98       	cbi	0x08, 1	; 8
C:\Users\Utilizador\Desktop\RAFA\UNI\LABSI-LUMINOSIDADE\LABSI\PROG\PROGv2/PROGv2.ino:717
	// Botões +/- em PD4 e PD7
	DDRD &= ~((1 << BOTAO_MAIS) | (1 << BOTAO_MENOS));
     614:	8a b1       	in	r24, 0x0a	; 10
     616:	8f 76       	andi	r24, 0x6F	; 111
     618:	8a b9       	out	0x0a, r24	; 10
C:\Users\Utilizador\Desktop\RAFA\UNI\LABSI-LUMINOSIDADE\LABSI\PROG\PROGv2/PROGv2.ino:718
	PORTD &= ~((1 << BOTAO_MAIS) | (1 << BOTAO_MENOS));
     61a:	8b b1       	in	r24, 0x0b	; 11
     61c:	8f 76       	andi	r24, 0x6F	; 111
     61e:	8b b9       	out	0x0b, r24	; 11
C:\Users\Utilizador\Desktop\RAFA\UNI\LABSI-LUMINOSIDADE\LABSI\PROG\PROGv2/PROGv2.ino:720
	// BUZZER
	DDRC |= (1 << BUZZER_PIN);
     620:	38 9a       	sbi	0x07, 0	; 7
C:\Users\Utilizador\Desktop\RAFA\UNI\LABSI-LUMINOSIDADE\LABSI\PROG\PROGv2/PROGv2.ino:721
	PORTC &= ~(1 << BUZZER_PIN);
     622:	40 98       	cbi	0x08, 0	; 8
C:\Users\Utilizador\Desktop\RAFA\UNI\LABSI-LUMINOSIDADE\LABSI\PROG\PROGv2/PROGv2.ino:723
	// Sonares: TRIG como saída, ECHO como entrada
	DDRC |= (1 << SONAR1_TRIG) | (1 << SONAR2_TRIG);
     624:	87 b1       	in	r24, 0x07	; 7
     626:	8c 60       	ori	r24, 0x0C	; 12
     628:	87 b9       	out	0x07, r24	; 7
C:\Users\Utilizador\Desktop\RAFA\UNI\LABSI-LUMINOSIDADE\LABSI\PROG\PROGv2/PROGv2.ino:724
	DDRD &= ~((1 << SONAR1_ECHO) | (1 << SONAR2_ECHO));
     62a:	8a b1       	in	r24, 0x0a	; 10
     62c:	83 7f       	andi	r24, 0xF3	; 243
     62e:	8a b9       	out	0x0a, r24	; 10
C:\Users\Utilizador\Desktop\RAFA\UNI\LABSI-LUMINOSIDADE\LABSI\PROG\PROGv2/PROGv2.ino:725
	PORTD &= ~((1 << SONAR1_ECHO) | (1 << SONAR2_ECHO)); // sem pull-up
     630:	8b b1       	in	r24, 0x0b	; 11
     632:	83 7f       	andi	r24, 0xF3	; 243
     634:	8b b9       	out	0x0b, r24	; 11
C:\Users\Utilizador\Desktop\RAFA\UNI\LABSI-LUMINOSIDADE\LABSI\PROG\PROGv2/PROGv2.ino:727
	// Interrupção de PC1 (botão touch)
	PCICR |= (1 << PCIE1);
     636:	80 91 68 00 	lds	r24, 0x0068	; 0x800068 <__DATA_REGION_ORIGIN__+0x8>
     63a:	82 60       	ori	r24, 0x02	; 2
     63c:	80 93 68 00 	sts	0x0068, r24	; 0x800068 <__DATA_REGION_ORIGIN__+0x8>
C:\Users\Utilizador\Desktop\RAFA\UNI\LABSI-LUMINOSIDADE\LABSI\PROG\PROGv2/PROGv2.ino:728
	PCMSK1 |= (1 << PCINT9);
     640:	80 91 6c 00 	lds	r24, 0x006C	; 0x80006c <__DATA_REGION_ORIGIN__+0xc>
     644:	82 60       	ori	r24, 0x02	; 2
     646:	80 93 6c 00 	sts	0x006C, r24	; 0x80006c <__DATA_REGION_ORIGIN__+0xc>
inic():
C:\Users\Utilizador\Desktop\RAFA\UNI\LABSI-LUMINOSIDADE\LABSI\PROG\PROGv2/PROGv2.ino:922
	uart_init();
	onda1Hz_init();
	pwm_led_init();
	pwm_Servo_init();
	buttons_inic();
	sei();
     64a:	78 94       	sei
control_motor_2():
C:\Users\Utilizador\Desktop\RAFA\UNI\LABSI-LUMINOSIDADE\LABSI\PROG\PROGv2/PROGv2.ino:748
            break;
    }
    OCR1B = valor_pwm;
}
void control_motor_2(Servo_pos action) {
    g_motor2_action = action;
     64c:	ee 24       	eor	r14, r14
     64e:	e3 94       	inc	r14
     650:	f1 2c       	mov	r15, r1
C:\Users\Utilizador\Desktop\RAFA\UNI\LABSI-LUMINOSIDADE\LABSI\PROG\PROGv2/PROGv2.ino:762
			break;
		case FECHAR:
			valor_pwm = 197;
			break;
	}
	OCR1A = valor_pwm;
     652:	0c eb       	ldi	r16, 0xBC	; 188
     654:	10 e0       	ldi	r17, 0x00	; 0
C:\Users\Utilizador\Desktop\RAFA\UNI\LABSI-LUMINOSIDADE\LABSI\PROG\PROGv2/PROGv2.ino:748
            break;
    }
    OCR1B = valor_pwm;
}
void control_motor_2(Servo_pos action) {
    g_motor2_action = action;
     656:	62 e0       	ldi	r22, 0x02	; 2
     658:	86 2e       	mov	r8, r22
     65a:	91 2c       	mov	r9, r1
update_manual_gestures():
C:\Users\Utilizador\Desktop\RAFA\UNI\LABSI-LUMINOSIDADE\LABSI\PROG\PROGv2/PROGv2.ino:886
        case 1:
            if (s2) { // Não precisa de borda, basta presença
                control_motor_1(FECHAR); // Ou FECHAR, dependendo da tua lógica
                control_motor_2(FECHAR);
                g_gesture_state = 3;    // Vai para Bloqueio
                g_gesture_timer = GESTURE_TIMEOUT_TICKS; 
     65c:	74 ef       	ldi	r23, 0xF4	; 244
     65e:	67 2e       	mov	r6, r23
     660:	77 24       	eor	r7, r7
     662:	73 94       	inc	r7
oled_update_status():
C:\Users\Utilizador\Desktop\RAFA\UNI\LABSI-LUMINOSIDADE\LABSI\PROG\PROGv2/PROGv2.ino:588
}
void oled_update_status(void) {
    char line[20];

    // --- Linha 0: Lux atual ---
    sprintf(line, "LUX: %4u lx", g_averaged_lux);
     664:	9e 01       	movw	r18, r28
     666:	2f 5f       	subi	r18, 0xFF	; 255
     668:	3f 4f       	sbci	r19, 0xFF	; 255
     66a:	69 01       	movw	r12, r18
main():
C:\Users\Utilizador\Desktop\RAFA\UNI\LABSI-LUMINOSIDADE\LABSI\PROG\PROGv2/PROGv2.ino:976
}
int main(void) {
inic();
char buffer[32];
while(1) {
	if(!g_setup_done) {
     66c:	80 91 a4 04 	lds	r24, 0x04A4	; 0x8004a4 <g_setup_done>
     670:	81 11       	cpse	r24, r1
     672:	c6 c0       	rjmp	.+396    	; 0x800 <main+0x27c>
inic_non_blocking():
C:\Users\Utilizador\Desktop\RAFA\UNI\LABSI-LUMINOSIDADE\LABSI\PROG\PROGv2/PROGv2.ino:927
	sei();

}
// --- MÁQUINA DE ESTADOS PRINCIPAL (NON-BLOCKING) ---
void inic_non_blocking(void) {
  switch(g_init_state) {
     674:	80 91 89 04 	lds	r24, 0x0489	; 0x800489 <g_init_state>
     678:	81 30       	cpi	r24, 0x01	; 1
     67a:	91 f1       	breq	.+100    	; 0x6e0 <main+0x15c>
     67c:	b8 f0       	brcs	.+46     	; 0x6ac <main+0x128>
     67e:	82 30       	cpi	r24, 0x02	; 2
     680:	09 f4       	brne	.+2      	; 0x684 <main+0x100>
     682:	79 c0       	rjmp	.+242    	; 0x776 <main+0x1f2>
     684:	83 30       	cpi	r24, 0x03	; 3
     686:	91 f7       	brne	.-28     	; 0x66c <main+0xe8>
IS_DELAY_FINISHED():
C:\Users\Utilizador\Desktop\RAFA\UNI\LABSI-LUMINOSIDADE\LABSI\PROG\PROGv2/PROGv2.ino:243
// --- ATRASO NON-BLOCKING (BASEADO EM 2MS) ---
void START_NB_DELAY_MS(uint16_t ms) {
	g_delay_counter_2ms = (ms / 2) + 1;
}
uint8_t IS_DELAY_FINISHED() {
	if(g_delay_counter_2ms == 0) return 1;
     688:	80 91 18 04 	lds	r24, 0x0418	; 0x800418 <g_delay_counter_2ms>
     68c:	90 91 19 04 	lds	r25, 0x0419	; 0x800419 <g_delay_counter_2ms+0x1>
     690:	89 2b       	or	r24, r25
     692:	61 f7       	brne	.-40     	; 0x66c <main+0xe8>
inic_non_blocking():
C:\Users\Utilizador\Desktop\RAFA\UNI\LABSI-LUMINOSIDADE\LABSI\PROG\PROGv2/PROGv2.ino:964
            g_init_state = 3;
        }
        break;
    case 3:
        if(IS_DELAY_FINISHED()) {
            ssd1306_clear();
     694:	0e 94 33 01 	call	0x266	; 0x266 <ssd1306_clear()>
C:\Users\Utilizador\Desktop\RAFA\UNI\LABSI-LUMINOSIDADE\LABSI\PROG\PROGv2/PROGv2.ino:965
            g_setup_done = 1;
     698:	81 e0       	ldi	r24, 0x01	; 1
     69a:	80 93 a4 04 	sts	0x04A4, r24	; 0x8004a4 <g_setup_done>
C:\Users\Utilizador\Desktop\RAFA\UNI\LABSI-LUMINOSIDADE\LABSI\PROG\PROGv2/PROGv2.ino:966
            g_init_state = 255;
     69e:	8f ef       	ldi	r24, 0xFF	; 255
     6a0:	80 93 89 04 	sts	0x0489, r24	; 0x800489 <g_init_state>
C:\Users\Utilizador\Desktop\RAFA\UNI\LABSI-LUMINOSIDADE\LABSI\PROG\PROGv2/PROGv2.ino:967
            buzzer_bips(3);
     6a4:	83 e0       	ldi	r24, 0x03	; 3
     6a6:	0e 94 4c 01 	call	0x298	; 0x298 <buzzer_bips(unsigned char)>
     6aa:	e0 cf       	rjmp	.-64     	; 0x66c <main+0xe8>
inic_i2c():
C:\Users\Utilizador\Desktop\RAFA\UNI\LABSI-LUMINOSIDADE\LABSI\PROG\PROGv2/PROGv2.ino:462
        }
    }
}
// --- I2C Functions ---
void inic_i2c(void) {
	TWCR |= (1 << TWEN);
     6ac:	80 91 bc 00 	lds	r24, 0x00BC	; 0x8000bc <__DATA_REGION_ORIGIN__+0x5c>
     6b0:	84 60       	ori	r24, 0x04	; 4
     6b2:	80 93 bc 00 	sts	0x00BC, r24	; 0x8000bc <__DATA_REGION_ORIGIN__+0x5c>
C:\Users\Utilizador\Desktop\RAFA\UNI\LABSI-LUMINOSIDADE\LABSI\PROG\PROGv2/PROGv2.ino:463
	TWSR = 0;
     6b6:	10 92 b9 00 	sts	0x00B9, r1	; 0x8000b9 <__DATA_REGION_ORIGIN__+0x59>
C:\Users\Utilizador\Desktop\RAFA\UNI\LABSI-LUMINOSIDADE\LABSI\PROG\PROGv2/PROGv2.ino:464
	TWBR = 12;
     6ba:	8c e0       	ldi	r24, 0x0C	; 12
     6bc:	80 93 b8 00 	sts	0x00B8, r24	; 0x8000b8 <__DATA_REGION_ORIGIN__+0x58>
C:\Users\Utilizador\Desktop\RAFA\UNI\LABSI-LUMINOSIDADE\LABSI\PROG\PROGv2/PROGv2.ino:465
	DDRC &= ~((1 << PC4) | (1 << PC5));
     6c0:	87 b1       	in	r24, 0x07	; 7
     6c2:	8f 7c       	andi	r24, 0xCF	; 207
     6c4:	87 b9       	out	0x07, r24	; 7
C:\Users\Utilizador\Desktop\RAFA\UNI\LABSI-LUMINOSIDADE\LABSI\PROG\PROGv2/PROGv2.ino:466
	PORTC |= (1 << PC4) | (1 << PC5);
     6c6:	88 b1       	in	r24, 0x08	; 8
     6c8:	80 63       	ori	r24, 0x30	; 48
     6ca:	88 b9       	out	0x08, r24	; 8
START_NB_DELAY_MS():
C:\Users\Utilizador\Desktop\RAFA\UNI\LABSI-LUMINOSIDADE\LABSI\PROG\PROGv2/PROGv2.ino:240
		}
	}
}
// --- ATRASO NON-BLOCKING (BASEADO EM 2MS) ---
void START_NB_DELAY_MS(uint16_t ms) {
	g_delay_counter_2ms = (ms / 2) + 1;
     6cc:	86 e0       	ldi	r24, 0x06	; 6
     6ce:	90 e0       	ldi	r25, 0x00	; 0
     6d0:	90 93 19 04 	sts	0x0419, r25	; 0x800419 <g_delay_counter_2ms+0x1>
     6d4:	80 93 18 04 	sts	0x0418, r24	; 0x800418 <g_delay_counter_2ms>
inic_non_blocking():
C:\Users\Utilizador\Desktop\RAFA\UNI\LABSI-LUMINOSIDADE\LABSI\PROG\PROGv2/PROGv2.ino:932
  switch(g_init_state) {

    case 0:
        inic_i2c();
        START_NB_DELAY_MS(10);   // pequeno delay opcional
        g_init_state = 1;
     6d8:	81 e0       	ldi	r24, 0x01	; 1
C:\Users\Utilizador\Desktop\RAFA\UNI\LABSI-LUMINOSIDADE\LABSI\PROG\PROGv2/PROGv2.ino:941
            ssd1306_init();
            ssd1306_clear();
            ssd1306_set_cursor(0, 0);
            ssd1306_print("Projeto LABSI");
            START_NB_DELAY_MS(1500);
            g_init_state = 2;
     6da:	80 93 89 04 	sts	0x0489, r24	; 0x800489 <g_init_state>
     6de:	c6 cf       	rjmp	.-116    	; 0x66c <main+0xe8>
IS_DELAY_FINISHED():
C:\Users\Utilizador\Desktop\RAFA\UNI\LABSI-LUMINOSIDADE\LABSI\PROG\PROGv2/PROGv2.ino:243
// --- ATRASO NON-BLOCKING (BASEADO EM 2MS) ---
void START_NB_DELAY_MS(uint16_t ms) {
	g_delay_counter_2ms = (ms / 2) + 1;
}
uint8_t IS_DELAY_FINISHED() {
	if(g_delay_counter_2ms == 0) return 1;
     6e0:	80 91 18 04 	lds	r24, 0x0418	; 0x800418 <g_delay_counter_2ms>
     6e4:	90 91 19 04 	lds	r25, 0x0419	; 0x800419 <g_delay_counter_2ms+0x1>
     6e8:	89 2b       	or	r24, r25
     6ea:	09 f0       	breq	.+2      	; 0x6ee <main+0x16a>
     6ec:	bf cf       	rjmp	.-130    	; 0x66c <main+0xe8>
ssd1306_init():
C:\Users\Utilizador\Desktop\RAFA\UNI\LABSI-LUMINOSIDADE\LABSI\PROG\PROGv2/PROGv2.ino:520
	i2c_write(0x40); 
	i2c_write(data); 
	i2c_stop(); 
}
void ssd1306_init(void) {
    ssd1306_cmd(0xAE); // Display OFF
     6ee:	8e ea       	ldi	r24, 0xAE	; 174
     6f0:	0e 94 18 01 	call	0x230	; 0x230 <ssd1306_cmd(unsigned char)>
C:\Users\Utilizador\Desktop\RAFA\UNI\LABSI-LUMINOSIDADE\LABSI\PROG\PROGv2/PROGv2.ino:521
    ssd1306_cmd(0x20); ssd1306_cmd(0x02); // Page Addressing
     6f4:	80 e2       	ldi	r24, 0x20	; 32
     6f6:	0e 94 18 01 	call	0x230	; 0x230 <ssd1306_cmd(unsigned char)>
     6fa:	82 e0       	ldi	r24, 0x02	; 2
     6fc:	0e 94 18 01 	call	0x230	; 0x230 <ssd1306_cmd(unsigned char)>
C:\Users\Utilizador\Desktop\RAFA\UNI\LABSI-LUMINOSIDADE\LABSI\PROG\PROGv2/PROGv2.ino:522
    ssd1306_cmd(0xB0); // Start Page 0
     700:	80 eb       	ldi	r24, 0xB0	; 176
     702:	0e 94 18 01 	call	0x230	; 0x230 <ssd1306_cmd(unsigned char)>
C:\Users\Utilizador\Desktop\RAFA\UNI\LABSI-LUMINOSIDADE\LABSI\PROG\PROGv2/PROGv2.ino:523
    ssd1306_cmd(0xC8); // COM Output Scan Dec
     706:	88 ec       	ldi	r24, 0xC8	; 200
     708:	0e 94 18 01 	call	0x230	; 0x230 <ssd1306_cmd(unsigned char)>
C:\Users\Utilizador\Desktop\RAFA\UNI\LABSI-LUMINOSIDADE\LABSI\PROG\PROGv2/PROGv2.ino:524
    ssd1306_cmd(0x00); // Low Col
     70c:	80 e0       	ldi	r24, 0x00	; 0
     70e:	0e 94 18 01 	call	0x230	; 0x230 <ssd1306_cmd(unsigned char)>
C:\Users\Utilizador\Desktop\RAFA\UNI\LABSI-LUMINOSIDADE\LABSI\PROG\PROGv2/PROGv2.ino:525
    ssd1306_cmd(0x10); // High Col
     712:	80 e1       	ldi	r24, 0x10	; 16
     714:	0e 94 18 01 	call	0x230	; 0x230 <ssd1306_cmd(unsigned char)>
C:\Users\Utilizador\Desktop\RAFA\UNI\LABSI-LUMINOSIDADE\LABSI\PROG\PROGv2/PROGv2.ino:526
    ssd1306_cmd(0x40); // Start Line 0
     718:	80 e4       	ldi	r24, 0x40	; 64
     71a:	0e 94 18 01 	call	0x230	; 0x230 <ssd1306_cmd(unsigned char)>
C:\Users\Utilizador\Desktop\RAFA\UNI\LABSI-LUMINOSIDADE\LABSI\PROG\PROGv2/PROGv2.ino:527
    ssd1306_cmd(0x81); ssd1306_cmd(0xCF); // Contrast
     71e:	81 e8       	ldi	r24, 0x81	; 129
     720:	0e 94 18 01 	call	0x230	; 0x230 <ssd1306_cmd(unsigned char)>
     724:	8f ec       	ldi	r24, 0xCF	; 207
     726:	0e 94 18 01 	call	0x230	; 0x230 <ssd1306_cmd(unsigned char)>
C:\Users\Utilizador\Desktop\RAFA\UNI\LABSI-LUMINOSIDADE\LABSI\PROG\PROGv2/PROGv2.ino:528
    ssd1306_cmd(0xA1); // Segment Remap
     72a:	81 ea       	ldi	r24, 0xA1	; 161
     72c:	0e 94 18 01 	call	0x230	; 0x230 <ssd1306_cmd(unsigned char)>
C:\Users\Utilizador\Desktop\RAFA\UNI\LABSI-LUMINOSIDADE\LABSI\PROG\PROGv2/PROGv2.ino:529
    ssd1306_cmd(0xA6); // Normal
     730:	86 ea       	ldi	r24, 0xA6	; 166
     732:	0e 94 18 01 	call	0x230	; 0x230 <ssd1306_cmd(unsigned char)>
C:\Users\Utilizador\Desktop\RAFA\UNI\LABSI-LUMINOSIDADE\LABSI\PROG\PROGv2/PROGv2.ino:530
    ssd1306_cmd(0xA8); ssd1306_cmd(0x3F); // Mux
     736:	88 ea       	ldi	r24, 0xA8	; 168
     738:	0e 94 18 01 	call	0x230	; 0x230 <ssd1306_cmd(unsigned char)>
     73c:	8f e3       	ldi	r24, 0x3F	; 63
     73e:	0e 94 18 01 	call	0x230	; 0x230 <ssd1306_cmd(unsigned char)>
C:\Users\Utilizador\Desktop\RAFA\UNI\LABSI-LUMINOSIDADE\LABSI\PROG\PROGv2/PROGv2.ino:531
    ssd1306_cmd(0x8D); ssd1306_cmd(0x14); // Charge Pump
     742:	8d e8       	ldi	r24, 0x8D	; 141
     744:	0e 94 18 01 	call	0x230	; 0x230 <ssd1306_cmd(unsigned char)>
     748:	84 e1       	ldi	r24, 0x14	; 20
     74a:	0e 94 18 01 	call	0x230	; 0x230 <ssd1306_cmd(unsigned char)>
C:\Users\Utilizador\Desktop\RAFA\UNI\LABSI-LUMINOSIDADE\LABSI\PROG\PROGv2/PROGv2.ino:532
    ssd1306_cmd(0xAF); // Display ON
     74e:	8f ea       	ldi	r24, 0xAF	; 175
     750:	0e 94 18 01 	call	0x230	; 0x230 <ssd1306_cmd(unsigned char)>
inic_non_blocking():
C:\Users\Utilizador\Desktop\RAFA\UNI\LABSI-LUMINOSIDADE\LABSI\PROG\PROGv2/PROGv2.ino:937
        g_init_state = 1;
        break;
    case 1:
        if(IS_DELAY_FINISHED()) {
            ssd1306_init();
            ssd1306_clear();
     754:	0e 94 33 01 	call	0x266	; 0x266 <ssd1306_clear()>
C:\Users\Utilizador\Desktop\RAFA\UNI\LABSI-LUMINOSIDADE\LABSI\PROG\PROGv2/PROGv2.ino:938
            ssd1306_set_cursor(0, 0);
     758:	80 e0       	ldi	r24, 0x00	; 0
     75a:	0e 94 2a 01 	call	0x254	; 0x254 <ssd1306_set_cursor(unsigned char, unsigned char) [clone .constprop.0]>
C:\Users\Utilizador\Desktop\RAFA\UNI\LABSI-LUMINOSIDADE\LABSI\PROG\PROGv2/PROGv2.ino:939
            ssd1306_print("Projeto LABSI");
     75e:	88 e5       	ldi	r24, 0x58	; 88
     760:	93 e0       	ldi	r25, 0x03	; 3
     762:	0e 94 ee 00 	call	0x1dc	; 0x1dc <ssd1306_print(char const*)>
START_NB_DELAY_MS():
C:\Users\Utilizador\Desktop\RAFA\UNI\LABSI-LUMINOSIDADE\LABSI\PROG\PROGv2/PROGv2.ino:240
		}
	}
}
// --- ATRASO NON-BLOCKING (BASEADO EM 2MS) ---
void START_NB_DELAY_MS(uint16_t ms) {
	g_delay_counter_2ms = (ms / 2) + 1;
     766:	8f ee       	ldi	r24, 0xEF	; 239
     768:	92 e0       	ldi	r25, 0x02	; 2
     76a:	90 93 19 04 	sts	0x0419, r25	; 0x800419 <g_delay_counter_2ms+0x1>
     76e:	80 93 18 04 	sts	0x0418, r24	; 0x800418 <g_delay_counter_2ms>
inic_non_blocking():
C:\Users\Utilizador\Desktop\RAFA\UNI\LABSI-LUMINOSIDADE\LABSI\PROG\PROGv2/PROGv2.ino:941
            ssd1306_init();
            ssd1306_clear();
            ssd1306_set_cursor(0, 0);
            ssd1306_print("Projeto LABSI");
            START_NB_DELAY_MS(1500);
            g_init_state = 2;
     772:	82 e0       	ldi	r24, 0x02	; 2
     774:	b2 cf       	rjmp	.-156    	; 0x6da <main+0x156>
IS_DELAY_FINISHED():
C:\Users\Utilizador\Desktop\RAFA\UNI\LABSI-LUMINOSIDADE\LABSI\PROG\PROGv2/PROGv2.ino:243
// --- ATRASO NON-BLOCKING (BASEADO EM 2MS) ---
void START_NB_DELAY_MS(uint16_t ms) {
	g_delay_counter_2ms = (ms / 2) + 1;
}
uint8_t IS_DELAY_FINISHED() {
	if(g_delay_counter_2ms == 0) return 1;
     776:	80 91 18 04 	lds	r24, 0x0418	; 0x800418 <g_delay_counter_2ms>
     77a:	90 91 19 04 	lds	r25, 0x0419	; 0x800419 <g_delay_counter_2ms+0x1>
     77e:	89 2b       	or	r24, r25
     780:	09 f0       	breq	.+2      	; 0x784 <main+0x200>
     782:	74 cf       	rjmp	.-280    	; 0x66c <main+0xe8>
detect_sensors():
C:\Users\Utilizador\Desktop\RAFA\UNI\LABSI-LUMINOSIDADE\LABSI\PROG\PROGv2/PROGv2.ino:663
	uint16_t lux = (uint16_t)((float) data / 1.2);
	if(lux > 65500) lux = 65500;
	return lux;
}
void detect_sensors(void) {
	g_sensor1_present = bh1750_send(BH1750_ADDR1, BH1750_POWER_ON) && bh1750_send(BH1750_ADDR1, BH1750_CONT_HIGH_RES_MODE2);
     784:	61 e0       	ldi	r22, 0x01	; 1
     786:	83 e2       	ldi	r24, 0x23	; 35
     788:	0e 94 b9 00 	call	0x172	; 0x172 <bh1750_send(unsigned char, unsigned char)>
     78c:	88 23       	and	r24, r24
     78e:	41 f0       	breq	.+16     	; 0x7a0 <main+0x21c>
     790:	61 e1       	ldi	r22, 0x11	; 17
     792:	83 e2       	ldi	r24, 0x23	; 35
     794:	0e 94 b9 00 	call	0x172	; 0x172 <bh1750_send(unsigned char, unsigned char)>
     798:	bb 24       	eor	r11, r11
     79a:	b3 94       	inc	r11
     79c:	81 11       	cpse	r24, r1
     79e:	01 c0       	rjmp	.+2      	; 0x7a2 <main+0x21e>
main():
     7a0:	b1 2c       	mov	r11, r1
detect_sensors():
     7a2:	b0 92 1b 04 	sts	0x041B, r11	; 0x80041b <g_sensor1_present>
C:\Users\Utilizador\Desktop\RAFA\UNI\LABSI-LUMINOSIDADE\LABSI\PROG\PROGv2/PROGv2.ino:664
	g_sensor2_present = bh1750_send(BH1750_ADDR2, BH1750_POWER_ON) && bh1750_send(BH1750_ADDR2, BH1750_CONT_HIGH_RES_MODE2);
     7a6:	61 e0       	ldi	r22, 0x01	; 1
     7a8:	8c e5       	ldi	r24, 0x5C	; 92
     7aa:	0e 94 b9 00 	call	0x172	; 0x172 <bh1750_send(unsigned char, unsigned char)>
     7ae:	88 23       	and	r24, r24
     7b0:	39 f0       	breq	.+14     	; 0x7c0 <main+0x23c>
     7b2:	61 e1       	ldi	r22, 0x11	; 17
     7b4:	8c e5       	ldi	r24, 0x5C	; 92
     7b6:	0e 94 b9 00 	call	0x172	; 0x172 <bh1750_send(unsigned char, unsigned char)>
     7ba:	91 e0       	ldi	r25, 0x01	; 1
     7bc:	81 11       	cpse	r24, r1
     7be:	01 c0       	rjmp	.+2      	; 0x7c2 <main+0x23e>
main():
     7c0:	90 e0       	ldi	r25, 0x00	; 0
detect_sensors():
     7c2:	90 93 1a 04 	sts	0x041A, r25	; 0x80041a <g_sensor2_present>
C:\Users\Utilizador\Desktop\RAFA\UNI\LABSI-LUMINOSIDADE\LABSI\PROG\PROGv2/PROGv2.ino:665
	g_sensor_count = g_sensor1_present + g_sensor2_present;
     7c6:	b9 0e       	add	r11, r25
     7c8:	b0 92 8a 04 	sts	0x048A, r11	; 0x80048a <g_sensor_count>
inic_non_blocking():
C:\Users\Utilizador\Desktop\RAFA\UNI\LABSI-LUMINOSIDADE\LABSI\PROG\PROGv2/PROGv2.ino:947
        }
        break;
    case 2:
        if(IS_DELAY_FINISHED()) {
            detect_sensors();
            ssd1306_clear();
     7cc:	0e 94 33 01 	call	0x266	; 0x266 <ssd1306_clear()>
C:\Users\Utilizador\Desktop\RAFA\UNI\LABSI-LUMINOSIDADE\LABSI\PROG\PROGv2/PROGv2.ino:948
            ssd1306_set_cursor(0, 0);
     7d0:	80 e0       	ldi	r24, 0x00	; 0
     7d2:	0e 94 2a 01 	call	0x254	; 0x254 <ssd1306_set_cursor(unsigned char, unsigned char) [clone .constprop.0]>
C:\Users\Utilizador\Desktop\RAFA\UNI\LABSI-LUMINOSIDADE\LABSI\PROG\PROGv2/PROGv2.ino:950
            if(g_sensor_count == 0) {
                ssd1306_print("Sem Sensores");
     7d6:	86 e6       	ldi	r24, 0x66	; 102
     7d8:	93 e0       	ldi	r25, 0x03	; 3
C:\Users\Utilizador\Desktop\RAFA\UNI\LABSI-LUMINOSIDADE\LABSI\PROG\PROGv2/PROGv2.ino:949
    case 2:
        if(IS_DELAY_FINISHED()) {
            detect_sensors();
            ssd1306_clear();
            ssd1306_set_cursor(0, 0);
            if(g_sensor_count == 0) {
     7da:	bb 20       	and	r11, r11
     7dc:	39 f0       	breq	.+14     	; 0x7ec <main+0x268>
C:\Users\Utilizador\Desktop\RAFA\UNI\LABSI-LUMINOSIDADE\LABSI\PROG\PROGv2/PROGv2.ino:952
                ssd1306_print("Sem Sensores");
            } 
            else if(g_sensor_count == 1) {
     7de:	31 e0       	ldi	r19, 0x01	; 1
C:\Users\Utilizador\Desktop\RAFA\UNI\LABSI-LUMINOSIDADE\LABSI\PROG\PROGv2/PROGv2.ino:953
                ssd1306_print("1 Sensor Pronto");
     7e0:	83 e7       	ldi	r24, 0x73	; 115
     7e2:	93 e0       	ldi	r25, 0x03	; 3
C:\Users\Utilizador\Desktop\RAFA\UNI\LABSI-LUMINOSIDADE\LABSI\PROG\PROGv2/PROGv2.ino:952
            ssd1306_clear();
            ssd1306_set_cursor(0, 0);
            if(g_sensor_count == 0) {
                ssd1306_print("Sem Sensores");
            } 
            else if(g_sensor_count == 1) {
     7e4:	b3 16       	cp	r11, r19
     7e6:	11 f0       	breq	.+4      	; 0x7ec <main+0x268>
C:\Users\Utilizador\Desktop\RAFA\UNI\LABSI-LUMINOSIDADE\LABSI\PROG\PROGv2/PROGv2.ino:956
                ssd1306_print("1 Sensor Pronto");
            } 
            else {
                ssd1306_print("2 Sensores Prontos");
     7e8:	83 e8       	ldi	r24, 0x83	; 131
     7ea:	93 e0       	ldi	r25, 0x03	; 3
     7ec:	0e 94 ee 00 	call	0x1dc	; 0x1dc <ssd1306_print(char const*)>
START_NB_DELAY_MS():
C:\Users\Utilizador\Desktop\RAFA\UNI\LABSI-LUMINOSIDADE\LABSI\PROG\PROGv2/PROGv2.ino:240
		}
	}
}
// --- ATRASO NON-BLOCKING (BASEADO EM 2MS) ---
void START_NB_DELAY_MS(uint16_t ms) {
	g_delay_counter_2ms = (ms / 2) + 1;
     7f0:	8f ee       	ldi	r24, 0xEF	; 239
     7f2:	92 e0       	ldi	r25, 0x02	; 2
     7f4:	90 93 19 04 	sts	0x0419, r25	; 0x800419 <g_delay_counter_2ms+0x1>
     7f8:	80 93 18 04 	sts	0x0418, r24	; 0x800418 <g_delay_counter_2ms>
inic_non_blocking():
C:\Users\Utilizador\Desktop\RAFA\UNI\LABSI-LUMINOSIDADE\LABSI\PROG\PROGv2/PROGv2.ino:959
            } 
            else {
                ssd1306_print("2 Sensores Prontos");
            }
            START_NB_DELAY_MS(1500);
            g_init_state = 3;
     7fc:	83 e0       	ldi	r24, 0x03	; 3
     7fe:	6d cf       	rjmp	.-294    	; 0x6da <main+0x156>
main():
C:\Users\Utilizador\Desktop\RAFA\UNI\LABSI-LUMINOSIDADE\LABSI\PROG\PROGv2/PROGv2.ino:979
char buffer[32];
while(1) {
	if(!g_setup_done) {
		inic_non_blocking();
	} else {
        if(g_flag_50ms){
     800:	80 91 a3 04 	lds	r24, 0x04A3	; 0x8004a3 <g_flag_50ms>
     804:	88 23       	and	r24, r24
     806:	09 f4       	brne	.+2      	; 0x80a <main+0x286>
     808:	6a c1       	rjmp	.+724    	; 0xade <__stack+0x1df>
C:\Users\Utilizador\Desktop\RAFA\UNI\LABSI-LUMINOSIDADE\LABSI\PROG\PROGv2/PROGv2.ino:980
            g_flag_50ms = 0;
     80a:	10 92 a3 04 	sts	0x04A3, r1	; 0x8004a3 <g_flag_50ms>
bh1750_read_sensors():
C:\Users\Utilizador\Desktop\RAFA\UNI\LABSI-LUMINOSIDADE\LABSI\PROG\PROGv2/PROGv2.ino:669
	g_sensor2_present = bh1750_send(BH1750_ADDR2, BH1750_POWER_ON) && bh1750_send(BH1750_ADDR2, BH1750_CONT_HIGH_RES_MODE2);
	g_sensor_count = g_sensor1_present + g_sensor2_present;
}
uint16_t bh1750_read_sensors(void) {
	uint16_t lux1 = 0, lux2 = 0;
	if(g_sensor1_present) lux1 = bh1750_read(BH1750_ADDR1);
     80e:	80 91 1b 04 	lds	r24, 0x041B	; 0x80041b <g_sensor1_present>
main():
C:\Users\Utilizador\Desktop\RAFA\UNI\LABSI-LUMINOSIDADE\LABSI\PROG\PROGv2/PROGv2.ino:668
	g_sensor1_present = bh1750_send(BH1750_ADDR1, BH1750_POWER_ON) && bh1750_send(BH1750_ADDR1, BH1750_CONT_HIGH_RES_MODE2);
	g_sensor2_present = bh1750_send(BH1750_ADDR2, BH1750_POWER_ON) && bh1750_send(BH1750_ADDR2, BH1750_CONT_HIGH_RES_MODE2);
	g_sensor_count = g_sensor1_present + g_sensor2_present;
}
uint16_t bh1750_read_sensors(void) {
	uint16_t lux1 = 0, lux2 = 0;
     812:	b1 2c       	mov	r11, r1
     814:	a1 2c       	mov	r10, r1
bh1750_read_sensors():
C:\Users\Utilizador\Desktop\RAFA\UNI\LABSI-LUMINOSIDADE\LABSI\PROG\PROGv2/PROGv2.ino:669
	if(g_sensor1_present) lux1 = bh1750_read(BH1750_ADDR1);
     816:	88 23       	and	r24, r24
     818:	21 f0       	breq	.+8      	; 0x822 <main+0x29e>
     81a:	83 e2       	ldi	r24, 0x23	; 35
     81c:	0e 94 6d 00 	call	0xda	; 0xda <bh1750_read(unsigned char)>
     820:	5c 01       	movw	r10, r24
C:\Users\Utilizador\Desktop\RAFA\UNI\LABSI-LUMINOSIDADE\LABSI\PROG\PROGv2/PROGv2.ino:670
	if(g_sensor2_present) lux2 = bh1750_read(BH1750_ADDR2);
     822:	80 91 1a 04 	lds	r24, 0x041A	; 0x80041a <g_sensor2_present>
     826:	88 23       	and	r24, r24
     828:	09 f4       	brne	.+2      	; 0x82c <main+0x2a8>
     82a:	74 c0       	rjmp	.+232    	; 0x914 <__stack+0x15>
     82c:	8c e5       	ldi	r24, 0x5C	; 92
     82e:	0e 94 6d 00 	call	0xda	; 0xda <bh1750_read(unsigned char)>
C:\Users\Utilizador\Desktop\RAFA\UNI\LABSI-LUMINOSIDADE\LABSI\PROG\PROGv2/PROGv2.ino:671
	if(g_sensor_count == 1) {
     832:	20 91 8a 04 	lds	r18, 0x048A	; 0x80048a <g_sensor_count>
     836:	21 30       	cpi	r18, 0x01	; 1
     838:	09 f0       	breq	.+2      	; 0x83c <main+0x2b8>
     83a:	6f c0       	rjmp	.+222    	; 0x91a <__stack+0x1b>
C:\Users\Utilizador\Desktop\RAFA\UNI\LABSI-LUMINOSIDADE\LABSI\PROG\PROGv2/PROGv2.ino:672
		if(lux1 > 0) return lux1;
     83c:	a1 14       	cp	r10, r1
     83e:	b1 04       	cpc	r11, r1
     840:	09 f4       	brne	.+2      	; 0x844 <main+0x2c0>
main():
C:\Users\Utilizador\Desktop\RAFA\UNI\LABSI-LUMINOSIDADE\LABSI\PROG\PROGv2/PROGv2.ino:673
		else return lux2;
     842:	5c 01       	movw	r10, r24
average_lux():
C:\Users\Utilizador\Desktop\RAFA\UNI\LABSI-LUMINOSIDADE\LABSI\PROG\PROGv2/PROGv2.ino:680
	if(g_sensor_count == 2) return (uint16_t)((float)(lux1 + lux2)) / 2;
	return 0;
}
// --- Averaging Function ---
uint16_t average_lux(uint16_t new_reading) {
	lux_buffer[g_buffer_index] = new_reading;
     844:	80 91 30 04 	lds	r24, 0x0430	; 0x800430 <g_buffer_index>
     848:	90 e0       	ldi	r25, 0x00	; 0
     84a:	fc 01       	movw	r30, r24
     84c:	ee 0f       	add	r30, r30
     84e:	ff 1f       	adc	r31, r31
     850:	e4 5e       	subi	r30, 0xE4	; 228
     852:	fb 4f       	sbci	r31, 0xFB	; 251
     854:	b1 82       	std	Z+1, r11	; 0x01
     856:	a0 82       	st	Z, r10
C:\Users\Utilizador\Desktop\RAFA\UNI\LABSI-LUMINOSIDADE\LABSI\PROG\PROGv2/PROGv2.ino:681
	g_buffer_index = (g_buffer_index + 1) % AVG_SAMPLES;
     858:	01 96       	adiw	r24, 0x01	; 1
     85a:	6a e0       	ldi	r22, 0x0A	; 10
     85c:	70 e0       	ldi	r23, 0x00	; 0
     85e:	0e 94 a7 0a 	call	0x154e	; 0x154e <__divmodhi4>
     862:	80 93 30 04 	sts	0x0430, r24	; 0x800430 <g_buffer_index>
     866:	ec e1       	ldi	r30, 0x1C	; 28
     868:	f4 e0       	ldi	r31, 0x04	; 4
     86a:	40 e3       	ldi	r20, 0x30	; 48
     86c:	54 e0       	ldi	r21, 0x04	; 4
main():
C:\Users\Utilizador\Desktop\RAFA\UNI\LABSI-LUMINOSIDADE\LABSI\PROG\PROGv2/PROGv2.ino:682
	uint32_t sum = 0;
     86e:	60 e0       	ldi	r22, 0x00	; 0
     870:	70 e0       	ldi	r23, 0x00	; 0
     872:	cb 01       	movw	r24, r22
average_lux():
C:\Users\Utilizador\Desktop\RAFA\UNI\LABSI-LUMINOSIDADE\LABSI\PROG\PROGv2/PROGv2.ino:684
	for(uint8_t i = 0; i < AVG_SAMPLES; i++) {
		sum += lux_buffer[i];
     874:	21 91       	ld	r18, Z+
     876:	31 91       	ld	r19, Z+
     878:	62 0f       	add	r22, r18
     87a:	73 1f       	adc	r23, r19
     87c:	81 1d       	adc	r24, r1
     87e:	91 1d       	adc	r25, r1
C:\Users\Utilizador\Desktop\RAFA\UNI\LABSI-LUMINOSIDADE\LABSI\PROG\PROGv2/PROGv2.ino:683
// --- Averaging Function ---
uint16_t average_lux(uint16_t new_reading) {
	lux_buffer[g_buffer_index] = new_reading;
	g_buffer_index = (g_buffer_index + 1) % AVG_SAMPLES;
	uint32_t sum = 0;
	for(uint8_t i = 0; i < AVG_SAMPLES; i++) {
     880:	4e 17       	cp	r20, r30
     882:	5f 07       	cpc	r21, r31
     884:	b9 f7       	brne	.-18     	; 0x874 <main+0x2f0>
C:\Users\Utilizador\Desktop\RAFA\UNI\LABSI-LUMINOSIDADE\LABSI\PROG\PROGv2/PROGv2.ino:686
		sum += lux_buffer[i];
	}
	return sum / AVG_SAMPLES;
     886:	2a e0       	ldi	r18, 0x0A	; 10
     888:	30 e0       	ldi	r19, 0x00	; 0
     88a:	40 e0       	ldi	r20, 0x00	; 0
     88c:	50 e0       	ldi	r21, 0x00	; 0
     88e:	0e 94 bb 0a 	call	0x1576	; 0x1576 <__udivmodsi4>
main():
C:\Users\Utilizador\Desktop\RAFA\UNI\LABSI-LUMINOSIDADE\LABSI\PROG\PROGv2/PROGv2.ino:983
	} else {
        if(g_flag_50ms){
            g_flag_50ms = 0;
                // 1. LEITURA DE LUX e MÉDIA
			    g_lux_value = bh1750_read_sensors();
			    g_averaged_lux = average_lux(g_lux_value);
     892:	20 93 a1 04 	sts	0x04A1, r18	; 0x8004a1 <g_averaged_lux>
     896:	30 93 a2 04 	sts	0x04A2, r19	; 0x8004a2 <g_averaged_lux+0x1>
oled_update_status():
C:\Users\Utilizador\Desktop\RAFA\UNI\LABSI-LUMINOSIDADE\LABSI\PROG\PROGv2/PROGv2.ino:588
}
void oled_update_status(void) {
    char line[20];

    // --- Linha 0: Lux atual ---
    sprintf(line, "LUX: %4u lx", g_averaged_lux);
     89a:	3f 93       	push	r19
     89c:	2f 93       	push	r18
     89e:	86 e9       	ldi	r24, 0x96	; 150
     8a0:	93 e0       	ldi	r25, 0x03	; 3
     8a2:	9f 93       	push	r25
     8a4:	8f 93       	push	r24
     8a6:	df 92       	push	r13
     8a8:	cf 92       	push	r12
     8aa:	0e 94 07 0b 	call	0x160e	; 0x160e <sprintf>
C:\Users\Utilizador\Desktop\RAFA\UNI\LABSI-LUMINOSIDADE\LABSI\PROG\PROGv2/PROGv2.ino:589
    oled_write_line(0, line, last_line0);
     8ae:	4f e6       	ldi	r20, 0x6F	; 111
     8b0:	54 e0       	ldi	r21, 0x04	; 4
     8b2:	b6 01       	movw	r22, r12
     8b4:	80 e0       	ldi	r24, 0x00	; 0
     8b6:	0e 94 df 01 	call	0x3be	; 0x3be <oled_write_line(unsigned char, char const*, char*)>
C:\Users\Utilizador\Desktop\RAFA\UNI\LABSI-LUMINOSIDADE\LABSI\PROG\PROGv2/PROGv2.ino:592

    // --- Linha 1: Modo ---
    if(g_operating_mode == MODE_AUTOMATIC)
     8ba:	80 91 0a 01 	lds	r24, 0x010A	; 0x80010a <g_operating_mode>
     8be:	0f 90       	pop	r0
     8c0:	0f 90       	pop	r0
     8c2:	0f 90       	pop	r0
     8c4:	0f 90       	pop	r0
     8c6:	0f 90       	pop	r0
     8c8:	0f 90       	pop	r0
C:\Users\Utilizador\Desktop\RAFA\UNI\LABSI-LUMINOSIDADE\LABSI\PROG\PROGv2/PROGv2.ino:593
        oled_write_line(1, "MODO: AUTOMATICO", last_line1);
     8ca:	4b e5       	ldi	r20, 0x5B	; 91
     8cc:	54 e0       	ldi	r21, 0x04	; 4
     8ce:	62 ea       	ldi	r22, 0xA2	; 162
     8d0:	73 e0       	ldi	r23, 0x03	; 3
C:\Users\Utilizador\Desktop\RAFA\UNI\LABSI-LUMINOSIDADE\LABSI\PROG\PROGv2/PROGv2.ino:592
    // --- Linha 0: Lux atual ---
    sprintf(line, "LUX: %4u lx", g_averaged_lux);
    oled_write_line(0, line, last_line0);

    // --- Linha 1: Modo ---
    if(g_operating_mode == MODE_AUTOMATIC)
     8d2:	88 23       	and	r24, r24
     8d4:	11 f0       	breq	.+4      	; 0x8da <main+0x356>
C:\Users\Utilizador\Desktop\RAFA\UNI\LABSI-LUMINOSIDADE\LABSI\PROG\PROGv2/PROGv2.ino:595
        oled_write_line(1, "MODO: AUTOMATICO", last_line1);
    else
        oled_write_line(1, "MODO: MANUAL    ", last_line1);
     8d6:	63 eb       	ldi	r22, 0xB3	; 179
     8d8:	73 e0       	ldi	r23, 0x03	; 3
     8da:	81 e0       	ldi	r24, 0x01	; 1
     8dc:	0e 94 df 01 	call	0x3be	; 0x3be <oled_write_line(unsigned char, char const*, char*)>
motor_state_to_str():
C:\Users\Utilizador\Desktop\RAFA\UNI\LABSI-LUMINOSIDADE\LABSI\PROG\PROGv2/PROGv2.ino:570
    ssd1306_cmd(0xB0 + row);          // page (0–7)
    ssd1306_cmd(0x00 + (col & 0x0F)); // low column
    ssd1306_cmd(0x10 + (col >> 4));   // high column
}
const char* motor_state_to_str(Servo_pos s) {
  switch(s) {
     8e0:	80 91 02 01 	lds	r24, 0x0102	; 0x800102 <g_motor2_action>
     8e4:	90 91 03 01 	lds	r25, 0x0103	; 0x800103 <g_motor2_action+0x1>
main():
C:\Users\Utilizador\Desktop\RAFA\UNI\LABSI-LUMINOSIDADE\LABSI\PROG\PROGv2/PROGv2.ino:572
    case ABRIR:  return "ABRIR";
    case FECHAR: return "FECHAR";
     8e8:	2b e4       	ldi	r18, 0x4B	; 75
     8ea:	33 e0       	ldi	r19, 0x03	; 3
motor_state_to_str():
C:\Users\Utilizador\Desktop\RAFA\UNI\LABSI-LUMINOSIDADE\LABSI\PROG\PROGv2/PROGv2.ino:570
    ssd1306_cmd(0xB0 + row);          // page (0–7)
    ssd1306_cmd(0x00 + (col & 0x0F)); // low column
    ssd1306_cmd(0x10 + (col >> 4));   // high column
}
const char* motor_state_to_str(Servo_pos s) {
  switch(s) {
     8ec:	00 97       	sbiw	r24, 0x00	; 0
     8ee:	31 f0       	breq	.+12     	; 0x8fc <main+0x378>
main():
C:\Users\Utilizador\Desktop\RAFA\UNI\LABSI-LUMINOSIDADE\LABSI\PROG\PROGv2/PROGv2.ino:571
    case ABRIR:  return "ABRIR";
     8f0:	25 e4       	ldi	r18, 0x45	; 69
     8f2:	33 e0       	ldi	r19, 0x03	; 3
motor_state_to_str():
C:\Users\Utilizador\Desktop\RAFA\UNI\LABSI-LUMINOSIDADE\LABSI\PROG\PROGv2/PROGv2.ino:570
    ssd1306_cmd(0xB0 + row);          // page (0–7)
    ssd1306_cmd(0x00 + (col & 0x0F)); // low column
    ssd1306_cmd(0x10 + (col >> 4));   // high column
}
const char* motor_state_to_str(Servo_pos s) {
  switch(s) {
     8f4:	02 97       	sbiw	r24, 0x02	; 2
     8f6:	11 f0       	breq	.+4      	; 0x8fc <main+0x378>
main():
C:\Users\Utilizador\Desktop\RAFA\UNI\LABSI-LUMINOSIDADE\LABSI\PROG\PROGv2/PROGv2.ino:573
    case ABRIR:  return "ABRIR";
    case FECHAR: return "FECHAR";
    default:     return "PARAR";
     8f8:	22 e5       	ldi	r18, 0x52	; 82
     8fa:	33 e0       	ldi	r19, 0x03	; 3
motor_state_to_str():
C:\Users\Utilizador\Desktop\RAFA\UNI\LABSI-LUMINOSIDADE\LABSI\PROG\PROGv2/PROGv2.ino:570
    ssd1306_cmd(0xB0 + row);          // page (0–7)
    ssd1306_cmd(0x00 + (col & 0x0F)); // low column
    ssd1306_cmd(0x10 + (col >> 4));   // high column
}
const char* motor_state_to_str(Servo_pos s) {
  switch(s) {
     8fc:	80 91 04 01 	lds	r24, 0x0104	; 0x800104 <g_motor1_action>
     900:	90 91 05 01 	lds	r25, 0x0105	; 0x800105 <g_motor1_action+0x1>
     904:	00 97       	sbiw	r24, 0x00	; 0
     906:	99 f0       	breq	.+38     	; 0x92e <__stack+0x2f>
     908:	02 97       	sbiw	r24, 0x02	; 2
     90a:	09 f4       	brne	.+2      	; 0x90e <__stack+0xf>
     90c:	dc c0       	rjmp	.+440    	; 0xac6 <__stack+0x1c7>
main():
C:\Users\Utilizador\Desktop\RAFA\UNI\LABSI-LUMINOSIDADE\LABSI\PROG\PROGv2/PROGv2.ino:573
    case ABRIR:  return "ABRIR";
    case FECHAR: return "FECHAR";
    default:     return "PARAR";
     90e:	82 e5       	ldi	r24, 0x52	; 82
     910:	93 e0       	ldi	r25, 0x03	; 3
     912:	0f c0       	rjmp	.+30     	; 0x932 <__stack+0x33>
C:\Users\Utilizador\Desktop\RAFA\UNI\LABSI-LUMINOSIDADE\LABSI\PROG\PROGv2/PROGv2.ino:668
	g_sensor1_present = bh1750_send(BH1750_ADDR1, BH1750_POWER_ON) && bh1750_send(BH1750_ADDR1, BH1750_CONT_HIGH_RES_MODE2);
	g_sensor2_present = bh1750_send(BH1750_ADDR2, BH1750_POWER_ON) && bh1750_send(BH1750_ADDR2, BH1750_CONT_HIGH_RES_MODE2);
	g_sensor_count = g_sensor1_present + g_sensor2_present;
}
uint16_t bh1750_read_sensors(void) {
	uint16_t lux1 = 0, lux2 = 0;
     914:	90 e0       	ldi	r25, 0x00	; 0
     916:	80 e0       	ldi	r24, 0x00	; 0
     918:	8c cf       	rjmp	.-232    	; 0x832 <main+0x2ae>
bh1750_read_sensors():
C:\Users\Utilizador\Desktop\RAFA\UNI\LABSI-LUMINOSIDADE\LABSI\PROG\PROGv2/PROGv2.ino:675
	if(g_sensor2_present) lux2 = bh1750_read(BH1750_ADDR2);
	if(g_sensor_count == 1) {
		if(lux1 > 0) return lux1;
		else return lux2;
	}
	if(g_sensor_count == 2) return (uint16_t)((float)(lux1 + lux2)) / 2;
     91a:	22 30       	cpi	r18, 0x02	; 2
     91c:	29 f4       	brne	.+10     	; 0x928 <__stack+0x29>
     91e:	a8 0e       	add	r10, r24
     920:	b9 1e       	adc	r11, r25
     922:	b6 94       	lsr	r11
     924:	a7 94       	ror	r10
     926:	8e cf       	rjmp	.-228    	; 0x844 <main+0x2c0>
main():
C:\Users\Utilizador\Desktop\RAFA\UNI\LABSI-LUMINOSIDADE\LABSI\PROG\PROGv2/PROGv2.ino:676
	return 0;
     928:	b1 2c       	mov	r11, r1
     92a:	a1 2c       	mov	r10, r1
     92c:	8b cf       	rjmp	.-234    	; 0x844 <main+0x2c0>
C:\Users\Utilizador\Desktop\RAFA\UNI\LABSI-LUMINOSIDADE\LABSI\PROG\PROGv2/PROGv2.ino:572
    ssd1306_cmd(0x10 + (col >> 4));   // high column
}
const char* motor_state_to_str(Servo_pos s) {
  switch(s) {
    case ABRIR:  return "ABRIR";
    case FECHAR: return "FECHAR";
     92e:	8b e4       	ldi	r24, 0x4B	; 75
     930:	93 e0       	ldi	r25, 0x03	; 3
oled_update_status():
C:\Users\Utilizador\Desktop\RAFA\UNI\LABSI-LUMINOSIDADE\LABSI\PROG\PROGv2/PROGv2.ino:598
        oled_write_line(1, "MODO: AUTOMATICO", last_line1);
    else
        oled_write_line(1, "MODO: MANUAL    ", last_line1);

    // --- Linha 2: Estado dos motores ---
    sprintf(line, "M1:%s M2:%s",
     932:	3f 93       	push	r19
     934:	2f 93       	push	r18
     936:	9f 93       	push	r25
     938:	8f 93       	push	r24
     93a:	84 ec       	ldi	r24, 0xC4	; 196
     93c:	93 e0       	ldi	r25, 0x03	; 3
     93e:	9f 93       	push	r25
     940:	8f 93       	push	r24
     942:	df 92       	push	r13
     944:	cf 92       	push	r12
     946:	0e 94 07 0b 	call	0x160e	; 0x160e <sprintf>
C:\Users\Utilizador\Desktop\RAFA\UNI\LABSI-LUMINOSIDADE\LABSI\PROG\PROGv2/PROGv2.ino:602
        motor_state_to_str(g_motor1_action),
        motor_state_to_str(g_motor2_action)
    );
    oled_write_line(2, line, last_line2);
     94a:	47 e4       	ldi	r20, 0x47	; 71
     94c:	54 e0       	ldi	r21, 0x04	; 4
     94e:	b6 01       	movw	r22, r12
     950:	82 e0       	ldi	r24, 0x02	; 2
     952:	0e 94 df 01 	call	0x3be	; 0x3be <oled_write_line(unsigned char, char const*, char*)>
C:\Users\Utilizador\Desktop\RAFA\UNI\LABSI-LUMINOSIDADE\LABSI\PROG\PROGv2/PROGv2.ino:604
    // Linha 3: separador
    ssd1306_set_cursor(3, 0);
     956:	83 e0       	ldi	r24, 0x03	; 3
     958:	0e 94 2a 01 	call	0x254	; 0x254 <ssd1306_set_cursor(unsigned char, unsigned char) [clone .constprop.0]>
C:\Users\Utilizador\Desktop\RAFA\UNI\LABSI-LUMINOSIDADE\LABSI\PROG\PROGv2/PROGv2.ino:605
    ssd1306_print("----------------");
     95c:	80 ed       	ldi	r24, 0xD0	; 208
     95e:	93 e0       	ldi	r25, 0x03	; 3
     960:	0e 94 ee 00 	call	0x1dc	; 0x1dc <ssd1306_print(char const*)>
oled_draw_lux_bar():
C:\Users\Utilizador\Desktop\RAFA\UNI\LABSI-LUMINOSIDADE\LABSI\PROG\PROGv2/PROGv2.ino:612
    oled_draw_lux_bar(g_averaged_lux);
    sprintf(line, "Ciclos: %4u", g_debug_ciclos);
    oled_write_line(4, line, last_line3);
}
void oled_draw_lux_bar(uint16_t lux) {
    uint32_t scaled = (uint32_t)lux * 128;
     964:	60 91 a1 04 	lds	r22, 0x04A1	; 0x8004a1 <g_averaged_lux>
     968:	70 91 a2 04 	lds	r23, 0x04A2	; 0x8004a2 <g_averaged_lux+0x1>
     96c:	90 e0       	ldi	r25, 0x00	; 0
     96e:	80 e0       	ldi	r24, 0x00	; 0
     970:	27 e0       	ldi	r18, 0x07	; 7
     972:	66 0f       	add	r22, r22
     974:	77 1f       	adc	r23, r23
     976:	88 1f       	adc	r24, r24
     978:	99 1f       	adc	r25, r25
     97a:	2a 95       	dec	r18
     97c:	d1 f7       	brne	.-12     	; 0x972 <__stack+0x73>
C:\Users\Utilizador\Desktop\RAFA\UNI\LABSI-LUMINOSIDADE\LABSI\PROG\PROGv2/PROGv2.ino:613
    uint8_t width = scaled / LUX_MAX;
     97e:	0f b6       	in	r0, 0x3f	; 63
     980:	f8 94       	cli
     982:	de bf       	out	0x3e, r29	; 62
     984:	0f be       	out	0x3f, r0	; 63
     986:	cd bf       	out	0x3d, r28	; 61
     988:	28 ee       	ldi	r18, 0xE8	; 232
     98a:	33 e0       	ldi	r19, 0x03	; 3
     98c:	40 e0       	ldi	r20, 0x00	; 0
     98e:	50 e0       	ldi	r21, 0x00	; 0
     990:	0e 94 bb 0a 	call	0x1576	; 0x1576 <__udivmodsi4>
     994:	b2 2e       	mov	r11, r18
C:\Users\Utilizador\Desktop\RAFA\UNI\LABSI-LUMINOSIDADE\LABSI\PROG\PROGv2/PROGv2.ino:614
    if(width > 127) width = 127;
     996:	27 ff       	sbrs	r18, 7
     998:	02 c0       	rjmp	.+4      	; 0x99e <__stack+0x9f>
     99a:	8f e7       	ldi	r24, 0x7F	; 127
     99c:	b8 2e       	mov	r11, r24
C:\Users\Utilizador\Desktop\RAFA\UNI\LABSI-LUMINOSIDADE\LABSI\PROG\PROGv2/PROGv2.ino:616

    if(width == last_bar_width)
     99e:	80 91 00 01 	lds	r24, 0x0100	; 0x800100 <__data_start>
     9a2:	8b 15       	cp	r24, r11
     9a4:	89 f0       	breq	.+34     	; 0x9c8 <__stack+0xc9>
C:\Users\Utilizador\Desktop\RAFA\UNI\LABSI-LUMINOSIDADE\LABSI\PROG\PROGv2/PROGv2.ino:619
        return; // barra igual → não redesenha

    last_bar_width = width;
     9a6:	b0 92 00 01 	sts	0x0100, r11	; 0x800100 <__data_start>
C:\Users\Utilizador\Desktop\RAFA\UNI\LABSI-LUMINOSIDADE\LABSI\PROG\PROGv2/PROGv2.ino:621

    ssd1306_set_cursor(4, 0);
     9aa:	84 e0       	ldi	r24, 0x04	; 4
     9ac:	0e 94 2a 01 	call	0x254	; 0x254 <ssd1306_set_cursor(unsigned char, unsigned char) [clone .constprop.0]>
main():
C:\Users\Utilizador\Desktop\RAFA\UNI\LABSI-LUMINOSIDADE\LABSI\PROG\PROGv2/PROGv2.ino:622
    for(uint8_t i = 0; i < 128; i++) {
     9b0:	a1 2c       	mov	r10, r1
oled_draw_lux_bar():
C:\Users\Utilizador\Desktop\RAFA\UNI\LABSI-LUMINOSIDADE\LABSI\PROG\PROGv2/PROGv2.ino:623
        ssd1306_data(i < width ? 0xFF : 0x00);
     9b2:	81 e0       	ldi	r24, 0x01	; 1
     9b4:	ab 14       	cp	r10, r11
     9b6:	08 f0       	brcs	.+2      	; 0x9ba <__stack+0xbb>
     9b8:	80 e0       	ldi	r24, 0x00	; 0
     9ba:	81 95       	neg	r24
     9bc:	0e 94 dc 00 	call	0x1b8	; 0x1b8 <ssd1306_data(unsigned char)>
C:\Users\Utilizador\Desktop\RAFA\UNI\LABSI-LUMINOSIDADE\LABSI\PROG\PROGv2/PROGv2.ino:622
        return; // barra igual → não redesenha

    last_bar_width = width;

    ssd1306_set_cursor(4, 0);
    for(uint8_t i = 0; i < 128; i++) {
     9c0:	a3 94       	inc	r10
     9c2:	30 e8       	ldi	r19, 0x80	; 128
     9c4:	a3 12       	cpse	r10, r19
     9c6:	f5 cf       	rjmp	.-22     	; 0x9b2 <__stack+0xb3>
oled_update_status():
C:\Users\Utilizador\Desktop\RAFA\UNI\LABSI-LUMINOSIDADE\LABSI\PROG\PROGv2/PROGv2.ino:608
    // Linha 3: separador
    ssd1306_set_cursor(3, 0);
    ssd1306_print("----------------");
    // --- Linha 4: Barra de luz ---
    oled_draw_lux_bar(g_averaged_lux);
    sprintf(line, "Ciclos: %4u", g_debug_ciclos);
     9c8:	80 91 46 04 	lds	r24, 0x0446	; 0x800446 <g_debug_ciclos+0x1>
     9cc:	8f 93       	push	r24
     9ce:	80 91 45 04 	lds	r24, 0x0445	; 0x800445 <g_debug_ciclos>
     9d2:	8f 93       	push	r24
     9d4:	81 ee       	ldi	r24, 0xE1	; 225
     9d6:	93 e0       	ldi	r25, 0x03	; 3
     9d8:	9f 93       	push	r25
     9da:	8f 93       	push	r24
     9dc:	df 92       	push	r13
     9de:	cf 92       	push	r12
     9e0:	0e 94 07 0b 	call	0x160e	; 0x160e <sprintf>
C:\Users\Utilizador\Desktop\RAFA\UNI\LABSI-LUMINOSIDADE\LABSI\PROG\PROGv2/PROGv2.ino:609
    oled_write_line(4, line, last_line3);
     9e4:	41 e3       	ldi	r20, 0x31	; 49
     9e6:	54 e0       	ldi	r21, 0x04	; 4
     9e8:	b6 01       	movw	r22, r12
     9ea:	84 e0       	ldi	r24, 0x04	; 4
     9ec:	0e 94 df 01 	call	0x3be	; 0x3be <oled_write_line(unsigned char, char const*, char*)>
main():
C:\Users\Utilizador\Desktop\RAFA\UNI\LABSI-LUMINOSIDADE\LABSI\PROG\PROGv2/PROGv2.ino:986
                // 1. LEITURA DE LUX e MÉDIA
			    g_lux_value = bh1750_read_sensors();
			    g_averaged_lux = average_lux(g_lux_value);
            
				oled_update_status();
				char op_mode_char = (g_operating_mode == MODE_AUTOMATIC) ? 'A' : 'M';
     9f0:	80 91 0a 01 	lds	r24, 0x010A	; 0x80010a <g_operating_mode>
     9f4:	0f 90       	pop	r0
     9f6:	0f 90       	pop	r0
     9f8:	0f 90       	pop	r0
     9fa:	0f 90       	pop	r0
     9fc:	0f 90       	pop	r0
     9fe:	0f 90       	pop	r0
     a00:	4d e4       	ldi	r20, 0x4D	; 77
     a02:	81 11       	cpse	r24, r1
     a04:	01 c0       	rjmp	.+2      	; 0xa08 <__stack+0x109>
     a06:	41 e4       	ldi	r20, 0x41	; 65
C:\Users\Utilizador\Desktop\RAFA\UNI\LABSI-LUMINOSIDADE\LABSI\PROG\PROGv2/PROGv2.ino:987
				uint16_t disp_set = (g_fix_state != 0) ? g_last_setpoint_value : g_target_lux;
     a08:	80 91 a0 04 	lds	r24, 0x04A0	; 0x8004a0 <g_fix_state>
     a0c:	88 23       	and	r24, r24
     a0e:	09 f4       	brne	.+2      	; 0xa12 <__stack+0x113>
     a10:	5d c0       	rjmp	.+186    	; 0xacc <__stack+0x1cd>
     a12:	80 91 08 01 	lds	r24, 0x0108	; 0x800108 <g_last_setpoint_value>
     a16:	90 91 09 01 	lds	r25, 0x0109	; 0x800109 <g_last_setpoint_value+0x1>
C:\Users\Utilizador\Desktop\RAFA\UNI\LABSI-LUMINOSIDADE\LABSI\PROG\PROGv2/PROGv2.ino:990
				
				char motor1_char = 'E';
				if (g_motor1_action == ABRIR) motor1_char = 'A';
     a1a:	20 91 04 01 	lds	r18, 0x0104	; 0x800104 <g_motor1_action>
     a1e:	30 91 05 01 	lds	r19, 0x0105	; 0x800105 <g_motor1_action+0x1>
     a22:	22 30       	cpi	r18, 0x02	; 2
     a24:	31 05       	cpc	r19, r1
     a26:	09 f4       	brne	.+2      	; 0xa2a <__stack+0x12b>
     a28:	56 c0       	rjmp	.+172    	; 0xad6 <__stack+0x1d7>
C:\Users\Utilizador\Desktop\RAFA\UNI\LABSI-LUMINOSIDADE\LABSI\PROG\PROGv2/PROGv2.ino:991
				else if (g_motor1_action == FECHAR) motor1_char = 'F';
     a2a:	23 2b       	or	r18, r19
     a2c:	09 f4       	brne	.+2      	; 0xa30 <__stack+0x131>
     a2e:	55 c0       	rjmp	.+170    	; 0xada <__stack+0x1db>
C:\Users\Utilizador\Desktop\RAFA\UNI\LABSI-LUMINOSIDADE\LABSI\PROG\PROGv2/PROGv2.ino:992
				else motor1_char = 'P';
     a30:	20 e5       	ldi	r18, 0x50	; 80
C:\Users\Utilizador\Desktop\RAFA\UNI\LABSI-LUMINOSIDADE\LABSI\PROG\PROGv2/PROGv2.ino:994
				char motor2_char = 'E';
				if (g_motor2_action == ABRIR) motor2_char = 'A';
     a32:	60 91 02 01 	lds	r22, 0x0102	; 0x800102 <g_motor2_action>
     a36:	70 91 03 01 	lds	r23, 0x0103	; 0x800103 <g_motor2_action+0x1>
     a3a:	31 e4       	ldi	r19, 0x41	; 65
     a3c:	62 30       	cpi	r22, 0x02	; 2
     a3e:	71 05       	cpc	r23, r1
     a40:	21 f0       	breq	.+8      	; 0xa4a <__stack+0x14b>
C:\Users\Utilizador\Desktop\RAFA\UNI\LABSI-LUMINOSIDADE\LABSI\PROG\PROGv2/PROGv2.ino:996
				else if (g_motor2_action == FECHAR) motor2_char = 'F';
				else motor2_char = 'P';
     a42:	30 e5       	ldi	r19, 0x50	; 80
C:\Users\Utilizador\Desktop\RAFA\UNI\LABSI-LUMINOSIDADE\LABSI\PROG\PROGv2/PROGv2.ino:995
				if (g_motor1_action == ABRIR) motor1_char = 'A';
				else if (g_motor1_action == FECHAR) motor1_char = 'F';
				else motor1_char = 'P';
				char motor2_char = 'E';
				if (g_motor2_action == ABRIR) motor2_char = 'A';
				else if (g_motor2_action == FECHAR) motor2_char = 'F';
     a44:	67 2b       	or	r22, r23
     a46:	09 f4       	brne	.+2      	; 0xa4a <__stack+0x14b>
     a48:	36 e4       	ldi	r19, 0x46	; 70
C:\Users\Utilizador\Desktop\RAFA\UNI\LABSI-LUMINOSIDADE\LABSI\PROG\PROGv2/PROGv2.ino:999
				else motor2_char = 'P';
				// 2. Envia para o ESP32 (Protocolo: D:Modo,Set,Lux,Motor1,Motor2,Ticks1,Ticks2)
				char serial_buffer[40];
				sprintf(serial_buffer, "D:%c,%u,%u,%c,%c,%ld,%ld\n", 
     a4a:	50 91 9f 04 	lds	r21, 0x049F	; 0x80049f <g_blind2_pos+0x3>
     a4e:	5f 93       	push	r21
     a50:	50 91 9e 04 	lds	r21, 0x049E	; 0x80049e <g_blind2_pos+0x2>
     a54:	5f 93       	push	r21
     a56:	50 91 9d 04 	lds	r21, 0x049D	; 0x80049d <g_blind2_pos+0x1>
     a5a:	5f 93       	push	r21
     a5c:	50 91 9c 04 	lds	r21, 0x049C	; 0x80049c <g_blind2_pos>
     a60:	5f 93       	push	r21
     a62:	50 91 9b 04 	lds	r21, 0x049B	; 0x80049b <g_blind1_pos+0x3>
     a66:	5f 93       	push	r21
     a68:	50 91 9a 04 	lds	r21, 0x049A	; 0x80049a <g_blind1_pos+0x2>
     a6c:	5f 93       	push	r21
     a6e:	50 91 99 04 	lds	r21, 0x0499	; 0x800499 <g_blind1_pos+0x1>
     a72:	5f 93       	push	r21
     a74:	50 91 98 04 	lds	r21, 0x0498	; 0x800498 <g_blind1_pos>
     a78:	5f 93       	push	r21
     a7a:	1f 92       	push	r1
     a7c:	3f 93       	push	r19
     a7e:	1f 92       	push	r1
     a80:	2f 93       	push	r18
     a82:	20 91 a2 04 	lds	r18, 0x04A2	; 0x8004a2 <g_averaged_lux+0x1>
     a86:	2f 93       	push	r18
     a88:	20 91 a1 04 	lds	r18, 0x04A1	; 0x8004a1 <g_averaged_lux>
     a8c:	2f 93       	push	r18
     a8e:	9f 93       	push	r25
     a90:	8f 93       	push	r24
     a92:	1f 92       	push	r1
     a94:	4f 93       	push	r20
     a96:	8d ee       	ldi	r24, 0xED	; 237
     a98:	93 e0       	ldi	r25, 0x03	; 3
     a9a:	9f 93       	push	r25
     a9c:	8f 93       	push	r24
     a9e:	df 92       	push	r13
     aa0:	cf 92       	push	r12
     aa2:	0e 94 07 0b 	call	0x160e	; 0x160e <sprintf>
     aa6:	f6 01       	movw	r30, r12
     aa8:	0f b6       	in	r0, 0x3f	; 63
     aaa:	f8 94       	cli
     aac:	de bf       	out	0x3e, r29	; 62
     aae:	0f be       	out	0x3f, r0	; 63
     ab0:	cd bf       	out	0x3d, r28	; 61
uart_write_string():
C:\Users\Utilizador\Desktop\RAFA\UNI\LABSI-LUMINOSIDADE\LABSI\PROG\PROGv2/PROGv2.ino:300
    // Espera até que o registrador de dados esteja vazio
    while (!(UCSR0A & (1 << UDRE0))); // espera
    UDR0 = c;
}
void uart_write_string(const char* str) {
    while (*str) {
     ab2:	81 91       	ld	r24, Z+
     ab4:	88 23       	and	r24, r24
     ab6:	99 f0       	breq	.+38     	; 0xade <__stack+0x1df>
uart_write():
C:\Users\Utilizador\Desktop\RAFA\UNI\LABSI-LUMINOSIDADE\LABSI\PROG\PROGv2/PROGv2.ino:296
    // Formato: 8 dados, 1 stop bit
    UCSR0C = (1 << UCSZ01) | (1 << UCSZ00);
}
void uart_write(char c) {
    // Espera até que o registrador de dados esteja vazio
    while (!(UCSR0A & (1 << UDRE0))); // espera
     ab8:	90 91 c0 00 	lds	r25, 0x00C0	; 0x8000c0 <__DATA_REGION_ORIGIN__+0x60>
     abc:	95 ff       	sbrs	r25, 5
     abe:	fc cf       	rjmp	.-8      	; 0xab8 <__stack+0x1b9>
C:\Users\Utilizador\Desktop\RAFA\UNI\LABSI-LUMINOSIDADE\LABSI\PROG\PROGv2/PROGv2.ino:297
    UDR0 = c;
     ac0:	80 93 c6 00 	sts	0x00C6, r24	; 0x8000c6 <__DATA_REGION_ORIGIN__+0x66>
     ac4:	f6 cf       	rjmp	.-20     	; 0xab2 <__stack+0x1b3>
main():
C:\Users\Utilizador\Desktop\RAFA\UNI\LABSI-LUMINOSIDADE\LABSI\PROG\PROGv2/PROGv2.ino:571
    ssd1306_cmd(0x00 + (col & 0x0F)); // low column
    ssd1306_cmd(0x10 + (col >> 4));   // high column
}
const char* motor_state_to_str(Servo_pos s) {
  switch(s) {
    case ABRIR:  return "ABRIR";
     ac6:	85 e4       	ldi	r24, 0x45	; 69
     ac8:	93 e0       	ldi	r25, 0x03	; 3
     aca:	33 cf       	rjmp	.-410    	; 0x932 <__stack+0x33>
C:\Users\Utilizador\Desktop\RAFA\UNI\LABSI-LUMINOSIDADE\LABSI\PROG\PROGv2/PROGv2.ino:987
			    g_lux_value = bh1750_read_sensors();
			    g_averaged_lux = average_lux(g_lux_value);
            
				oled_update_status();
				char op_mode_char = (g_operating_mode == MODE_AUTOMATIC) ? 'A' : 'M';
				uint16_t disp_set = (g_fix_state != 0) ? g_last_setpoint_value : g_target_lux;
     acc:	80 91 06 01 	lds	r24, 0x0106	; 0x800106 <g_target_lux>
     ad0:	90 91 07 01 	lds	r25, 0x0107	; 0x800107 <g_target_lux+0x1>
     ad4:	a2 cf       	rjmp	.-188    	; 0xa1a <__stack+0x11b>
C:\Users\Utilizador\Desktop\RAFA\UNI\LABSI-LUMINOSIDADE\LABSI\PROG\PROGv2/PROGv2.ino:990
				
				char motor1_char = 'E';
				if (g_motor1_action == ABRIR) motor1_char = 'A';
     ad6:	21 e4       	ldi	r18, 0x41	; 65
     ad8:	ac cf       	rjmp	.-168    	; 0xa32 <__stack+0x133>
C:\Users\Utilizador\Desktop\RAFA\UNI\LABSI-LUMINOSIDADE\LABSI\PROG\PROGv2/PROGv2.ino:991
				else if (g_motor1_action == FECHAR) motor1_char = 'F';
     ada:	26 e4       	ldi	r18, 0x46	; 70
     adc:	aa cf       	rjmp	.-172    	; 0xa32 <__stack+0x133>
C:\Users\Utilizador\Desktop\RAFA\UNI\LABSI-LUMINOSIDADE\LABSI\PROG\PROGv2/PROGv2.ino:1004
				sprintf(serial_buffer, "D:%c,%u,%u,%c,%c,%ld,%ld\n", 
				        op_mode_char, disp_set, g_averaged_lux, motor1_char,motor2_char, g_blind1_pos, g_blind2_pos);
				uart_write_string(serial_buffer);
			
        }
		if(g_flag_2ms) {
     ade:	80 91 97 04 	lds	r24, 0x0497	; 0x800497 <g_flag_2ms>
     ae2:	88 23       	and	r24, r24
     ae4:	09 f4       	brne	.+2      	; 0xae8 <__stack+0x1e9>
     ae6:	c2 cd       	rjmp	.-1148   	; 0x66c <main+0xe8>
C:\Users\Utilizador\Desktop\RAFA\UNI\LABSI-LUMINOSIDADE\LABSI\PROG\PROGv2/PROGv2.ino:1005
			g_flag_2ms = 0;
     ae8:	10 92 97 04 	sts	0x0497, r1	; 0x800497 <g_flag_2ms>
C:\Users\Utilizador\Desktop\RAFA\UNI\LABSI-LUMINOSIDADE\LABSI\PROG\PROGv2/PROGv2.ino:1006
            g_display_counter++;
     aec:	80 91 96 04 	lds	r24, 0x0496	; 0x800496 <g_display_counter>
     af0:	8f 5f       	subi	r24, 0xFF	; 255
     af2:	80 93 96 04 	sts	0x0496, r24	; 0x800496 <g_display_counter>
C:\Users\Utilizador\Desktop\RAFA\UNI\LABSI-LUMINOSIDADE\LABSI\PROG\PROGv2/PROGv2.ino:1007
            g_contador++;
     af6:	80 91 95 04 	lds	r24, 0x0495	; 0x800495 <g_contador>
     afa:	8f 5f       	subi	r24, 0xFF	; 255
     afc:	80 93 95 04 	sts	0x0495, r24	; 0x800495 <g_contador>
C:\Users\Utilizador\Desktop\RAFA\UNI\LABSI-LUMINOSIDADE\LABSI\PROG\PROGv2/PROGv2.ino:1008
	        if(g_contador >= 250) {
     b00:	80 91 95 04 	lds	r24, 0x0495	; 0x800495 <g_contador>
     b04:	8a 3f       	cpi	r24, 0xFA	; 250
     b06:	30 f0       	brcs	.+12     	; 0xb14 <__stack+0x215>
C:\Users\Utilizador\Desktop\RAFA\UNI\LABSI-LUMINOSIDADE\LABSI\PROG\PROGv2/PROGv2.ino:1009
		        PORTD ^= (1 << PD6);
     b08:	8b b1       	in	r24, 0x0b	; 11
     b0a:	90 e4       	ldi	r25, 0x40	; 64
     b0c:	89 27       	eor	r24, r25
     b0e:	8b b9       	out	0x0b, r24	; 11
C:\Users\Utilizador\Desktop\RAFA\UNI\LABSI-LUMINOSIDADE\LABSI\PROG\PROGv2/PROGv2.ino:1010
		        g_contador = 0;
     b10:	10 92 95 04 	sts	0x0495, r1	; 0x800495 <g_contador>
C:\Users\Utilizador\Desktop\RAFA\UNI\LABSI-LUMINOSIDADE\LABSI\PROG\PROGv2/PROGv2.ino:1012
	        }   
            g_contador_50ms++;
     b14:	80 91 94 04 	lds	r24, 0x0494	; 0x800494 <g_contador_50ms>
     b18:	8f 5f       	subi	r24, 0xFF	; 255
     b1a:	80 93 94 04 	sts	0x0494, r24	; 0x800494 <g_contador_50ms>
C:\Users\Utilizador\Desktop\RAFA\UNI\LABSI-LUMINOSIDADE\LABSI\PROG\PROGv2/PROGv2.ino:1013
            if(g_contador_50ms >= 25){
     b1e:	80 91 94 04 	lds	r24, 0x0494	; 0x800494 <g_contador_50ms>
     b22:	89 31       	cpi	r24, 0x19	; 25
     b24:	28 f0       	brcs	.+10     	; 0xb30 <__stack+0x231>
C:\Users\Utilizador\Desktop\RAFA\UNI\LABSI-LUMINOSIDADE\LABSI\PROG\PROGv2/PROGv2.ino:1014
                g_flag_50ms = 1;
     b26:	81 e0       	ldi	r24, 0x01	; 1
     b28:	80 93 a3 04 	sts	0x04A3, r24	; 0x8004a3 <g_flag_50ms>
C:\Users\Utilizador\Desktop\RAFA\UNI\LABSI-LUMINOSIDADE\LABSI\PROG\PROGv2/PROGv2.ino:1015
                g_contador_50ms = 0;
     b2c:	10 92 94 04 	sts	0x0494, r1	; 0x800494 <g_contador_50ms>
C:\Users\Utilizador\Desktop\RAFA\UNI\LABSI-LUMINOSIDADE\LABSI\PROG\PROGv2/PROGv2.ino:1018
            }
            // Controlo do Buzzer
	        if(g_buzzer_counter > 0) {
     b30:	80 91 93 04 	lds	r24, 0x0493	; 0x800493 <g_buzzer_counter>
     b34:	88 23       	and	r24, r24
     b36:	09 f4       	brne	.+2      	; 0xb3a <__stack+0x23b>
     b38:	7d c0       	rjmp	.+250    	; 0xc34 <__stack+0x335>
C:\Users\Utilizador\Desktop\RAFA\UNI\LABSI-LUMINOSIDADE\LABSI\PROG\PROGv2/PROGv2.ino:1019
	        	g_buzzer_counter--;
     b3a:	80 91 93 04 	lds	r24, 0x0493	; 0x800493 <g_buzzer_counter>
     b3e:	81 50       	subi	r24, 0x01	; 1
     b40:	80 93 93 04 	sts	0x0493, r24	; 0x800493 <g_buzzer_counter>
C:\Users\Utilizador\Desktop\RAFA\UNI\LABSI-LUMINOSIDADE\LABSI\PROG\PROGv2/PROGv2.ino:1021
	        	// Alterna o Buzzer (PC0) a cada 50ms (25 ticks)
	        	if(g_buzzer_counter % 25 == 0) {
     b44:	80 91 93 04 	lds	r24, 0x0493	; 0x800493 <g_buzzer_counter>
     b48:	69 e1       	ldi	r22, 0x19	; 25
     b4a:	0e 94 9b 0a 	call	0x1536	; 0x1536 <__udivmodqi4>
     b4e:	91 11       	cpse	r25, r1
     b50:	04 c0       	rjmp	.+8      	; 0xb5a <__stack+0x25b>
C:\Users\Utilizador\Desktop\RAFA\UNI\LABSI-LUMINOSIDADE\LABSI\PROG\PROGv2/PROGv2.ino:1022
	        		PORTC ^= (1 << BUZZER_PIN);
     b52:	88 b1       	in	r24, 0x08	; 8
     b54:	91 e0       	ldi	r25, 0x01	; 1
     b56:	89 27       	eor	r24, r25
     b58:	88 b9       	out	0x08, r24	; 8
C:\Users\Utilizador\Desktop\RAFA\UNI\LABSI-LUMINOSIDADE\LABSI\PROG\PROGv2/PROGv2.ino:1028
	        	}
	        } else {
	        	PORTC &= ~(1 << BUZZER_PIN); // Desliga o Buzzer
	        }
            // Rastreamento Posição
            if(g_motor1_action==ABRIR && g_blind1_pos<BLIND1_MAX_TICKS) g_blind1_pos+=STEP_OPEN;
     b5a:	80 91 04 01 	lds	r24, 0x0104	; 0x800104 <g_motor1_action>
     b5e:	90 91 05 01 	lds	r25, 0x0105	; 0x800105 <g_motor1_action+0x1>
     b62:	82 30       	cpi	r24, 0x02	; 2
     b64:	91 05       	cpc	r25, r1
     b66:	09 f0       	breq	.+2      	; 0xb6a <__stack+0x26b>
     b68:	67 c0       	rjmp	.+206    	; 0xc38 <__stack+0x339>
     b6a:	80 91 98 04 	lds	r24, 0x0498	; 0x800498 <g_blind1_pos>
     b6e:	90 91 99 04 	lds	r25, 0x0499	; 0x800499 <g_blind1_pos+0x1>
     b72:	a0 91 9a 04 	lds	r26, 0x049A	; 0x80049a <g_blind1_pos+0x2>
     b76:	b0 91 9b 04 	lds	r27, 0x049B	; 0x80049b <g_blind1_pos+0x3>
     b7a:	80 36       	cpi	r24, 0x60	; 96
     b7c:	2a ee       	ldi	r18, 0xEA	; 234
     b7e:	92 07       	cpc	r25, r18
     b80:	a1 05       	cpc	r26, r1
     b82:	b1 05       	cpc	r27, r1
     b84:	5c f4       	brge	.+22     	; 0xb9c <__stack+0x29d>
     b86:	02 96       	adiw	r24, 0x02	; 2
     b88:	a1 1d       	adc	r26, r1
     b8a:	b1 1d       	adc	r27, r1
C:\Users\Utilizador\Desktop\RAFA\UNI\LABSI-LUMINOSIDADE\LABSI\PROG\PROGv2/PROGv2.ino:1029
            else if(g_motor1_action==FECHAR && g_blind1_pos>0) g_blind1_pos-=STEP_CLOSE;
     b8c:	80 93 98 04 	sts	0x0498, r24	; 0x800498 <g_blind1_pos>
     b90:	90 93 99 04 	sts	0x0499, r25	; 0x800499 <g_blind1_pos+0x1>
     b94:	a0 93 9a 04 	sts	0x049A, r26	; 0x80049a <g_blind1_pos+0x2>
     b98:	b0 93 9b 04 	sts	0x049B, r27	; 0x80049b <g_blind1_pos+0x3>
C:\Users\Utilizador\Desktop\RAFA\UNI\LABSI-LUMINOSIDADE\LABSI\PROG\PROGv2/PROGv2.ino:1031

            if(g_motor2_action==ABRIR && g_blind2_pos<BLIND2_MAX_TICKS) g_blind2_pos+=STEP_OPEN;
     b9c:	80 91 02 01 	lds	r24, 0x0102	; 0x800102 <g_motor2_action>
     ba0:	90 91 03 01 	lds	r25, 0x0103	; 0x800103 <g_motor2_action+0x1>
     ba4:	82 30       	cpi	r24, 0x02	; 2
     ba6:	91 05       	cpc	r25, r1
     ba8:	09 f0       	breq	.+2      	; 0xbac <__stack+0x2ad>
     baa:	5b c0       	rjmp	.+182    	; 0xc62 <__stack+0x363>
     bac:	80 91 9c 04 	lds	r24, 0x049C	; 0x80049c <g_blind2_pos>
     bb0:	90 91 9d 04 	lds	r25, 0x049D	; 0x80049d <g_blind2_pos+0x1>
     bb4:	a0 91 9e 04 	lds	r26, 0x049E	; 0x80049e <g_blind2_pos+0x2>
     bb8:	b0 91 9f 04 	lds	r27, 0x049F	; 0x80049f <g_blind2_pos+0x3>
     bbc:	80 36       	cpi	r24, 0x60	; 96
     bbe:	3a ee       	ldi	r19, 0xEA	; 234
     bc0:	93 07       	cpc	r25, r19
     bc2:	a1 05       	cpc	r26, r1
     bc4:	b1 05       	cpc	r27, r1
     bc6:	5c f4       	brge	.+22     	; 0xbde <__stack+0x2df>
     bc8:	02 96       	adiw	r24, 0x02	; 2
     bca:	a1 1d       	adc	r26, r1
     bcc:	b1 1d       	adc	r27, r1
C:\Users\Utilizador\Desktop\RAFA\UNI\LABSI-LUMINOSIDADE\LABSI\PROG\PROGv2/PROGv2.ino:1032
            else if(g_motor2_action==FECHAR && g_blind2_pos>0) g_blind2_pos-=STEP_CLOSE;
     bce:	80 93 9c 04 	sts	0x049C, r24	; 0x80049c <g_blind2_pos>
     bd2:	90 93 9d 04 	sts	0x049D, r25	; 0x80049d <g_blind2_pos+0x1>
     bd6:	a0 93 9e 04 	sts	0x049E, r26	; 0x80049e <g_blind2_pos+0x2>
     bda:	b0 93 9f 04 	sts	0x049F, r27	; 0x80049f <g_blind2_pos+0x3>
uart_available():
C:\Users\Utilizador\Desktop\RAFA\UNI\LABSI-LUMINOSIDADE\LABSI\PROG\PROGv2/PROGv2.ino:305
    while (*str) {
        uart_write(*str++); 
    }
}
uint8_t uart_available(void) {
    return (UCSR0A & (1 << RXC0));
     bde:	80 91 c0 00 	lds	r24, 0x00C0	; 0x8000c0 <__DATA_REGION_ORIGIN__+0x60>
check_uart_cmds():
C:\Users\Utilizador\Desktop\RAFA\UNI\LABSI-LUMINOSIDADE\LABSI\PROG\PROGv2/PROGv2.ino:312
char uart_read(void) {
		while (!(UCSR0A & (1<<RXC0)));
    return UDR0;
}
void check_uart_cmds(void) {
    if (uart_available()) {
     be2:	87 ff       	sbrs	r24, 7
     be4:	ac c0       	rjmp	.+344    	; 0xd3e <__stack+0x43f>
uart_read():
C:\Users\Utilizador\Desktop\RAFA\UNI\LABSI-LUMINOSIDADE\LABSI\PROG\PROGv2/PROGv2.ino:308
}
uint8_t uart_available(void) {
    return (UCSR0A & (1 << RXC0));
}
char uart_read(void) {
		while (!(UCSR0A & (1<<RXC0)));
     be6:	80 91 c0 00 	lds	r24, 0x00C0	; 0x8000c0 <__DATA_REGION_ORIGIN__+0x60>
     bea:	87 ff       	sbrs	r24, 7
     bec:	fc cf       	rjmp	.-8      	; 0xbe6 <__stack+0x2e7>
C:\Users\Utilizador\Desktop\RAFA\UNI\LABSI-LUMINOSIDADE\LABSI\PROG\PROGv2/PROGv2.ino:309
    return UDR0;
     bee:	e0 91 c6 00 	lds	r30, 0x00C6	; 0x8000c6 <__DATA_REGION_ORIGIN__+0x66>
check_uart_cmds():
C:\Users\Utilizador\Desktop\RAFA\UNI\LABSI-LUMINOSIDADE\LABSI\PROG\PROGv2/PROGv2.ino:314
}
void check_uart_cmds(void) {
    if (uart_available()) {
        char cmd = uart_read();
        switch(cmd) {
     bf2:	e1 54       	subi	r30, 0x41	; 65
     bf4:	e8 31       	cpi	r30, 0x18	; 24
     bf6:	08 f0       	brcs	.+2      	; 0xbfa <__stack+0x2fb>
     bf8:	a2 c0       	rjmp	.+324    	; 0xd3e <__stack+0x43f>
     bfa:	f0 e0       	ldi	r31, 0x00	; 0
     bfc:	ee 5f       	subi	r30, 0xFE	; 254
     bfe:	f9 4f       	sbci	r31, 0xF9	; 249
     c00:	0c 94 dd 0a 	jmp	0x15ba	; 0x15ba <__tablejump2__>
     c04:	46 06       	cpc	r4, r22
     c06:	9f 06       	cpc	r9, r31
     c08:	63 07       	cpc	r22, r19
     c0a:	3b 07       	cpc	r19, r27
     c0c:	9f 06       	cpc	r9, r31
     c0e:	91 07       	cpc	r25, r17
     c10:	9f 06       	cpc	r9, r31
     c12:	9f 06       	cpc	r9, r31
     c14:	9f 06       	cpc	r9, r31
     c16:	9f 06       	cpc	r9, r31
     c18:	9f 06       	cpc	r9, r31
     c1a:	9f 06       	cpc	r9, r31
     c1c:	63 06       	cpc	r6, r19
     c1e:	9f 06       	cpc	r9, r31
     c20:	53 07       	cpc	r21, r19
     c22:	a1 07       	cpc	r26, r17
     c24:	9f 06       	cpc	r9, r31
     c26:	9f 06       	cpc	r9, r31
     c28:	73 07       	cpc	r23, r19
     c2a:	9f 06       	cpc	r9, r31
     c2c:	83 06       	cpc	r8, r19
     c2e:	9f 06       	cpc	r9, r31
     c30:	9f 06       	cpc	r9, r31
     c32:	81 07       	cpc	r24, r17
main():
C:\Users\Utilizador\Desktop\RAFA\UNI\LABSI-LUMINOSIDADE\LABSI\PROG\PROGv2/PROGv2.ino:1025
	        	// Alterna o Buzzer (PC0) a cada 50ms (25 ticks)
	        	if(g_buzzer_counter % 25 == 0) {
	        		PORTC ^= (1 << BUZZER_PIN);
	        	}
	        } else {
	        	PORTC &= ~(1 << BUZZER_PIN); // Desliga o Buzzer
     c34:	40 98       	cbi	0x08, 0	; 8
     c36:	91 cf       	rjmp	.-222    	; 0xb5a <__stack+0x25b>
C:\Users\Utilizador\Desktop\RAFA\UNI\LABSI-LUMINOSIDADE\LABSI\PROG\PROGv2/PROGv2.ino:1029
	        }
            // Rastreamento Posição
            if(g_motor1_action==ABRIR && g_blind1_pos<BLIND1_MAX_TICKS) g_blind1_pos+=STEP_OPEN;
            else if(g_motor1_action==FECHAR && g_blind1_pos>0) g_blind1_pos-=STEP_CLOSE;
     c38:	89 2b       	or	r24, r25
     c3a:	09 f0       	breq	.+2      	; 0xc3e <__stack+0x33f>
     c3c:	af cf       	rjmp	.-162    	; 0xb9c <__stack+0x29d>
     c3e:	80 91 98 04 	lds	r24, 0x0498	; 0x800498 <g_blind1_pos>
     c42:	90 91 99 04 	lds	r25, 0x0499	; 0x800499 <g_blind1_pos+0x1>
     c46:	a0 91 9a 04 	lds	r26, 0x049A	; 0x80049a <g_blind1_pos+0x2>
     c4a:	b0 91 9b 04 	lds	r27, 0x049B	; 0x80049b <g_blind1_pos+0x3>
     c4e:	18 16       	cp	r1, r24
     c50:	19 06       	cpc	r1, r25
     c52:	1a 06       	cpc	r1, r26
     c54:	1b 06       	cpc	r1, r27
     c56:	0c f0       	brlt	.+2      	; 0xc5a <__stack+0x35b>
     c58:	a1 cf       	rjmp	.-190    	; 0xb9c <__stack+0x29d>
     c5a:	02 97       	sbiw	r24, 0x02	; 2
     c5c:	a1 09       	sbc	r26, r1
     c5e:	b1 09       	sbc	r27, r1
     c60:	95 cf       	rjmp	.-214    	; 0xb8c <__stack+0x28d>
C:\Users\Utilizador\Desktop\RAFA\UNI\LABSI-LUMINOSIDADE\LABSI\PROG\PROGv2/PROGv2.ino:1032

            if(g_motor2_action==ABRIR && g_blind2_pos<BLIND2_MAX_TICKS) g_blind2_pos+=STEP_OPEN;
            else if(g_motor2_action==FECHAR && g_blind2_pos>0) g_blind2_pos-=STEP_CLOSE;
     c62:	89 2b       	or	r24, r25
     c64:	09 f0       	breq	.+2      	; 0xc68 <__stack+0x369>
     c66:	bb cf       	rjmp	.-138    	; 0xbde <__stack+0x2df>
     c68:	80 91 9c 04 	lds	r24, 0x049C	; 0x80049c <g_blind2_pos>
     c6c:	90 91 9d 04 	lds	r25, 0x049D	; 0x80049d <g_blind2_pos+0x1>
     c70:	a0 91 9e 04 	lds	r26, 0x049E	; 0x80049e <g_blind2_pos+0x2>
     c74:	b0 91 9f 04 	lds	r27, 0x049F	; 0x80049f <g_blind2_pos+0x3>
     c78:	18 16       	cp	r1, r24
     c7a:	19 06       	cpc	r1, r25
     c7c:	1a 06       	cpc	r1, r26
     c7e:	1b 06       	cpc	r1, r27
     c80:	0c f0       	brlt	.+2      	; 0xc84 <__stack+0x385>
     c82:	ad cf       	rjmp	.-166    	; 0xbde <__stack+0x2df>
     c84:	02 97       	sbiw	r24, 0x02	; 2
     c86:	a1 09       	sbc	r26, r1
     c88:	b1 09       	sbc	r27, r1
     c8a:	a1 cf       	rjmp	.-190    	; 0xbce <__stack+0x2cf>
check_uart_cmds():
C:\Users\Utilizador\Desktop\RAFA\UNI\LABSI-LUMINOSIDADE\LABSI\PROG\PROGv2/PROGv2.ino:315
}
void check_uart_cmds(void) {
    if (uart_available()) {
        char cmd = uart_read();
        switch(cmd) {
            case 'A': if(g_operating_mode!=0){g_operating_mode=0;g_mode_changed=1;buzzer_bips(1);control_motor_1(PARAR);control_motor_2(PARAR);} break;
     c8c:	80 91 0a 01 	lds	r24, 0x010A	; 0x80010a <g_operating_mode>
     c90:	88 23       	and	r24, r24
     c92:	09 f4       	brne	.+2      	; 0xc96 <__stack+0x397>
     c94:	54 c0       	rjmp	.+168    	; 0xd3e <__stack+0x43f>
     c96:	10 92 0a 01 	sts	0x010A, r1	; 0x80010a <g_operating_mode>
     c9a:	81 e0       	ldi	r24, 0x01	; 1
     c9c:	80 93 01 01 	sts	0x0101, r24	; 0x800101 <g_mode_changed>
     ca0:	0e 94 4c 01 	call	0x298	; 0x298 <buzzer_bips(unsigned char)>
control_motor_1():
C:\Users\Utilizador\Desktop\RAFA\UNI\LABSI-LUMINOSIDADE\LABSI\PROG\PROGv2/PROGv2.ino:731
	// Interrupção de PC1 (botão touch)
	PCICR |= (1 << PCIE1);
	PCMSK1 |= (1 << PCINT9);
}
void control_motor_1(Servo_pos action) {
    g_motor1_action = action;
     ca4:	f0 92 05 01 	sts	0x0105, r15	; 0x800105 <g_motor1_action+0x1>
     ca8:	e0 92 04 01 	sts	0x0104, r14	; 0x800104 <g_motor1_action>
C:\Users\Utilizador\Desktop\RAFA\UNI\LABSI-LUMINOSIDADE\LABSI\PROG\PROGv2/PROGv2.ino:745
            break;
        case FECHAR:
            valor_pwm = 198;
            break;
    }
    OCR1B = valor_pwm;
     cac:	10 93 8b 00 	sts	0x008B, r17	; 0x80008b <__DATA_REGION_ORIGIN__+0x2b>
     cb0:	00 93 8a 00 	sts	0x008A, r16	; 0x80008a <__DATA_REGION_ORIGIN__+0x2a>
control_motor_2():
C:\Users\Utilizador\Desktop\RAFA\UNI\LABSI-LUMINOSIDADE\LABSI\PROG\PROGv2/PROGv2.ino:748
}
void control_motor_2(Servo_pos action) {
    g_motor2_action = action;
     cb4:	f0 92 03 01 	sts	0x0103, r15	; 0x800103 <g_motor2_action+0x1>
     cb8:	e0 92 02 01 	sts	0x0102, r14	; 0x800102 <g_motor2_action>
C:\Users\Utilizador\Desktop\RAFA\UNI\LABSI-LUMINOSIDADE\LABSI\PROG\PROGv2/PROGv2.ino:762
			break;
		case FECHAR:
			valor_pwm = 197;
			break;
	}
	OCR1A = valor_pwm;
     cbc:	10 93 89 00 	sts	0x0089, r17	; 0x800089 <__DATA_REGION_ORIGIN__+0x29>
     cc0:	00 93 88 00 	sts	0x0088, r16	; 0x800088 <__DATA_REGION_ORIGIN__+0x28>
     cc4:	3c c0       	rjmp	.+120    	; 0xd3e <__stack+0x43f>
check_uart_cmds():
C:\Users\Utilizador\Desktop\RAFA\UNI\LABSI-LUMINOSIDADE\LABSI\PROG\PROGv2/PROGv2.ino:316
void check_uart_cmds(void) {
    if (uart_available()) {
        char cmd = uart_read();
        switch(cmd) {
            case 'A': if(g_operating_mode!=0){g_operating_mode=0;g_mode_changed=1;buzzer_bips(1);control_motor_1(PARAR);control_motor_2(PARAR);} break;
            case 'M': if(g_operating_mode!=1){g_operating_mode=1;g_mode_changed=1;buzzer_bips(1);control_motor_1(PARAR);control_motor_2(PARAR);set_led_brightness(0);} break;
     cc6:	80 91 0a 01 	lds	r24, 0x010A	; 0x80010a <g_operating_mode>
     cca:	81 30       	cpi	r24, 0x01	; 1
     ccc:	c1 f1       	breq	.+112    	; 0xd3e <__stack+0x43f>
     cce:	81 e0       	ldi	r24, 0x01	; 1
     cd0:	80 93 0a 01 	sts	0x010A, r24	; 0x80010a <g_operating_mode>
     cd4:	80 93 01 01 	sts	0x0101, r24	; 0x800101 <g_mode_changed>
     cd8:	0e 94 4c 01 	call	0x298	; 0x298 <buzzer_bips(unsigned char)>
control_motor_1():
C:\Users\Utilizador\Desktop\RAFA\UNI\LABSI-LUMINOSIDADE\LABSI\PROG\PROGv2/PROGv2.ino:731
	// Interrupção de PC1 (botão touch)
	PCICR |= (1 << PCIE1);
	PCMSK1 |= (1 << PCINT9);
}
void control_motor_1(Servo_pos action) {
    g_motor1_action = action;
     cdc:	f0 92 05 01 	sts	0x0105, r15	; 0x800105 <g_motor1_action+0x1>
     ce0:	e0 92 04 01 	sts	0x0104, r14	; 0x800104 <g_motor1_action>
C:\Users\Utilizador\Desktop\RAFA\UNI\LABSI-LUMINOSIDADE\LABSI\PROG\PROGv2/PROGv2.ino:745
            break;
        case FECHAR:
            valor_pwm = 198;
            break;
    }
    OCR1B = valor_pwm;
     ce4:	10 93 8b 00 	sts	0x008B, r17	; 0x80008b <__DATA_REGION_ORIGIN__+0x2b>
     ce8:	00 93 8a 00 	sts	0x008A, r16	; 0x80008a <__DATA_REGION_ORIGIN__+0x2a>
control_motor_2():
C:\Users\Utilizador\Desktop\RAFA\UNI\LABSI-LUMINOSIDADE\LABSI\PROG\PROGv2/PROGv2.ino:748
}
void control_motor_2(Servo_pos action) {
    g_motor2_action = action;
     cec:	f0 92 03 01 	sts	0x0103, r15	; 0x800103 <g_motor2_action+0x1>
     cf0:	e0 92 02 01 	sts	0x0102, r14	; 0x800102 <g_motor2_action>
C:\Users\Utilizador\Desktop\RAFA\UNI\LABSI-LUMINOSIDADE\LABSI\PROG\PROGv2/PROGv2.ino:762
			break;
		case FECHAR:
			valor_pwm = 197;
			break;
	}
	OCR1A = valor_pwm;
     cf4:	10 93 89 00 	sts	0x0089, r17	; 0x800089 <__DATA_REGION_ORIGIN__+0x29>
     cf8:	00 93 88 00 	sts	0x0088, r16	; 0x800088 <__DATA_REGION_ORIGIN__+0x28>
set_led_brightness():
C:\Users\Utilizador\Desktop\RAFA\UNI\LABSI-LUMINOSIDADE\LABSI\PROG\PROGv2/PROGv2.ino:786
				}else set_led_brightness(0);
    }
}
void set_led_brightness(uint8_t brightness) {
    if (brightness > MAX_LED_PWM) brightness = MAX_LED_PWM;
    OCR2A = brightness;
     cfc:	10 92 b3 00 	sts	0x00B3, r1	; 0x8000b3 <__DATA_REGION_ORIGIN__+0x53>
C:\Users\Utilizador\Desktop\RAFA\UNI\LABSI-LUMINOSIDADE\LABSI\PROG\PROGv2/PROGv2.ino:787
    g_led_brightness = brightness;
     d00:	10 92 8b 04 	sts	0x048B, r1	; 0x80048b <g_led_brightness>
     d04:	1c c0       	rjmp	.+56     	; 0xd3e <__stack+0x43f>
check_uart_cmds():
C:\Users\Utilizador\Desktop\RAFA\UNI\LABSI-LUMINOSIDADE\LABSI\PROG\PROGv2/PROGv2.ino:317
    if (uart_available()) {
        char cmd = uart_read();
        switch(cmd) {
            case 'A': if(g_operating_mode!=0){g_operating_mode=0;g_mode_changed=1;buzzer_bips(1);control_motor_1(PARAR);control_motor_2(PARAR);} break;
            case 'M': if(g_operating_mode!=1){g_operating_mode=1;g_mode_changed=1;buzzer_bips(1);control_motor_1(PARAR);control_motor_2(PARAR);set_led_brightness(0);} break;
            case 'U': if(g_operating_mode==0){
     d06:	80 91 0a 01 	lds	r24, 0x010A	; 0x80010a <g_operating_mode>
     d0a:	81 11       	cpse	r24, r1
     d0c:	aa c0       	rjmp	.+340    	; 0xe62 <__stack+0x563>
C:\Users\Utilizador\Desktop\RAFA\UNI\LABSI-LUMINOSIDADE\LABSI\PROG\PROGv2/PROGv2.ino:318
							if(g_target_lux<LUX_MAX)g_target_lux+=LUX_STEP;
     d0e:	80 91 06 01 	lds	r24, 0x0106	; 0x800106 <g_target_lux>
     d12:	90 91 07 01 	lds	r25, 0x0107	; 0x800107 <g_target_lux+0x1>
     d16:	88 3e       	cpi	r24, 0xE8	; 232
     d18:	93 40       	sbci	r25, 0x03	; 3
     d1a:	48 f4       	brcc	.+18     	; 0xd2e <__stack+0x42f>
     d1c:	80 91 06 01 	lds	r24, 0x0106	; 0x800106 <g_target_lux>
     d20:	90 91 07 01 	lds	r25, 0x0107	; 0x800107 <g_target_lux+0x1>
     d24:	c2 96       	adiw	r24, 0x32	; 50
C:\Users\Utilizador\Desktop\RAFA\UNI\LABSI-LUMINOSIDADE\LABSI\PROG\PROGv2/PROGv2.ino:324
							g_last_setpoint_value=g_target_lux;
							}else{
								if(g_led_brightness<255)set_led_brightness(g_led_brightness+10);
								else set_led_brightness(255);}
								break;
            case 'D': if(g_operating_mode==0){if(g_target_lux>LUX_MIN)g_target_lux-=LUX_STEP;g_last_setpoint_value=g_target_lux;}else{if(g_led_brightness>25)set_led_brightness(g_led_brightness-10);else set_led_brightness(0);} break;
     d26:	90 93 07 01 	sts	0x0107, r25	; 0x800107 <g_target_lux+0x1>
     d2a:	80 93 06 01 	sts	0x0106, r24	; 0x800106 <g_target_lux>
     d2e:	80 91 06 01 	lds	r24, 0x0106	; 0x800106 <g_target_lux>
     d32:	90 91 07 01 	lds	r25, 0x0107	; 0x800107 <g_target_lux+0x1>
     d36:	90 93 09 01 	sts	0x0109, r25	; 0x800109 <g_last_setpoint_value+0x1>
     d3a:	80 93 08 01 	sts	0x0108, r24	; 0x800108 <g_last_setpoint_value>
main():
C:\Users\Utilizador\Desktop\RAFA\UNI\LABSI-LUMINOSIDADE\LABSI\PROG\PROGv2/PROGv2.ino:1042
            if (g_blind2_pos <= 0)                control_motor_2(PARAR);
            */
			// 2. Controlo dependendo do modo
			static uint8_t sonar_tick = 0;
            check_uart_cmds();
			if(g_operating_mode == MODE_AUTOMATIC) {
     d3e:	80 91 0a 01 	lds	r24, 0x010A	; 0x80010a <g_operating_mode>
     d42:	81 11       	cpse	r24, r1
     d44:	11 c2       	rjmp	.+1058   	; 0x1168 <__stack+0x869>
adjust_setpoint_control():
C:\Users\Utilizador\Desktop\RAFA\UNI\LABSI-LUMINOSIDADE\LABSI\PROG\PROGv2/PROGv2.ino:336
        }
    }
}
void adjust_setpoint_control(void) {
    // --- BOTÃO MAIS (UP) COM DEBOUNCE ---
    if (PIND & (1 << BOTAO_MAIS)) {
     d46:	4c 9b       	sbis	0x09, 4	; 9
     d48:	02 c1       	rjmp	.+516    	; 0xf4e <__stack+0x64f>
C:\Users\Utilizador\Desktop\RAFA\UNI\LABSI-LUMINOSIDADE\LABSI\PROG\PROGv2/PROGv2.ino:337
        if (g_up_debounce < DEBOUNCE_TICKS + 1) g_up_debounce++;
     d4a:	80 91 86 04 	lds	r24, 0x0486	; 0x800486 <g_up_debounce>
     d4e:	8b 30       	cpi	r24, 0x0B	; 11
     d50:	18 f4       	brcc	.+6      	; 0xd58 <__stack+0x459>
     d52:	8f 5f       	subi	r24, 0xFF	; 255
     d54:	80 93 86 04 	sts	0x0486, r24	; 0x800486 <g_up_debounce>
C:\Users\Utilizador\Desktop\RAFA\UNI\LABSI-LUMINOSIDADE\LABSI\PROG\PROGv2/PROGv2.ino:343
    } else {
        g_up_debounce = 0;
    }

    // Dispara ação APENAS quando atinge o limiar (Single Shot)
    if (g_up_debounce == DEBOUNCE_TICKS) {
     d58:	80 91 86 04 	lds	r24, 0x0486	; 0x800486 <g_up_debounce>
     d5c:	8a 30       	cpi	r24, 0x0A	; 10
     d5e:	f1 f4       	brne	.+60     	; 0xd9c <__stack+0x49d>
C:\Users\Utilizador\Desktop\RAFA\UNI\LABSI-LUMINOSIDADE\LABSI\PROG\PROGv2/PROGv2.ino:344
			g_up_debounce = DEBOUNCE_TICKS + 1;
     d60:	8b e0       	ldi	r24, 0x0B	; 11
     d62:	80 93 86 04 	sts	0x0486, r24	; 0x800486 <g_up_debounce>
C:\Users\Utilizador\Desktop\RAFA\UNI\LABSI-LUMINOSIDADE\LABSI\PROG\PROGv2/PROGv2.ino:345
        if (g_fix_state != 2) {
     d66:	80 91 a0 04 	lds	r24, 0x04A0	; 0x8004a0 <g_fix_state>
     d6a:	82 30       	cpi	r24, 0x02	; 2
     d6c:	b9 f0       	breq	.+46     	; 0xd9c <__stack+0x49d>
C:\Users\Utilizador\Desktop\RAFA\UNI\LABSI-LUMINOSIDADE\LABSI\PROG\PROGv2/PROGv2.ino:346
            if (g_last_setpoint_value < LUX_MAX) g_last_setpoint_value += LUX_STEP;
     d6e:	80 91 08 01 	lds	r24, 0x0108	; 0x800108 <g_last_setpoint_value>
     d72:	90 91 09 01 	lds	r25, 0x0109	; 0x800109 <g_last_setpoint_value+0x1>
     d76:	88 3e       	cpi	r24, 0xE8	; 232
     d78:	93 40       	sbci	r25, 0x03	; 3
     d7a:	48 f4       	brcc	.+18     	; 0xd8e <__stack+0x48f>
     d7c:	80 91 08 01 	lds	r24, 0x0108	; 0x800108 <g_last_setpoint_value>
     d80:	90 91 09 01 	lds	r25, 0x0109	; 0x800109 <g_last_setpoint_value+0x1>
     d84:	c2 96       	adiw	r24, 0x32	; 50
     d86:	90 93 09 01 	sts	0x0109, r25	; 0x800109 <g_last_setpoint_value+0x1>
     d8a:	80 93 08 01 	sts	0x0108, r24	; 0x800108 <g_last_setpoint_value>
C:\Users\Utilizador\Desktop\RAFA\UNI\LABSI-LUMINOSIDADE\LABSI\PROG\PROGv2/PROGv2.ino:347
            if (g_fix_state == 0) g_fix_state = 1; // Ativa modo de ajuste
     d8e:	80 91 a0 04 	lds	r24, 0x04A0	; 0x8004a0 <g_fix_state>
     d92:	81 11       	cpse	r24, r1
     d94:	03 c0       	rjmp	.+6      	; 0xd9c <__stack+0x49d>
     d96:	81 e0       	ldi	r24, 0x01	; 1
     d98:	80 93 a0 04 	sts	0x04A0, r24	; 0x8004a0 <g_fix_state>
C:\Users\Utilizador\Desktop\RAFA\UNI\LABSI-LUMINOSIDADE\LABSI\PROG\PROGv2/PROGv2.ino:352
        }
    }

    // --- BOTÃO MENOS (DOWN) COM DEBOUNCE ---
    if (PIND & (1 << BOTAO_MENOS)) {
     d9c:	4f 9b       	sbis	0x09, 7	; 9
     d9e:	da c0       	rjmp	.+436    	; 0xf54 <__stack+0x655>
C:\Users\Utilizador\Desktop\RAFA\UNI\LABSI-LUMINOSIDADE\LABSI\PROG\PROGv2/PROGv2.ino:353
        if (g_down_debounce < DEBOUNCE_TICKS + 1) g_down_debounce++;
     da0:	80 91 85 04 	lds	r24, 0x0485	; 0x800485 <g_down_debounce>
     da4:	8b 30       	cpi	r24, 0x0B	; 11
     da6:	18 f4       	brcc	.+6      	; 0xdae <__stack+0x4af>
     da8:	8f 5f       	subi	r24, 0xFF	; 255
     daa:	80 93 85 04 	sts	0x0485, r24	; 0x800485 <g_down_debounce>
C:\Users\Utilizador\Desktop\RAFA\UNI\LABSI-LUMINOSIDADE\LABSI\PROG\PROGv2/PROGv2.ino:358
    } else {
        g_down_debounce = 0;
    }

    if (g_down_debounce == DEBOUNCE_TICKS) {
     dae:	80 91 85 04 	lds	r24, 0x0485	; 0x800485 <g_down_debounce>
     db2:	8a 30       	cpi	r24, 0x0A	; 10
     db4:	e9 f4       	brne	.+58     	; 0xdf0 <__stack+0x4f1>
C:\Users\Utilizador\Desktop\RAFA\UNI\LABSI-LUMINOSIDADE\LABSI\PROG\PROGv2/PROGv2.ino:359
			g_down_debounce = DEBOUNCE_TICKS + 1;
     db6:	8b e0       	ldi	r24, 0x0B	; 11
     db8:	80 93 85 04 	sts	0x0485, r24	; 0x800485 <g_down_debounce>
C:\Users\Utilizador\Desktop\RAFA\UNI\LABSI-LUMINOSIDADE\LABSI\PROG\PROGv2/PROGv2.ino:360
        if (g_fix_state != 2) {
     dbc:	80 91 a0 04 	lds	r24, 0x04A0	; 0x8004a0 <g_fix_state>
     dc0:	82 30       	cpi	r24, 0x02	; 2
     dc2:	b1 f0       	breq	.+44     	; 0xdf0 <__stack+0x4f1>
C:\Users\Utilizador\Desktop\RAFA\UNI\LABSI-LUMINOSIDADE\LABSI\PROG\PROGv2/PROGv2.ino:361
            if (g_last_setpoint_value > LUX_MIN) g_last_setpoint_value -= LUX_STEP;
     dc4:	80 91 08 01 	lds	r24, 0x0108	; 0x800108 <g_last_setpoint_value>
     dc8:	90 91 09 01 	lds	r25, 0x0109	; 0x800109 <g_last_setpoint_value+0x1>
     dcc:	89 2b       	or	r24, r25
     dce:	49 f0       	breq	.+18     	; 0xde2 <__stack+0x4e3>
     dd0:	80 91 08 01 	lds	r24, 0x0108	; 0x800108 <g_last_setpoint_value>
     dd4:	90 91 09 01 	lds	r25, 0x0109	; 0x800109 <g_last_setpoint_value+0x1>
     dd8:	c2 97       	sbiw	r24, 0x32	; 50
     dda:	90 93 09 01 	sts	0x0109, r25	; 0x800109 <g_last_setpoint_value+0x1>
     dde:	80 93 08 01 	sts	0x0108, r24	; 0x800108 <g_last_setpoint_value>
C:\Users\Utilizador\Desktop\RAFA\UNI\LABSI-LUMINOSIDADE\LABSI\PROG\PROGv2/PROGv2.ino:362
            if (g_fix_state == 0) g_fix_state = 1;
     de2:	80 91 a0 04 	lds	r24, 0x04A0	; 0x8004a0 <g_fix_state>
     de6:	81 11       	cpse	r24, r1
     de8:	03 c0       	rjmp	.+6      	; 0xdf0 <__stack+0x4f1>
     dea:	81 e0       	ldi	r24, 0x01	; 1
     dec:	80 93 a0 04 	sts	0x04A0, r24	; 0x8004a0 <g_fix_state>
C:\Users\Utilizador\Desktop\RAFA\UNI\LABSI-LUMINOSIDADE\LABSI\PROG\PROGv2/PROGv2.ino:368
        }
    }

    // --- MÁQUINA DE ESTADOS DE FIXAÇÃO (2s) ---
    // Se estiver em ajuste (1) e soltar os botões -> Conta tempo (2)
    if (g_fix_state == 1) {
     df0:	80 91 a0 04 	lds	r24, 0x04A0	; 0x8004a0 <g_fix_state>
     df4:	81 30       	cpi	r24, 0x01	; 1
     df6:	09 f0       	breq	.+2      	; 0xdfa <__stack+0x4fb>
     df8:	b0 c0       	rjmp	.+352    	; 0xf5a <__stack+0x65b>
C:\Users\Utilizador\Desktop\RAFA\UNI\LABSI-LUMINOSIDADE\LABSI\PROG\PROGv2/PROGv2.ino:369
        if (!(PIND & (1 << BOTAO_MAIS)) && !(PIND & (1 << BOTAO_MENOS))) {
     dfa:	4c 99       	sbic	0x09, 4	; 9
     dfc:	0b c0       	rjmp	.+22     	; 0xe14 <__stack+0x515>
     dfe:	4f 99       	sbic	0x09, 7	; 9
     e00:	09 c0       	rjmp	.+18     	; 0xe14 <__stack+0x515>
C:\Users\Utilizador\Desktop\RAFA\UNI\LABSI-LUMINOSIDADE\LABSI\PROG\PROGv2/PROGv2.ino:370
            g_fix_timer = FIX_TIME_TICKS;
     e02:	88 ee       	ldi	r24, 0xE8	; 232
     e04:	93 e0       	ldi	r25, 0x03	; 3
     e06:	90 93 84 04 	sts	0x0484, r25	; 0x800484 <g_fix_timer+0x1>
     e0a:	80 93 83 04 	sts	0x0483, r24	; 0x800483 <g_fix_timer>
C:\Users\Utilizador\Desktop\RAFA\UNI\LABSI-LUMINOSIDADE\LABSI\PROG\PROGv2/PROGv2.ino:371
            g_fix_state = 2;
     e0e:	82 e0       	ldi	r24, 0x02	; 2
C:\Users\Utilizador\Desktop\RAFA\UNI\LABSI-LUMINOSIDADE\LABSI\PROG\PROGv2/PROGv2.ino:377
        }
    } 
    // Se estiver a contar (2) e carregar num botão -> Cancela contagem (1)
    else if (g_fix_state == 2) {
        if ((PIND & (1 << BOTAO_MAIS)) || (PIND & (1 << BOTAO_MENOS))) {
            g_fix_state = 1;
     e10:	80 93 a0 04 	sts	0x04A0, r24	; 0x8004a0 <g_fix_state>
servo_led_hybrid_control():
C:\Users\Utilizador\Desktop\RAFA\UNI\LABSI-LUMINOSIDADE\LABSI\PROG\PROGv2/PROGv2.ino:388
            g_fix_state = 0;
        }
    }
}	
void servo_led_hybrid_control(void) {
    int16_t error = (int16_t)g_target_lux - (int16_t)g_averaged_lux;
     e14:	20 91 06 01 	lds	r18, 0x0106	; 0x800106 <g_target_lux>
     e18:	30 91 07 01 	lds	r19, 0x0107	; 0x800107 <g_target_lux+0x1>
C:\Users\Utilizador\Desktop\RAFA\UNI\LABSI-LUMINOSIDADE\LABSI\PROG\PROGv2/PROGv2.ino:391
    static uint16_t led_timer = 0;

    if(g_sensor_count == 0 || g_init_state != 255) return;
     e1c:	80 91 8a 04 	lds	r24, 0x048A	; 0x80048a <g_sensor_count>
     e20:	88 23       	and	r24, r24
     e22:	09 f4       	brne	.+2      	; 0xe26 <__stack+0x527>
     e24:	23 cc       	rjmp	.-1978   	; 0x66c <main+0xe8>
     e26:	80 91 89 04 	lds	r24, 0x0489	; 0x800489 <g_init_state>
     e2a:	8f 3f       	cpi	r24, 0xFF	; 255
     e2c:	09 f0       	breq	.+2      	; 0xe30 <__stack+0x531>
     e2e:	1e cc       	rjmp	.-1988   	; 0x66c <main+0xe8>
C:\Users\Utilizador\Desktop\RAFA\UNI\LABSI-LUMINOSIDADE\LABSI\PROG\PROGv2/PROGv2.ino:388
            g_fix_state = 0;
        }
    }
}	
void servo_led_hybrid_control(void) {
    int16_t error = (int16_t)g_target_lux - (int16_t)g_averaged_lux;
     e30:	40 91 a1 04 	lds	r20, 0x04A1	; 0x8004a1 <g_averaged_lux>
     e34:	50 91 a2 04 	lds	r21, 0x04A2	; 0x8004a2 <g_averaged_lux+0x1>
C:\Users\Utilizador\Desktop\RAFA\UNI\LABSI-LUMINOSIDADE\LABSI\PROG\PROGv2/PROGv2.ino:394
    static uint16_t led_timer = 0;

    if(g_sensor_count == 0 || g_init_state != 255) return;

    // 1. LIMITES PRIMEIRO
    if (g_blind1_pos >= BLIND1_MAX_TICKS) control_motor_1(PARAR);
     e38:	20 90 98 04 	lds	r2, 0x0498	; 0x800498 <g_blind1_pos>
     e3c:	30 90 99 04 	lds	r3, 0x0499	; 0x800499 <g_blind1_pos+0x1>
     e40:	40 90 9a 04 	lds	r4, 0x049A	; 0x80049a <g_blind1_pos+0x2>
     e44:	50 90 9b 04 	lds	r5, 0x049B	; 0x80049b <g_blind1_pos+0x3>
     e48:	90 e6       	ldi	r25, 0x60	; 96
     e4a:	29 16       	cp	r2, r25
     e4c:	9a ee       	ldi	r25, 0xEA	; 234
     e4e:	39 06       	cpc	r3, r25
     e50:	41 04       	cpc	r4, r1
     e52:	51 04       	cpc	r5, r1
     e54:	0c f4       	brge	.+2      	; 0xe58 <__stack+0x559>
     e56:	a1 c0       	rjmp	.+322    	; 0xf9a <__stack+0x69b>
control_motor_1():
C:\Users\Utilizador\Desktop\RAFA\UNI\LABSI-LUMINOSIDADE\LABSI\PROG\PROGv2/PROGv2.ino:745
            break;
        case FECHAR:
            valor_pwm = 198;
            break;
    }
    OCR1B = valor_pwm;
     e58:	10 93 8b 00 	sts	0x008B, r17	; 0x80008b <__DATA_REGION_ORIGIN__+0x2b>
     e5c:	00 93 8a 00 	sts	0x008A, r16	; 0x80008a <__DATA_REGION_ORIGIN__+0x2a>
     e60:	a2 c0       	rjmp	.+324    	; 0xfa6 <__stack+0x6a7>
check_uart_cmds():
C:\Users\Utilizador\Desktop\RAFA\UNI\LABSI-LUMINOSIDADE\LABSI\PROG\PROGv2/PROGv2.ino:321
            case 'M': if(g_operating_mode!=1){g_operating_mode=1;g_mode_changed=1;buzzer_bips(1);control_motor_1(PARAR);control_motor_2(PARAR);set_led_brightness(0);} break;
            case 'U': if(g_operating_mode==0){
							if(g_target_lux<LUX_MAX)g_target_lux+=LUX_STEP;
							g_last_setpoint_value=g_target_lux;
							}else{
								if(g_led_brightness<255)set_led_brightness(g_led_brightness+10);
     e62:	80 91 8b 04 	lds	r24, 0x048B	; 0x80048b <g_led_brightness>
     e66:	8f 3f       	cpi	r24, 0xFF	; 255
     e68:	09 f0       	breq	.+2      	; 0xe6c <__stack+0x56d>
     e6a:	86 5f       	subi	r24, 0xF6	; 246
set_led_brightness():
C:\Users\Utilizador\Desktop\RAFA\UNI\LABSI-LUMINOSIDADE\LABSI\PROG\PROGv2/PROGv2.ino:786
				}else set_led_brightness(0);
    }
}
void set_led_brightness(uint8_t brightness) {
    if (brightness > MAX_LED_PWM) brightness = MAX_LED_PWM;
    OCR2A = brightness;
     e6c:	80 93 b3 00 	sts	0x00B3, r24	; 0x8000b3 <__DATA_REGION_ORIGIN__+0x53>
C:\Users\Utilizador\Desktop\RAFA\UNI\LABSI-LUMINOSIDADE\LABSI\PROG\PROGv2/PROGv2.ino:787
    g_led_brightness = brightness;
     e70:	80 93 8b 04 	sts	0x048B, r24	; 0x80048b <g_led_brightness>
     e74:	64 cf       	rjmp	.-312    	; 0xd3e <__stack+0x43f>
check_uart_cmds():
C:\Users\Utilizador\Desktop\RAFA\UNI\LABSI-LUMINOSIDADE\LABSI\PROG\PROGv2/PROGv2.ino:324
							g_last_setpoint_value=g_target_lux;
							}else{
								if(g_led_brightness<255)set_led_brightness(g_led_brightness+10);
								else set_led_brightness(255);}
								break;
            case 'D': if(g_operating_mode==0){if(g_target_lux>LUX_MIN)g_target_lux-=LUX_STEP;g_last_setpoint_value=g_target_lux;}else{if(g_led_brightness>25)set_led_brightness(g_led_brightness-10);else set_led_brightness(0);} break;
     e76:	80 91 0a 01 	lds	r24, 0x010A	; 0x80010a <g_operating_mode>
     e7a:	81 11       	cpse	r24, r1
     e7c:	0d c0       	rjmp	.+26     	; 0xe98 <__stack+0x599>
     e7e:	80 91 06 01 	lds	r24, 0x0106	; 0x800106 <g_target_lux>
     e82:	90 91 07 01 	lds	r25, 0x0107	; 0x800107 <g_target_lux+0x1>
     e86:	89 2b       	or	r24, r25
     e88:	09 f4       	brne	.+2      	; 0xe8c <__stack+0x58d>
     e8a:	51 cf       	rjmp	.-350    	; 0xd2e <__stack+0x42f>
     e8c:	80 91 06 01 	lds	r24, 0x0106	; 0x800106 <g_target_lux>
     e90:	90 91 07 01 	lds	r25, 0x0107	; 0x800107 <g_target_lux+0x1>
     e94:	c2 97       	sbiw	r24, 0x32	; 50
     e96:	47 cf       	rjmp	.-370    	; 0xd26 <__stack+0x427>
     e98:	80 91 8b 04 	lds	r24, 0x048B	; 0x80048b <g_led_brightness>
     e9c:	8a 31       	cpi	r24, 0x1A	; 26
     e9e:	08 f4       	brcc	.+2      	; 0xea2 <__stack+0x5a3>
     ea0:	2d cf       	rjmp	.-422    	; 0xcfc <__stack+0x3fd>
     ea2:	8a 50       	subi	r24, 0x0A	; 10
     ea4:	e3 cf       	rjmp	.-58     	; 0xe6c <__stack+0x56d>
C:\Users\Utilizador\Desktop\RAFA\UNI\LABSI-LUMINOSIDADE\LABSI\PROG\PROGv2/PROGv2.ino:325
            case 'O': if(g_operating_mode==1)control_motor_1(ABRIR); break;
     ea6:	80 91 0a 01 	lds	r24, 0x010A	; 0x80010a <g_operating_mode>
     eaa:	81 30       	cpi	r24, 0x01	; 1
     eac:	09 f0       	breq	.+2      	; 0xeb0 <__stack+0x5b1>
     eae:	47 cf       	rjmp	.-370    	; 0xd3e <__stack+0x43f>
control_motor_1():
C:\Users\Utilizador\Desktop\RAFA\UNI\LABSI-LUMINOSIDADE\LABSI\PROG\PROGv2/PROGv2.ino:731
	// Interrupção de PC1 (botão touch)
	PCICR |= (1 << PCIE1);
	PCMSK1 |= (1 << PCINT9);
}
void control_motor_1(Servo_pos action) {
    g_motor1_action = action;
     eb0:	90 92 05 01 	sts	0x0105, r9	; 0x800105 <g_motor1_action+0x1>
     eb4:	80 92 04 01 	sts	0x0104, r8	; 0x800104 <g_motor1_action>
C:\Users\Utilizador\Desktop\RAFA\UNI\LABSI-LUMINOSIDADE\LABSI\PROG\PROGv2/PROGv2.ino:745
            break;
        case FECHAR:
            valor_pwm = 198;
            break;
    }
    OCR1B = valor_pwm;
     eb8:	8f ea       	ldi	r24, 0xAF	; 175
     eba:	90 e0       	ldi	r25, 0x00	; 0
     ebc:	90 93 8b 00 	sts	0x008B, r25	; 0x80008b <__DATA_REGION_ORIGIN__+0x2b>
     ec0:	80 93 8a 00 	sts	0x008A, r24	; 0x80008a <__DATA_REGION_ORIGIN__+0x2a>
     ec4:	3c cf       	rjmp	.-392    	; 0xd3e <__stack+0x43f>
check_uart_cmds():
C:\Users\Utilizador\Desktop\RAFA\UNI\LABSI-LUMINOSIDADE\LABSI\PROG\PROGv2/PROGv2.ino:326
								if(g_led_brightness<255)set_led_brightness(g_led_brightness+10);
								else set_led_brightness(255);}
								break;
            case 'D': if(g_operating_mode==0){if(g_target_lux>LUX_MIN)g_target_lux-=LUX_STEP;g_last_setpoint_value=g_target_lux;}else{if(g_led_brightness>25)set_led_brightness(g_led_brightness-10);else set_led_brightness(0);} break;
            case 'O': if(g_operating_mode==1)control_motor_1(ABRIR); break;
            case 'C': if(g_operating_mode==1)control_motor_1(FECHAR); break;
     ec6:	80 91 0a 01 	lds	r24, 0x010A	; 0x80010a <g_operating_mode>
     eca:	81 30       	cpi	r24, 0x01	; 1
     ecc:	09 f0       	breq	.+2      	; 0xed0 <__stack+0x5d1>
     ece:	37 cf       	rjmp	.-402    	; 0xd3e <__stack+0x43f>
control_motor_1():
C:\Users\Utilizador\Desktop\RAFA\UNI\LABSI-LUMINOSIDADE\LABSI\PROG\PROGv2/PROGv2.ino:731
	// Interrupção de PC1 (botão touch)
	PCICR |= (1 << PCIE1);
	PCMSK1 |= (1 << PCINT9);
}
void control_motor_1(Servo_pos action) {
    g_motor1_action = action;
     ed0:	10 92 05 01 	sts	0x0105, r1	; 0x800105 <g_motor1_action+0x1>
     ed4:	10 92 04 01 	sts	0x0104, r1	; 0x800104 <g_motor1_action>
C:\Users\Utilizador\Desktop\RAFA\UNI\LABSI-LUMINOSIDADE\LABSI\PROG\PROGv2/PROGv2.ino:745
            break;
        case FECHAR:
            valor_pwm = 198;
            break;
    }
    OCR1B = valor_pwm;
     ed8:	26 ec       	ldi	r18, 0xC6	; 198
     eda:	30 e0       	ldi	r19, 0x00	; 0
     edc:	30 93 8b 00 	sts	0x008B, r19	; 0x80008b <__DATA_REGION_ORIGIN__+0x2b>
     ee0:	20 93 8a 00 	sts	0x008A, r18	; 0x80008a <__DATA_REGION_ORIGIN__+0x2a>
     ee4:	2c cf       	rjmp	.-424    	; 0xd3e <__stack+0x43f>
check_uart_cmds():
C:\Users\Utilizador\Desktop\RAFA\UNI\LABSI-LUMINOSIDADE\LABSI\PROG\PROGv2/PROGv2.ino:327
								else set_led_brightness(255);}
								break;
            case 'D': if(g_operating_mode==0){if(g_target_lux>LUX_MIN)g_target_lux-=LUX_STEP;g_last_setpoint_value=g_target_lux;}else{if(g_led_brightness>25)set_led_brightness(g_led_brightness-10);else set_led_brightness(0);} break;
            case 'O': if(g_operating_mode==1)control_motor_1(ABRIR); break;
            case 'C': if(g_operating_mode==1)control_motor_1(FECHAR); break;
            case 'S': if(g_operating_mode==1)control_motor_1(PARAR); break;
     ee6:	80 91 0a 01 	lds	r24, 0x010A	; 0x80010a <g_operating_mode>
     eea:	81 30       	cpi	r24, 0x01	; 1
     eec:	09 f0       	breq	.+2      	; 0xef0 <__stack+0x5f1>
     eee:	27 cf       	rjmp	.-434    	; 0xd3e <__stack+0x43f>
control_motor_1():
C:\Users\Utilizador\Desktop\RAFA\UNI\LABSI-LUMINOSIDADE\LABSI\PROG\PROGv2/PROGv2.ino:731
	// Interrupção de PC1 (botão touch)
	PCICR |= (1 << PCIE1);
	PCMSK1 |= (1 << PCINT9);
}
void control_motor_1(Servo_pos action) {
    g_motor1_action = action;
     ef0:	f0 92 05 01 	sts	0x0105, r15	; 0x800105 <g_motor1_action+0x1>
     ef4:	e0 92 04 01 	sts	0x0104, r14	; 0x800104 <g_motor1_action>
C:\Users\Utilizador\Desktop\RAFA\UNI\LABSI-LUMINOSIDADE\LABSI\PROG\PROGv2/PROGv2.ino:745
            break;
        case FECHAR:
            valor_pwm = 198;
            break;
    }
    OCR1B = valor_pwm;
     ef8:	10 93 8b 00 	sts	0x008B, r17	; 0x80008b <__DATA_REGION_ORIGIN__+0x2b>
     efc:	00 93 8a 00 	sts	0x008A, r16	; 0x80008a <__DATA_REGION_ORIGIN__+0x2a>
     f00:	1e cf       	rjmp	.-452    	; 0xd3e <__stack+0x43f>
check_uart_cmds():
C:\Users\Utilizador\Desktop\RAFA\UNI\LABSI-LUMINOSIDADE\LABSI\PROG\PROGv2/PROGv2.ino:328
								break;
            case 'D': if(g_operating_mode==0){if(g_target_lux>LUX_MIN)g_target_lux-=LUX_STEP;g_last_setpoint_value=g_target_lux;}else{if(g_led_brightness>25)set_led_brightness(g_led_brightness-10);else set_led_brightness(0);} break;
            case 'O': if(g_operating_mode==1)control_motor_1(ABRIR); break;
            case 'C': if(g_operating_mode==1)control_motor_1(FECHAR); break;
            case 'S': if(g_operating_mode==1)control_motor_1(PARAR); break;
			case 'X': if(g_operating_mode==1)control_motor_2(ABRIR); break;
     f02:	80 91 0a 01 	lds	r24, 0x010A	; 0x80010a <g_operating_mode>
     f06:	81 30       	cpi	r24, 0x01	; 1
     f08:	09 f0       	breq	.+2      	; 0xf0c <__stack+0x60d>
     f0a:	19 cf       	rjmp	.-462    	; 0xd3e <__stack+0x43f>
control_motor_2():
C:\Users\Utilizador\Desktop\RAFA\UNI\LABSI-LUMINOSIDADE\LABSI\PROG\PROGv2/PROGv2.ino:748
            break;
    }
    OCR1B = valor_pwm;
}
void control_motor_2(Servo_pos action) {
    g_motor2_action = action;
     f0c:	90 92 03 01 	sts	0x0103, r9	; 0x800103 <g_motor2_action+0x1>
     f10:	80 92 02 01 	sts	0x0102, r8	; 0x800102 <g_motor2_action>
C:\Users\Utilizador\Desktop\RAFA\UNI\LABSI-LUMINOSIDADE\LABSI\PROG\PROGv2/PROGv2.ino:762
			break;
		case FECHAR:
			valor_pwm = 197;
			break;
	}
	OCR1A = valor_pwm;
     f14:	89 ea       	ldi	r24, 0xA9	; 169
     f16:	90 e0       	ldi	r25, 0x00	; 0
     f18:	90 93 89 00 	sts	0x0089, r25	; 0x800089 <__DATA_REGION_ORIGIN__+0x29>
     f1c:	80 93 88 00 	sts	0x0088, r24	; 0x800088 <__DATA_REGION_ORIGIN__+0x28>
     f20:	0e cf       	rjmp	.-484    	; 0xd3e <__stack+0x43f>
check_uart_cmds():
C:\Users\Utilizador\Desktop\RAFA\UNI\LABSI-LUMINOSIDADE\LABSI\PROG\PROGv2/PROGv2.ino:329
            case 'D': if(g_operating_mode==0){if(g_target_lux>LUX_MIN)g_target_lux-=LUX_STEP;g_last_setpoint_value=g_target_lux;}else{if(g_led_brightness>25)set_led_brightness(g_led_brightness-10);else set_led_brightness(0);} break;
            case 'O': if(g_operating_mode==1)control_motor_1(ABRIR); break;
            case 'C': if(g_operating_mode==1)control_motor_1(FECHAR); break;
            case 'S': if(g_operating_mode==1)control_motor_1(PARAR); break;
			case 'X': if(g_operating_mode==1)control_motor_2(ABRIR); break;
            case 'F': if(g_operating_mode==1)control_motor_2(FECHAR); break;
     f22:	80 91 0a 01 	lds	r24, 0x010A	; 0x80010a <g_operating_mode>
     f26:	81 30       	cpi	r24, 0x01	; 1
     f28:	09 f0       	breq	.+2      	; 0xf2c <__stack+0x62d>
     f2a:	09 cf       	rjmp	.-494    	; 0xd3e <__stack+0x43f>
control_motor_2():
C:\Users\Utilizador\Desktop\RAFA\UNI\LABSI-LUMINOSIDADE\LABSI\PROG\PROGv2/PROGv2.ino:748
            break;
    }
    OCR1B = valor_pwm;
}
void control_motor_2(Servo_pos action) {
    g_motor2_action = action;
     f2c:	10 92 03 01 	sts	0x0103, r1	; 0x800103 <g_motor2_action+0x1>
     f30:	10 92 02 01 	sts	0x0102, r1	; 0x800102 <g_motor2_action>
C:\Users\Utilizador\Desktop\RAFA\UNI\LABSI-LUMINOSIDADE\LABSI\PROG\PROGv2/PROGv2.ino:762
			break;
		case FECHAR:
			valor_pwm = 197;
			break;
	}
	OCR1A = valor_pwm;
     f34:	25 ec       	ldi	r18, 0xC5	; 197
     f36:	30 e0       	ldi	r19, 0x00	; 0
     f38:	30 93 89 00 	sts	0x0089, r19	; 0x800089 <__DATA_REGION_ORIGIN__+0x29>
     f3c:	20 93 88 00 	sts	0x0088, r18	; 0x800088 <__DATA_REGION_ORIGIN__+0x28>
     f40:	fe ce       	rjmp	.-516    	; 0xd3e <__stack+0x43f>
check_uart_cmds():
C:\Users\Utilizador\Desktop\RAFA\UNI\LABSI-LUMINOSIDADE\LABSI\PROG\PROGv2/PROGv2.ino:330
            case 'O': if(g_operating_mode==1)control_motor_1(ABRIR); break;
            case 'C': if(g_operating_mode==1)control_motor_1(FECHAR); break;
            case 'S': if(g_operating_mode==1)control_motor_1(PARAR); break;
			case 'X': if(g_operating_mode==1)control_motor_2(ABRIR); break;
            case 'F': if(g_operating_mode==1)control_motor_2(FECHAR); break;
            case 'P': if(g_operating_mode==1)control_motor_2(PARAR); break;
     f42:	80 91 0a 01 	lds	r24, 0x010A	; 0x80010a <g_operating_mode>
     f46:	81 30       	cpi	r24, 0x01	; 1
     f48:	09 f0       	breq	.+2      	; 0xf4c <__stack+0x64d>
     f4a:	f9 ce       	rjmp	.-526    	; 0xd3e <__stack+0x43f>
     f4c:	b3 ce       	rjmp	.-666    	; 0xcb4 <__stack+0x3b5>
adjust_setpoint_control():
C:\Users\Utilizador\Desktop\RAFA\UNI\LABSI-LUMINOSIDADE\LABSI\PROG\PROGv2/PROGv2.ino:339
void adjust_setpoint_control(void) {
    // --- BOTÃO MAIS (UP) COM DEBOUNCE ---
    if (PIND & (1 << BOTAO_MAIS)) {
        if (g_up_debounce < DEBOUNCE_TICKS + 1) g_up_debounce++;
    } else {
        g_up_debounce = 0;
     f4e:	10 92 86 04 	sts	0x0486, r1	; 0x800486 <g_up_debounce>
     f52:	02 cf       	rjmp	.-508    	; 0xd58 <__stack+0x459>
C:\Users\Utilizador\Desktop\RAFA\UNI\LABSI-LUMINOSIDADE\LABSI\PROG\PROGv2/PROGv2.ino:355

    // --- BOTÃO MENOS (DOWN) COM DEBOUNCE ---
    if (PIND & (1 << BOTAO_MENOS)) {
        if (g_down_debounce < DEBOUNCE_TICKS + 1) g_down_debounce++;
    } else {
        g_down_debounce = 0;
     f54:	10 92 85 04 	sts	0x0485, r1	; 0x800485 <g_down_debounce>
     f58:	2a cf       	rjmp	.-428    	; 0xdae <__stack+0x4af>
C:\Users\Utilizador\Desktop\RAFA\UNI\LABSI-LUMINOSIDADE\LABSI\PROG\PROGv2/PROGv2.ino:375
            g_fix_timer = FIX_TIME_TICKS;
            g_fix_state = 2;
        }
    } 
    // Se estiver a contar (2) e carregar num botão -> Cancela contagem (1)
    else if (g_fix_state == 2) {
     f5a:	80 91 a0 04 	lds	r24, 0x04A0	; 0x8004a0 <g_fix_state>
     f5e:	82 30       	cpi	r24, 0x02	; 2
     f60:	09 f0       	breq	.+2      	; 0xf64 <__stack+0x665>
     f62:	58 cf       	rjmp	.-336    	; 0xe14 <__stack+0x515>
C:\Users\Utilizador\Desktop\RAFA\UNI\LABSI-LUMINOSIDADE\LABSI\PROG\PROGv2/PROGv2.ino:376
        if ((PIND & (1 << BOTAO_MAIS)) || (PIND & (1 << BOTAO_MENOS))) {
     f64:	4c 99       	sbic	0x09, 4	; 9
     f66:	17 c0       	rjmp	.+46     	; 0xf96 <__stack+0x697>
     f68:	4f 99       	sbic	0x09, 7	; 9
     f6a:	15 c0       	rjmp	.+42     	; 0xf96 <__stack+0x697>
C:\Users\Utilizador\Desktop\RAFA\UNI\LABSI-LUMINOSIDADE\LABSI\PROG\PROGv2/PROGv2.ino:379
            g_fix_state = 1;
						return;
        } else if (g_fix_timer == 0) {
     f6c:	80 91 83 04 	lds	r24, 0x0483	; 0x800483 <g_fix_timer>
     f70:	90 91 84 04 	lds	r25, 0x0484	; 0x800484 <g_fix_timer+0x1>
     f74:	89 2b       	or	r24, r25
     f76:	09 f0       	breq	.+2      	; 0xf7a <__stack+0x67b>
     f78:	4d cf       	rjmp	.-358    	; 0xe14 <__stack+0x515>
C:\Users\Utilizador\Desktop\RAFA\UNI\LABSI-LUMINOSIDADE\LABSI\PROG\PROGv2/PROGv2.ino:381
            // Tempo acabou: Fixa valor
            g_target_lux = g_last_setpoint_value;
     f7a:	80 91 08 01 	lds	r24, 0x0108	; 0x800108 <g_last_setpoint_value>
     f7e:	90 91 09 01 	lds	r25, 0x0109	; 0x800109 <g_last_setpoint_value+0x1>
     f82:	90 93 07 01 	sts	0x0107, r25	; 0x800107 <g_target_lux+0x1>
     f86:	80 93 06 01 	sts	0x0106, r24	; 0x800106 <g_target_lux>
C:\Users\Utilizador\Desktop\RAFA\UNI\LABSI-LUMINOSIDADE\LABSI\PROG\PROGv2/PROGv2.ino:382
            buzzer_bips(2);
     f8a:	82 e0       	ldi	r24, 0x02	; 2
     f8c:	0e 94 4c 01 	call	0x298	; 0x298 <buzzer_bips(unsigned char)>
C:\Users\Utilizador\Desktop\RAFA\UNI\LABSI-LUMINOSIDADE\LABSI\PROG\PROGv2/PROGv2.ino:383
            g_fix_state = 0;
     f90:	10 92 a0 04 	sts	0x04A0, r1	; 0x8004a0 <g_fix_state>
     f94:	3f cf       	rjmp	.-386    	; 0xe14 <__stack+0x515>
C:\Users\Utilizador\Desktop\RAFA\UNI\LABSI-LUMINOSIDADE\LABSI\PROG\PROGv2/PROGv2.ino:377
        }
    } 
    // Se estiver a contar (2) e carregar num botão -> Cancela contagem (1)
    else if (g_fix_state == 2) {
        if ((PIND & (1 << BOTAO_MAIS)) || (PIND & (1 << BOTAO_MENOS))) {
            g_fix_state = 1;
     f96:	81 e0       	ldi	r24, 0x01	; 1
     f98:	3b cf       	rjmp	.-394    	; 0xe10 <__stack+0x511>
servo_led_hybrid_control():
C:\Users\Utilizador\Desktop\RAFA\UNI\LABSI-LUMINOSIDADE\LABSI\PROG\PROGv2/PROGv2.ino:395

    if(g_sensor_count == 0 || g_init_state != 255) return;

    // 1. LIMITES PRIMEIRO
    if (g_blind1_pos >= BLIND1_MAX_TICKS) control_motor_1(PARAR);
    if (g_blind1_pos <= 0)                control_motor_1(PARAR);
     f9a:	12 14       	cp	r1, r2
     f9c:	13 04       	cpc	r1, r3
     f9e:	14 04       	cpc	r1, r4
     fa0:	15 04       	cpc	r1, r5
     fa2:	0c f0       	brlt	.+2      	; 0xfa6 <__stack+0x6a7>
     fa4:	59 cf       	rjmp	.-334    	; 0xe58 <__stack+0x559>
C:\Users\Utilizador\Desktop\RAFA\UNI\LABSI-LUMINOSIDADE\LABSI\PROG\PROGv2/PROGv2.ino:396
    if (g_blind2_pos >= BLIND2_MAX_TICKS) control_motor_2(PARAR);
     fa6:	80 91 9c 04 	lds	r24, 0x049C	; 0x80049c <g_blind2_pos>
     faa:	90 91 9d 04 	lds	r25, 0x049D	; 0x80049d <g_blind2_pos+0x1>
     fae:	a0 91 9e 04 	lds	r26, 0x049E	; 0x80049e <g_blind2_pos+0x2>
     fb2:	b0 91 9f 04 	lds	r27, 0x049F	; 0x80049f <g_blind2_pos+0x3>
     fb6:	80 36       	cpi	r24, 0x60	; 96
     fb8:	6a ee       	ldi	r22, 0xEA	; 234
     fba:	96 07       	cpc	r25, r22
     fbc:	a1 05       	cpc	r26, r1
     fbe:	b1 05       	cpc	r27, r1
     fc0:	2c f0       	brlt	.+10     	; 0xfcc <__stack+0x6cd>
control_motor_2():
C:\Users\Utilizador\Desktop\RAFA\UNI\LABSI-LUMINOSIDADE\LABSI\PROG\PROGv2/PROGv2.ino:762
			break;
		case FECHAR:
			valor_pwm = 197;
			break;
	}
	OCR1A = valor_pwm;
     fc2:	10 93 89 00 	sts	0x0089, r17	; 0x800089 <__DATA_REGION_ORIGIN__+0x29>
     fc6:	00 93 88 00 	sts	0x0088, r16	; 0x800088 <__DATA_REGION_ORIGIN__+0x28>
     fca:	05 c0       	rjmp	.+10     	; 0xfd6 <__stack+0x6d7>
servo_led_hybrid_control():
C:\Users\Utilizador\Desktop\RAFA\UNI\LABSI-LUMINOSIDADE\LABSI\PROG\PROGv2/PROGv2.ino:397

    // 1. LIMITES PRIMEIRO
    if (g_blind1_pos >= BLIND1_MAX_TICKS) control_motor_1(PARAR);
    if (g_blind1_pos <= 0)                control_motor_1(PARAR);
    if (g_blind2_pos >= BLIND2_MAX_TICKS) control_motor_2(PARAR);
    if (g_blind2_pos <= 0)                control_motor_2(PARAR);
     fcc:	18 16       	cp	r1, r24
     fce:	19 06       	cpc	r1, r25
     fd0:	1a 06       	cpc	r1, r26
     fd2:	1b 06       	cpc	r1, r27
     fd4:	b4 f7       	brge	.-20     	; 0xfc2 <__stack+0x6c3>
C:\Users\Utilizador\Desktop\RAFA\UNI\LABSI-LUMINOSIDADE\LABSI\PROG\PROGv2/PROGv2.ino:388
            g_fix_state = 0;
        }
    }
}	
void servo_led_hybrid_control(void) {
    int16_t error = (int16_t)g_target_lux - (int16_t)g_averaged_lux;
     fd6:	24 1b       	sub	r18, r20
     fd8:	35 0b       	sbc	r19, r21
C:\Users\Utilizador\Desktop\RAFA\UNI\LABSI-LUMINOSIDADE\LABSI\PROG\PROGv2/PROGv2.ino:400
    if (g_blind1_pos <= 0)                control_motor_1(PARAR);
    if (g_blind2_pos >= BLIND2_MAX_TICKS) control_motor_2(PARAR);
    if (g_blind2_pos <= 0)                control_motor_2(PARAR);

    // 2. Se estamos dentro da banda → parar tudo
    if (abs(error) <= LUX_BAND_ERROR) {
     fda:	a9 01       	movw	r20, r18
     fdc:	48 5d       	subi	r20, 0xD8	; 216
     fde:	5f 4f       	sbci	r21, 0xFF	; 255
     fe0:	41 35       	cpi	r20, 0x51	; 81
     fe2:	51 05       	cpc	r21, r1
     fe4:	48 f4       	brcc	.+18     	; 0xff8 <__stack+0x6f9>
control_motor_1():
C:\Users\Utilizador\Desktop\RAFA\UNI\LABSI-LUMINOSIDADE\LABSI\PROG\PROGv2/PROGv2.ino:731
	// Interrupção de PC1 (botão touch)
	PCICR |= (1 << PCIE1);
	PCMSK1 |= (1 << PCINT9);
}
void control_motor_1(Servo_pos action) {
    g_motor1_action = action;
     fe6:	f0 92 05 01 	sts	0x0105, r15	; 0x800105 <g_motor1_action+0x1>
     fea:	e0 92 04 01 	sts	0x0104, r14	; 0x800104 <g_motor1_action>
C:\Users\Utilizador\Desktop\RAFA\UNI\LABSI-LUMINOSIDADE\LABSI\PROG\PROGv2/PROGv2.ino:745
            break;
        case FECHAR:
            valor_pwm = 198;
            break;
    }
    OCR1B = valor_pwm;
     fee:	10 93 8b 00 	sts	0x008B, r17	; 0x80008b <__DATA_REGION_ORIGIN__+0x2b>
     ff2:	00 93 8a 00 	sts	0x008A, r16	; 0x80008a <__DATA_REGION_ORIGIN__+0x2a>
     ff6:	96 c0       	rjmp	.+300    	; 0x1124 <__stack+0x825>
servo_led_hybrid_control():
C:\Users\Utilizador\Desktop\RAFA\UNI\LABSI-LUMINOSIDADE\LABSI\PROG\PROGv2/PROGv2.ino:407
        control_motor_2(PARAR);
        return;
    }

    // 3. FALTA LUZ → abrir
    if (error > LUX_BAND_ERROR) {
     ff8:	29 32       	cpi	r18, 0x29	; 41
     ffa:	31 05       	cpc	r19, r1
     ffc:	0c f4       	brge	.+2      	; 0x1000 <__stack+0x701>
     ffe:	5a c0       	rjmp	.+180    	; 0x10b4 <__stack+0x7b5>
C:\Users\Utilizador\Desktop\RAFA\UNI\LABSI-LUMINOSIDADE\LABSI\PROG\PROGv2/PROGv2.ino:409

        if (g_blind1_pos < BLIND1_MAX_TICKS) {
    1000:	20 e6       	ldi	r18, 0x60	; 96
    1002:	22 16       	cp	r2, r18
    1004:	2a ee       	ldi	r18, 0xEA	; 234
    1006:	32 06       	cpc	r3, r18
    1008:	41 04       	cpc	r4, r1
    100a:	51 04       	cpc	r5, r1
    100c:	bc f4       	brge	.+46     	; 0x103c <__stack+0x73d>
control_motor_1():
C:\Users\Utilizador\Desktop\RAFA\UNI\LABSI-LUMINOSIDADE\LABSI\PROG\PROGv2/PROGv2.ino:731
	// Interrupção de PC1 (botão touch)
	PCICR |= (1 << PCIE1);
	PCMSK1 |= (1 << PCINT9);
}
void control_motor_1(Servo_pos action) {
    g_motor1_action = action;
    100e:	90 92 05 01 	sts	0x0105, r9	; 0x800105 <g_motor1_action+0x1>
    1012:	80 92 04 01 	sts	0x0104, r8	; 0x800104 <g_motor1_action>
C:\Users\Utilizador\Desktop\RAFA\UNI\LABSI-LUMINOSIDADE\LABSI\PROG\PROGv2/PROGv2.ino:745
            break;
        case FECHAR:
            valor_pwm = 198;
            break;
    }
    OCR1B = valor_pwm;
    1016:	8f ea       	ldi	r24, 0xAF	; 175
    1018:	90 e0       	ldi	r25, 0x00	; 0
    101a:	90 93 8b 00 	sts	0x008B, r25	; 0x80008b <__DATA_REGION_ORIGIN__+0x2b>
    101e:	80 93 8a 00 	sts	0x008A, r24	; 0x80008a <__DATA_REGION_ORIGIN__+0x2a>
control_motor_2():
C:\Users\Utilizador\Desktop\RAFA\UNI\LABSI-LUMINOSIDADE\LABSI\PROG\PROGv2/PROGv2.ino:748
}
void control_motor_2(Servo_pos action) {
    g_motor2_action = action;
    1022:	f0 92 03 01 	sts	0x0103, r15	; 0x800103 <g_motor2_action+0x1>
    1026:	e0 92 02 01 	sts	0x0102, r14	; 0x800102 <g_motor2_action>
C:\Users\Utilizador\Desktop\RAFA\UNI\LABSI-LUMINOSIDADE\LABSI\PROG\PROGv2/PROGv2.ino:762
			break;
		case FECHAR:
			valor_pwm = 197;
			break;
	}
	OCR1A = valor_pwm;
    102a:	10 93 89 00 	sts	0x0089, r17	; 0x800089 <__DATA_REGION_ORIGIN__+0x29>
    102e:	00 93 88 00 	sts	0x0088, r16	; 0x800088 <__DATA_REGION_ORIGIN__+0x28>
set_led_brightness():
C:\Users\Utilizador\Desktop\RAFA\UNI\LABSI-LUMINOSIDADE\LABSI\PROG\PROGv2/PROGv2.ino:786
				}else set_led_brightness(0);
    }
}
void set_led_brightness(uint8_t brightness) {
    if (brightness > MAX_LED_PWM) brightness = MAX_LED_PWM;
    OCR2A = brightness;
    1032:	10 92 b3 00 	sts	0x00B3, r1	; 0x8000b3 <__DATA_REGION_ORIGIN__+0x53>
C:\Users\Utilizador\Desktop\RAFA\UNI\LABSI-LUMINOSIDADE\LABSI\PROG\PROGv2/PROGv2.ino:787
    g_led_brightness = brightness;
    1036:	10 92 8b 04 	sts	0x048B, r1	; 0x80048b <g_led_brightness>
    103a:	18 cb       	rjmp	.-2512   	; 0x66c <main+0xe8>
control_motor_1():
C:\Users\Utilizador\Desktop\RAFA\UNI\LABSI-LUMINOSIDADE\LABSI\PROG\PROGv2/PROGv2.ino:731
	// Interrupção de PC1 (botão touch)
	PCICR |= (1 << PCIE1);
	PCMSK1 |= (1 << PCINT9);
}
void control_motor_1(Servo_pos action) {
    g_motor1_action = action;
    103c:	f0 92 05 01 	sts	0x0105, r15	; 0x800105 <g_motor1_action+0x1>
    1040:	e0 92 04 01 	sts	0x0104, r14	; 0x800104 <g_motor1_action>
C:\Users\Utilizador\Desktop\RAFA\UNI\LABSI-LUMINOSIDADE\LABSI\PROG\PROGv2/PROGv2.ino:745
            break;
        case FECHAR:
            valor_pwm = 198;
            break;
    }
    OCR1B = valor_pwm;
    1044:	10 93 8b 00 	sts	0x008B, r17	; 0x80008b <__DATA_REGION_ORIGIN__+0x2b>
    1048:	00 93 8a 00 	sts	0x008A, r16	; 0x80008a <__DATA_REGION_ORIGIN__+0x2a>
servo_led_hybrid_control():
C:\Users\Utilizador\Desktop\RAFA\UNI\LABSI-LUMINOSIDADE\LABSI\PROG\PROGv2/PROGv2.ino:414
        if (g_blind1_pos < BLIND1_MAX_TICKS) {
            control_motor_1(ABRIR);
            control_motor_2(PARAR);
            set_led_brightness(0);
        }
        else if (g_blind2_pos < BLIND2_MAX_TICKS) {
    104c:	80 36       	cpi	r24, 0x60	; 96
    104e:	9a 4e       	sbci	r25, 0xEA	; 234
    1050:	a1 05       	cpc	r26, r1
    1052:	b1 05       	cpc	r27, r1
    1054:	5c f4       	brge	.+22     	; 0x106c <__stack+0x76d>
control_motor_2():
C:\Users\Utilizador\Desktop\RAFA\UNI\LABSI-LUMINOSIDADE\LABSI\PROG\PROGv2/PROGv2.ino:748
            break;
    }
    OCR1B = valor_pwm;
}
void control_motor_2(Servo_pos action) {
    g_motor2_action = action;
    1056:	90 92 03 01 	sts	0x0103, r9	; 0x800103 <g_motor2_action+0x1>
    105a:	80 92 02 01 	sts	0x0102, r8	; 0x800102 <g_motor2_action>
C:\Users\Utilizador\Desktop\RAFA\UNI\LABSI-LUMINOSIDADE\LABSI\PROG\PROGv2/PROGv2.ino:762
			break;
		case FECHAR:
			valor_pwm = 197;
			break;
	}
	OCR1A = valor_pwm;
    105e:	89 ea       	ldi	r24, 0xA9	; 169
    1060:	90 e0       	ldi	r25, 0x00	; 0
    1062:	90 93 89 00 	sts	0x0089, r25	; 0x800089 <__DATA_REGION_ORIGIN__+0x29>
    1066:	80 93 88 00 	sts	0x0088, r24	; 0x800088 <__DATA_REGION_ORIGIN__+0x28>
    106a:	e3 cf       	rjmp	.-58     	; 0x1032 <__stack+0x733>
C:\Users\Utilizador\Desktop\RAFA\UNI\LABSI-LUMINOSIDADE\LABSI\PROG\PROGv2/PROGv2.ino:748
            break;
    }
    OCR1B = valor_pwm;
}
void control_motor_2(Servo_pos action) {
    g_motor2_action = action;
    106c:	f0 92 03 01 	sts	0x0103, r15	; 0x800103 <g_motor2_action+0x1>
    1070:	e0 92 02 01 	sts	0x0102, r14	; 0x800102 <g_motor2_action>
C:\Users\Utilizador\Desktop\RAFA\UNI\LABSI-LUMINOSIDADE\LABSI\PROG\PROGv2/PROGv2.ino:762
			break;
		case FECHAR:
			valor_pwm = 197;
			break;
	}
	OCR1A = valor_pwm;
    1074:	10 93 89 00 	sts	0x0089, r17	; 0x800089 <__DATA_REGION_ORIGIN__+0x29>
    1078:	00 93 88 00 	sts	0x0088, r16	; 0x800088 <__DATA_REGION_ORIGIN__+0x28>
servo_led_hybrid_control():
C:\Users\Utilizador\Desktop\RAFA\UNI\LABSI-LUMINOSIDADE\LABSI\PROG\PROGv2/PROGv2.ino:423
        }
        else {
            control_motor_1(PARAR);
            control_motor_2(PARAR);

            led_timer++;
    107c:	80 91 87 04 	lds	r24, 0x0487	; 0x800487 <servo_led_hybrid_control()::led_timer>
    1080:	90 91 88 04 	lds	r25, 0x0488	; 0x800488 <servo_led_hybrid_control()::led_timer+0x1>
    1084:	01 96       	adiw	r24, 0x01	; 1
C:\Users\Utilizador\Desktop\RAFA\UNI\LABSI-LUMINOSIDADE\LABSI\PROG\PROGv2/PROGv2.ino:424
            if (led_timer >= LED_FADE_INTERVAL) {
    1086:	84 36       	cpi	r24, 0x64	; 100
    1088:	91 05       	cpc	r25, r1
    108a:	28 f4       	brcc	.+10     	; 0x1096 <__stack+0x797>
C:\Users\Utilizador\Desktop\RAFA\UNI\LABSI-LUMINOSIDADE\LABSI\PROG\PROGv2/PROGv2.ino:439

        if (g_led_brightness > 0) {
            control_motor_1(PARAR);
            control_motor_2(PARAR);

            led_timer++;
    108c:	90 93 88 04 	sts	0x0488, r25	; 0x800488 <servo_led_hybrid_control()::led_timer+0x1>
    1090:	80 93 87 04 	sts	0x0487, r24	; 0x800487 <servo_led_hybrid_control()::led_timer>
    1094:	eb ca       	rjmp	.-2602   	; 0x66c <main+0xe8>
C:\Users\Utilizador\Desktop\RAFA\UNI\LABSI-LUMINOSIDADE\LABSI\PROG\PROGv2/PROGv2.ino:425
            control_motor_1(PARAR);
            control_motor_2(PARAR);

            led_timer++;
            if (led_timer >= LED_FADE_INTERVAL) {
                led_timer = 0;
    1096:	10 92 88 04 	sts	0x0488, r1	; 0x800488 <servo_led_hybrid_control()::led_timer+0x1>
    109a:	10 92 87 04 	sts	0x0487, r1	; 0x800487 <servo_led_hybrid_control()::led_timer>
C:\Users\Utilizador\Desktop\RAFA\UNI\LABSI-LUMINOSIDADE\LABSI\PROG\PROGv2/PROGv2.ino:426
                if (g_led_brightness < MAX_LED_PWM)
    109e:	80 91 8b 04 	lds	r24, 0x048B	; 0x80048b <g_led_brightness>
    10a2:	8f 3f       	cpi	r24, 0xFF	; 255
    10a4:	09 f4       	brne	.+2      	; 0x10a8 <__stack+0x7a9>
    10a6:	e2 ca       	rjmp	.-2620   	; 0x66c <main+0xe8>
C:\Users\Utilizador\Desktop\RAFA\UNI\LABSI-LUMINOSIDADE\LABSI\PROG\PROGv2/PROGv2.ino:427
                    set_led_brightness(g_led_brightness + 10);
    10a8:	86 5f       	subi	r24, 0xF6	; 246
set_led_brightness():
C:\Users\Utilizador\Desktop\RAFA\UNI\LABSI-LUMINOSIDADE\LABSI\PROG\PROGv2/PROGv2.ino:786
				}else set_led_brightness(0);
    }
}
void set_led_brightness(uint8_t brightness) {
    if (brightness > MAX_LED_PWM) brightness = MAX_LED_PWM;
    OCR2A = brightness;
    10aa:	80 93 b3 00 	sts	0x00B3, r24	; 0x8000b3 <__DATA_REGION_ORIGIN__+0x53>
C:\Users\Utilizador\Desktop\RAFA\UNI\LABSI-LUMINOSIDADE\LABSI\PROG\PROGv2/PROGv2.ino:787
    g_led_brightness = brightness;
    10ae:	80 93 8b 04 	sts	0x048B, r24	; 0x80048b <g_led_brightness>
    10b2:	dc ca       	rjmp	.-2632   	; 0x66c <main+0xe8>
servo_led_hybrid_control():
C:\Users\Utilizador\Desktop\RAFA\UNI\LABSI-LUMINOSIDADE\LABSI\PROG\PROGv2/PROGv2.ino:435
    }

    // 4. LUZ A MAIS → fechar
    else {

        if (g_led_brightness > 0) {
    10b4:	20 91 8b 04 	lds	r18, 0x048B	; 0x80048b <g_led_brightness>
    10b8:	22 23       	and	r18, r18
    10ba:	29 f1       	breq	.+74     	; 0x1106 <__stack+0x807>
control_motor_1():
C:\Users\Utilizador\Desktop\RAFA\UNI\LABSI-LUMINOSIDADE\LABSI\PROG\PROGv2/PROGv2.ino:731
	// Interrupção de PC1 (botão touch)
	PCICR |= (1 << PCIE1);
	PCMSK1 |= (1 << PCINT9);
}
void control_motor_1(Servo_pos action) {
    g_motor1_action = action;
    10bc:	f0 92 05 01 	sts	0x0105, r15	; 0x800105 <g_motor1_action+0x1>
    10c0:	e0 92 04 01 	sts	0x0104, r14	; 0x800104 <g_motor1_action>
C:\Users\Utilizador\Desktop\RAFA\UNI\LABSI-LUMINOSIDADE\LABSI\PROG\PROGv2/PROGv2.ino:745
            break;
        case FECHAR:
            valor_pwm = 198;
            break;
    }
    OCR1B = valor_pwm;
    10c4:	10 93 8b 00 	sts	0x008B, r17	; 0x80008b <__DATA_REGION_ORIGIN__+0x2b>
    10c8:	00 93 8a 00 	sts	0x008A, r16	; 0x80008a <__DATA_REGION_ORIGIN__+0x2a>
control_motor_2():
C:\Users\Utilizador\Desktop\RAFA\UNI\LABSI-LUMINOSIDADE\LABSI\PROG\PROGv2/PROGv2.ino:748
}
void control_motor_2(Servo_pos action) {
    g_motor2_action = action;
    10cc:	f0 92 03 01 	sts	0x0103, r15	; 0x800103 <g_motor2_action+0x1>
    10d0:	e0 92 02 01 	sts	0x0102, r14	; 0x800102 <g_motor2_action>
C:\Users\Utilizador\Desktop\RAFA\UNI\LABSI-LUMINOSIDADE\LABSI\PROG\PROGv2/PROGv2.ino:762
			break;
		case FECHAR:
			valor_pwm = 197;
			break;
	}
	OCR1A = valor_pwm;
    10d4:	10 93 89 00 	sts	0x0089, r17	; 0x800089 <__DATA_REGION_ORIGIN__+0x29>
    10d8:	00 93 88 00 	sts	0x0088, r16	; 0x800088 <__DATA_REGION_ORIGIN__+0x28>
servo_led_hybrid_control():
C:\Users\Utilizador\Desktop\RAFA\UNI\LABSI-LUMINOSIDADE\LABSI\PROG\PROGv2/PROGv2.ino:439

        if (g_led_brightness > 0) {
            control_motor_1(PARAR);
            control_motor_2(PARAR);

            led_timer++;
    10dc:	80 91 87 04 	lds	r24, 0x0487	; 0x800487 <servo_led_hybrid_control()::led_timer>
    10e0:	90 91 88 04 	lds	r25, 0x0488	; 0x800488 <servo_led_hybrid_control()::led_timer+0x1>
    10e4:	01 96       	adiw	r24, 0x01	; 1
C:\Users\Utilizador\Desktop\RAFA\UNI\LABSI-LUMINOSIDADE\LABSI\PROG\PROGv2/PROGv2.ino:440
            if (led_timer >= LED_FADE_INTERVAL) {
    10e6:	84 36       	cpi	r24, 0x64	; 100
    10e8:	91 05       	cpc	r25, r1
    10ea:	80 f2       	brcs	.-96     	; 0x108c <__stack+0x78d>
C:\Users\Utilizador\Desktop\RAFA\UNI\LABSI-LUMINOSIDADE\LABSI\PROG\PROGv2/PROGv2.ino:441
                led_timer = 0;
    10ec:	10 92 88 04 	sts	0x0488, r1	; 0x800488 <servo_led_hybrid_control()::led_timer+0x1>
    10f0:	10 92 87 04 	sts	0x0487, r1	; 0x800487 <servo_led_hybrid_control()::led_timer>
C:\Users\Utilizador\Desktop\RAFA\UNI\LABSI-LUMINOSIDADE\LABSI\PROG\PROGv2/PROGv2.ino:442
                if (g_led_brightness >= 10) set_led_brightness(g_led_brightness - 10);
    10f4:	2a 30       	cpi	r18, 0x0A	; 10
    10f6:	08 f4       	brcc	.+2      	; 0x10fa <__stack+0x7fb>
    10f8:	9c cf       	rjmp	.-200    	; 0x1032 <__stack+0x733>
    10fa:	2a 50       	subi	r18, 0x0A	; 10
set_led_brightness():
C:\Users\Utilizador\Desktop\RAFA\UNI\LABSI-LUMINOSIDADE\LABSI\PROG\PROGv2/PROGv2.ino:786
				}else set_led_brightness(0);
    }
}
void set_led_brightness(uint8_t brightness) {
    if (brightness > MAX_LED_PWM) brightness = MAX_LED_PWM;
    OCR2A = brightness;
    10fc:	20 93 b3 00 	sts	0x00B3, r18	; 0x8000b3 <__DATA_REGION_ORIGIN__+0x53>
C:\Users\Utilizador\Desktop\RAFA\UNI\LABSI-LUMINOSIDADE\LABSI\PROG\PROGv2/PROGv2.ino:787
    g_led_brightness = brightness;
    1100:	20 93 8b 04 	sts	0x048B, r18	; 0x80048b <g_led_brightness>
    1104:	b3 ca       	rjmp	.-2714   	; 0x66c <main+0xe8>
servo_led_hybrid_control():
C:\Users\Utilizador\Desktop\RAFA\UNI\LABSI-LUMINOSIDADE\LABSI\PROG\PROGv2/PROGv2.ino:446
                led_timer = 0;
                if (g_led_brightness >= 10) set_led_brightness(g_led_brightness - 10);
                else set_led_brightness(0);
            }
        }
        else if (g_blind1_pos > 0) {
    1106:	12 14       	cp	r1, r2
    1108:	13 04       	cpc	r1, r3
    110a:	14 04       	cpc	r1, r4
    110c:	15 04       	cpc	r1, r5
    110e:	9c f4       	brge	.+38     	; 0x1136 <__stack+0x837>
control_motor_1():
C:\Users\Utilizador\Desktop\RAFA\UNI\LABSI-LUMINOSIDADE\LABSI\PROG\PROGv2/PROGv2.ino:731
	// Interrupção de PC1 (botão touch)
	PCICR |= (1 << PCIE1);
	PCMSK1 |= (1 << PCINT9);
}
void control_motor_1(Servo_pos action) {
    g_motor1_action = action;
    1110:	10 92 05 01 	sts	0x0105, r1	; 0x800105 <g_motor1_action+0x1>
    1114:	10 92 04 01 	sts	0x0104, r1	; 0x800104 <g_motor1_action>
C:\Users\Utilizador\Desktop\RAFA\UNI\LABSI-LUMINOSIDADE\LABSI\PROG\PROGv2/PROGv2.ino:745
            break;
        case FECHAR:
            valor_pwm = 198;
            break;
    }
    OCR1B = valor_pwm;
    1118:	26 ec       	ldi	r18, 0xC6	; 198
    111a:	30 e0       	ldi	r19, 0x00	; 0
    111c:	30 93 8b 00 	sts	0x008B, r19	; 0x80008b <__DATA_REGION_ORIGIN__+0x2b>
    1120:	20 93 8a 00 	sts	0x008A, r18	; 0x80008a <__DATA_REGION_ORIGIN__+0x2a>
control_motor_2():
C:\Users\Utilizador\Desktop\RAFA\UNI\LABSI-LUMINOSIDADE\LABSI\PROG\PROGv2/PROGv2.ino:748
}
void control_motor_2(Servo_pos action) {
    g_motor2_action = action;
    1124:	f0 92 03 01 	sts	0x0103, r15	; 0x800103 <g_motor2_action+0x1>
    1128:	e0 92 02 01 	sts	0x0102, r14	; 0x800102 <g_motor2_action>
C:\Users\Utilizador\Desktop\RAFA\UNI\LABSI-LUMINOSIDADE\LABSI\PROG\PROGv2/PROGv2.ino:762
			break;
		case FECHAR:
			valor_pwm = 197;
			break;
	}
	OCR1A = valor_pwm;
    112c:	10 93 89 00 	sts	0x0089, r17	; 0x800089 <__DATA_REGION_ORIGIN__+0x29>
    1130:	00 93 88 00 	sts	0x0088, r16	; 0x800088 <__DATA_REGION_ORIGIN__+0x28>
    1134:	9b ca       	rjmp	.-2762   	; 0x66c <main+0xe8>
servo_led_hybrid_control():
C:\Users\Utilizador\Desktop\RAFA\UNI\LABSI-LUMINOSIDADE\LABSI\PROG\PROGv2/PROGv2.ino:450
        }
        else if (g_blind1_pos > 0) {
            control_motor_1(FECHAR);
            control_motor_2(PARAR);
        }
        else if (g_blind2_pos > 0) {
    1136:	18 16       	cp	r1, r24
    1138:	19 06       	cpc	r1, r25
    113a:	1a 06       	cpc	r1, r26
    113c:	1b 06       	cpc	r1, r27
    113e:	0c f0       	brlt	.+2      	; 0x1142 <__stack+0x843>
    1140:	52 cf       	rjmp	.-348    	; 0xfe6 <__stack+0x6e7>
control_motor_1():
C:\Users\Utilizador\Desktop\RAFA\UNI\LABSI-LUMINOSIDADE\LABSI\PROG\PROGv2/PROGv2.ino:731
	// Interrupção de PC1 (botão touch)
	PCICR |= (1 << PCIE1);
	PCMSK1 |= (1 << PCINT9);
}
void control_motor_1(Servo_pos action) {
    g_motor1_action = action;
    1142:	f0 92 05 01 	sts	0x0105, r15	; 0x800105 <g_motor1_action+0x1>
    1146:	e0 92 04 01 	sts	0x0104, r14	; 0x800104 <g_motor1_action>
C:\Users\Utilizador\Desktop\RAFA\UNI\LABSI-LUMINOSIDADE\LABSI\PROG\PROGv2/PROGv2.ino:745
            break;
        case FECHAR:
            valor_pwm = 198;
            break;
    }
    OCR1B = valor_pwm;
    114a:	10 93 8b 00 	sts	0x008B, r17	; 0x80008b <__DATA_REGION_ORIGIN__+0x2b>
    114e:	00 93 8a 00 	sts	0x008A, r16	; 0x80008a <__DATA_REGION_ORIGIN__+0x2a>
control_motor_2():
C:\Users\Utilizador\Desktop\RAFA\UNI\LABSI-LUMINOSIDADE\LABSI\PROG\PROGv2/PROGv2.ino:748
}
void control_motor_2(Servo_pos action) {
    g_motor2_action = action;
    1152:	10 92 03 01 	sts	0x0103, r1	; 0x800103 <g_motor2_action+0x1>
    1156:	10 92 02 01 	sts	0x0102, r1	; 0x800102 <g_motor2_action>
C:\Users\Utilizador\Desktop\RAFA\UNI\LABSI-LUMINOSIDADE\LABSI\PROG\PROGv2/PROGv2.ino:762
			break;
		case FECHAR:
			valor_pwm = 197;
			break;
	}
	OCR1A = valor_pwm;
    115a:	85 ec       	ldi	r24, 0xC5	; 197
    115c:	90 e0       	ldi	r25, 0x00	; 0
    115e:	90 93 89 00 	sts	0x0089, r25	; 0x800089 <__DATA_REGION_ORIGIN__+0x29>
    1162:	80 93 88 00 	sts	0x0088, r24	; 0x800088 <__DATA_REGION_ORIGIN__+0x28>
    1166:	82 ca       	rjmp	.-2812   	; 0x66c <main+0xe8>
manual_led_control():
C:\Users\Utilizador\Desktop\RAFA\UNI\LABSI-LUMINOSIDADE\LABSI\PROG\PROGv2/PROGv2.ino:766
}
void manual_led_control(void) {
	static uint8_t repeat_delay = 0;
	    if (repeat_delay > 0) {
    1168:	80 91 8c 04 	lds	r24, 0x048C	; 0x80048c <manual_led_control()::repeat_delay>
    116c:	88 23       	and	r24, r24
    116e:	59 f0       	breq	.+22     	; 0x1186 <__stack+0x887>
C:\Users\Utilizador\Desktop\RAFA\UNI\LABSI-LUMINOSIDADE\LABSI\PROG\PROGv2/PROGv2.ino:767
        repeat_delay--;
    1170:	81 50       	subi	r24, 0x01	; 1
C:\Users\Utilizador\Desktop\RAFA\UNI\LABSI-LUMINOSIDADE\LABSI\PROG\PROGv2/PROGv2.ino:780
				}else set_led_brightness(255);  
    }
    if (PIND & (1 << BOTAO_MENOS)) {
        if (g_led_brightness > 0) {
				set_led_brightness(g_led_brightness - 5);
				repeat_delay = 3;
    1172:	80 93 8c 04 	sts	0x048C, r24	; 0x80048c <manual_led_control()::repeat_delay>
main():
C:\Users\Utilizador\Desktop\RAFA\UNI\LABSI-LUMINOSIDADE\LABSI\PROG\PROGv2/PROGv2.ino:1047
			if(g_operating_mode == MODE_AUTOMATIC) {
				adjust_setpoint_control();
				servo_led_hybrid_control();
			} else {
				manual_led_control();
				sonar_tick++;
    1176:	80 91 92 04 	lds	r24, 0x0492	; 0x800492 <main::sonar_tick>
    117a:	8f 5f       	subi	r24, 0xFF	; 255
C:\Users\Utilizador\Desktop\RAFA\UNI\LABSI-LUMINOSIDADE\LABSI\PROG\PROGv2/PROGv2.ino:1048
					if(sonar_tick >= 50) { // ~100 ms
    117c:	82 33       	cpi	r24, 0x32	; 50
    117e:	40 f5       	brcc	.+80     	; 0x11d0 <__stack+0x8d1>
C:\Users\Utilizador\Desktop\RAFA\UNI\LABSI-LUMINOSIDADE\LABSI\PROG\PROGv2/PROGv2.ino:1047
			if(g_operating_mode == MODE_AUTOMATIC) {
				adjust_setpoint_control();
				servo_led_hybrid_control();
			} else {
				manual_led_control();
				sonar_tick++;
    1180:	80 93 92 04 	sts	0x0492, r24	; 0x800492 <main::sonar_tick>
    1184:	73 ca       	rjmp	.-2842   	; 0x66c <main+0xe8>
manual_led_control():
C:\Users\Utilizador\Desktop\RAFA\UNI\LABSI-LUMINOSIDADE\LABSI\PROG\PROGv2/PROGv2.ino:771
	    if (repeat_delay > 0) {
        repeat_delay--;
        return;
    	}

    if (PIND & (1 << BOTAO_MAIS)) {
    1186:	4c 9b       	sbis	0x09, 4	; 9
    1188:	0c c0       	rjmp	.+24     	; 0x11a2 <__stack+0x8a3>
C:\Users\Utilizador\Desktop\RAFA\UNI\LABSI-LUMINOSIDADE\LABSI\PROG\PROGv2/PROGv2.ino:772
        if (g_led_brightness < 255) {
    118a:	80 91 8b 04 	lds	r24, 0x048B	; 0x80048b <g_led_brightness>
    118e:	8f 3f       	cpi	r24, 0xFF	; 255
    1190:	a9 f0       	breq	.+42     	; 0x11bc <__stack+0x8bd>
C:\Users\Utilizador\Desktop\RAFA\UNI\LABSI-LUMINOSIDADE\LABSI\PROG\PROGv2/PROGv2.ino:773
				set_led_brightness(g_led_brightness + 5);
    1192:	8b 5f       	subi	r24, 0xFB	; 251
set_led_brightness():
C:\Users\Utilizador\Desktop\RAFA\UNI\LABSI-LUMINOSIDADE\LABSI\PROG\PROGv2/PROGv2.ino:786
				}else set_led_brightness(0);
    }
}
void set_led_brightness(uint8_t brightness) {
    if (brightness > MAX_LED_PWM) brightness = MAX_LED_PWM;
    OCR2A = brightness;
    1194:	80 93 b3 00 	sts	0x00B3, r24	; 0x8000b3 <__DATA_REGION_ORIGIN__+0x53>
C:\Users\Utilizador\Desktop\RAFA\UNI\LABSI-LUMINOSIDADE\LABSI\PROG\PROGv2/PROGv2.ino:787
    g_led_brightness = brightness;
    1198:	80 93 8b 04 	sts	0x048B, r24	; 0x80048b <g_led_brightness>
manual_led_control():
C:\Users\Utilizador\Desktop\RAFA\UNI\LABSI-LUMINOSIDADE\LABSI\PROG\PROGv2/PROGv2.ino:774
    	}

    if (PIND & (1 << BOTAO_MAIS)) {
        if (g_led_brightness < 255) {
				set_led_brightness(g_led_brightness + 5);
				repeat_delay = 3;
    119c:	83 e0       	ldi	r24, 0x03	; 3
    119e:	80 93 8c 04 	sts	0x048C, r24	; 0x80048c <manual_led_control()::repeat_delay>
C:\Users\Utilizador\Desktop\RAFA\UNI\LABSI-LUMINOSIDADE\LABSI\PROG\PROGv2/PROGv2.ino:777
				}else set_led_brightness(255);  
    }
    if (PIND & (1 << BOTAO_MENOS)) {
    11a2:	4f 9b       	sbis	0x09, 7	; 9
    11a4:	e8 cf       	rjmp	.-48     	; 0x1176 <__stack+0x877>
C:\Users\Utilizador\Desktop\RAFA\UNI\LABSI-LUMINOSIDADE\LABSI\PROG\PROGv2/PROGv2.ino:778
        if (g_led_brightness > 0) {
    11a6:	80 91 8b 04 	lds	r24, 0x048B	; 0x80048b <g_led_brightness>
    11aa:	88 23       	and	r24, r24
    11ac:	61 f0       	breq	.+24     	; 0x11c6 <__stack+0x8c7>
C:\Users\Utilizador\Desktop\RAFA\UNI\LABSI-LUMINOSIDADE\LABSI\PROG\PROGv2/PROGv2.ino:779
				set_led_brightness(g_led_brightness - 5);
    11ae:	85 50       	subi	r24, 0x05	; 5
set_led_brightness():
C:\Users\Utilizador\Desktop\RAFA\UNI\LABSI-LUMINOSIDADE\LABSI\PROG\PROGv2/PROGv2.ino:786
				}else set_led_brightness(0);
    }
}
void set_led_brightness(uint8_t brightness) {
    if (brightness > MAX_LED_PWM) brightness = MAX_LED_PWM;
    OCR2A = brightness;
    11b0:	80 93 b3 00 	sts	0x00B3, r24	; 0x8000b3 <__DATA_REGION_ORIGIN__+0x53>
C:\Users\Utilizador\Desktop\RAFA\UNI\LABSI-LUMINOSIDADE\LABSI\PROG\PROGv2/PROGv2.ino:787
    g_led_brightness = brightness;
    11b4:	80 93 8b 04 	sts	0x048B, r24	; 0x80048b <g_led_brightness>
manual_led_control():
C:\Users\Utilizador\Desktop\RAFA\UNI\LABSI-LUMINOSIDADE\LABSI\PROG\PROGv2/PROGv2.ino:780
				}else set_led_brightness(255);  
    }
    if (PIND & (1 << BOTAO_MENOS)) {
        if (g_led_brightness > 0) {
				set_led_brightness(g_led_brightness - 5);
				repeat_delay = 3;
    11b8:	83 e0       	ldi	r24, 0x03	; 3
    11ba:	db cf       	rjmp	.-74     	; 0x1172 <__stack+0x873>
set_led_brightness():
C:\Users\Utilizador\Desktop\RAFA\UNI\LABSI-LUMINOSIDADE\LABSI\PROG\PROGv2/PROGv2.ino:786
				}else set_led_brightness(0);
    }
}
void set_led_brightness(uint8_t brightness) {
    if (brightness > MAX_LED_PWM) brightness = MAX_LED_PWM;
    OCR2A = brightness;
    11bc:	80 93 b3 00 	sts	0x00B3, r24	; 0x8000b3 <__DATA_REGION_ORIGIN__+0x53>
C:\Users\Utilizador\Desktop\RAFA\UNI\LABSI-LUMINOSIDADE\LABSI\PROG\PROGv2/PROGv2.ino:787
    g_led_brightness = brightness;
    11c0:	80 93 8b 04 	sts	0x048B, r24	; 0x80048b <g_led_brightness>
    11c4:	ee cf       	rjmp	.-36     	; 0x11a2 <__stack+0x8a3>
C:\Users\Utilizador\Desktop\RAFA\UNI\LABSI-LUMINOSIDADE\LABSI\PROG\PROGv2/PROGv2.ino:786
				}else set_led_brightness(0);
    }
}
void set_led_brightness(uint8_t brightness) {
    if (brightness > MAX_LED_PWM) brightness = MAX_LED_PWM;
    OCR2A = brightness;
    11c6:	10 92 b3 00 	sts	0x00B3, r1	; 0x8000b3 <__DATA_REGION_ORIGIN__+0x53>
C:\Users\Utilizador\Desktop\RAFA\UNI\LABSI-LUMINOSIDADE\LABSI\PROG\PROGv2/PROGv2.ino:787
    g_led_brightness = brightness;
    11ca:	10 92 8b 04 	sts	0x048B, r1	; 0x80048b <g_led_brightness>
    11ce:	d3 cf       	rjmp	.-90     	; 0x1176 <__stack+0x877>
main():
C:\Users\Utilizador\Desktop\RAFA\UNI\LABSI-LUMINOSIDADE\LABSI\PROG\PROGv2/PROGv2.ino:1049
				servo_led_hybrid_control();
			} else {
				manual_led_control();
				sonar_tick++;
					if(sonar_tick >= 50) { // ~100 ms
						sonar_tick = 0;
    11d0:	10 92 92 04 	sts	0x0492, r1	; 0x800492 <main::sonar_tick>
update_manual_gestures():
C:\Users\Utilizador\Desktop\RAFA\UNI\LABSI-LUMINOSIDADE\LABSI\PROG\PROGv2/PROGv2.ino:851

    static uint8_t s1_prev = 0;
    static uint8_t s2_prev = 0;

    // Leitura atual dos sonares
    uint8_t s1 = sonar_is_close(1);
    11d4:	81 e0       	ldi	r24, 0x01	; 1
    11d6:	0e 94 57 01 	call	0x2ae	; 0x2ae <sonar_is_close(unsigned char)>
    11da:	b8 2e       	mov	r11, r24
C:\Users\Utilizador\Desktop\RAFA\UNI\LABSI-LUMINOSIDADE\LABSI\PROG\PROGv2/PROGv2.ino:852
    uint8_t s2 = sonar_is_close(2);
    11dc:	82 e0       	ldi	r24, 0x02	; 2
    11de:	0e 94 57 01 	call	0x2ae	; 0x2ae <sonar_is_close(unsigned char)>
C:\Users\Utilizador\Desktop\RAFA\UNI\LABSI-LUMINOSIDADE\LABSI\PROG\PROGv2/PROGv2.ino:855

    // Timeout de segurança
    if (g_gesture_timer > 0) {
    11e2:	20 91 90 04 	lds	r18, 0x0490	; 0x800490 <g_gesture_timer>
    11e6:	30 91 91 04 	lds	r19, 0x0491	; 0x800491 <g_gesture_timer+0x1>
    11ea:	23 2b       	or	r18, r19
    11ec:	f9 f0       	breq	.+62     	; 0x122c <__stack+0x92d>
C:\Users\Utilizador\Desktop\RAFA\UNI\LABSI-LUMINOSIDADE\LABSI\PROG\PROGv2/PROGv2.ino:856
        g_gesture_timer--;
    11ee:	20 91 90 04 	lds	r18, 0x0490	; 0x800490 <g_gesture_timer>
    11f2:	30 91 91 04 	lds	r19, 0x0491	; 0x800491 <g_gesture_timer+0x1>
    11f6:	21 50       	subi	r18, 0x01	; 1
    11f8:	31 09       	sbc	r19, r1
    11fa:	30 93 91 04 	sts	0x0491, r19	; 0x800491 <g_gesture_timer+0x1>
    11fe:	20 93 90 04 	sts	0x0490, r18	; 0x800490 <g_gesture_timer>
C:\Users\Utilizador\Desktop\RAFA\UNI\LABSI-LUMINOSIDADE\LABSI\PROG\PROGv2/PROGv2.ino:859
        // Se o tempo acabar e não completou, reseta. 
        // Se estiver no estado 3 (bloqueio), o timer serve apenas de debounce.
        if (g_gesture_timer == 0 && g_gesture_state != 0 && g_gesture_state != 3) {
    1202:	20 91 90 04 	lds	r18, 0x0490	; 0x800490 <g_gesture_timer>
    1206:	30 91 91 04 	lds	r19, 0x0491	; 0x800491 <g_gesture_timer+0x1>
    120a:	23 2b       	or	r18, r19
    120c:	79 f4       	brne	.+30     	; 0x122c <__stack+0x92d>
    120e:	90 91 8f 04 	lds	r25, 0x048F	; 0x80048f <g_gesture_state>
    1212:	99 23       	and	r25, r25
    1214:	59 f0       	breq	.+22     	; 0x122c <__stack+0x92d>
    1216:	90 91 8f 04 	lds	r25, 0x048F	; 0x80048f <g_gesture_state>
    121a:	93 30       	cpi	r25, 0x03	; 3
    121c:	39 f0       	breq	.+14     	; 0x122c <__stack+0x92d>
C:\Users\Utilizador\Desktop\RAFA\UNI\LABSI-LUMINOSIDADE\LABSI\PROG\PROGv2/PROGv2.ino:860
            g_gesture_state = 0;
    121e:	10 92 8f 04 	sts	0x048F, r1	; 0x80048f <g_gesture_state>
C:\Users\Utilizador\Desktop\RAFA\UNI\LABSI-LUMINOSIDADE\LABSI\PROG\PROGv2/PROGv2.ino:911
                g_gesture_timer = 0;
            }
            break;
    }

    s1_prev = s1;
    1222:	b0 92 8e 04 	sts	0x048E, r11	; 0x80048e <update_manual_gestures()::s1_prev>
C:\Users\Utilizador\Desktop\RAFA\UNI\LABSI-LUMINOSIDADE\LABSI\PROG\PROGv2/PROGv2.ino:912
    s2_prev = s2;
    1226:	80 93 8d 04 	sts	0x048D, r24	; 0x80048d <update_manual_gestures()::s2_prev>
    122a:	20 ca       	rjmp	.-3008   	; 0x66c <main+0xe8>
C:\Users\Utilizador\Desktop\RAFA\UNI\LABSI-LUMINOSIDADE\LABSI\PROG\PROGv2/PROGv2.ino:866
            s1_prev = s1; s2_prev = s2;
            return;
        }
    }

    switch (g_gesture_state)
    122c:	90 91 8f 04 	lds	r25, 0x048F	; 0x80048f <g_gesture_state>
    1230:	91 30       	cpi	r25, 0x01	; 1
    1232:	31 f1       	breq	.+76     	; 0x1280 <__stack+0x981>
    1234:	78 f0       	brcs	.+30     	; 0x1254 <__stack+0x955>
    1236:	92 30       	cpi	r25, 0x02	; 2
    1238:	d9 f1       	breq	.+118    	; 0x12b0 <__stack+0x9b1>
    123a:	93 30       	cpi	r25, 0x03	; 3
    123c:	91 f7       	brne	.-28     	; 0x1222 <__stack+0x923>
C:\Users\Utilizador\Desktop\RAFA\UNI\LABSI-LUMINOSIDADE\LABSI\PROG\PROGv2/PROGv2.ino:903
            break;

        // ESTADO 3: Bloqueio (Espera mãos saírem)
        // Isto impede que o estore pare/inverta imediatamente se mantiveres a mão.
        case 3:
            if (!s1 && !s2) {
    123e:	b1 10       	cpse	r11, r1
    1240:	f0 cf       	rjmp	.-32     	; 0x1222 <__stack+0x923>
    1242:	81 11       	cpse	r24, r1
    1244:	ee cf       	rjmp	.-36     	; 0x1222 <__stack+0x923>
C:\Users\Utilizador\Desktop\RAFA\UNI\LABSI-LUMINOSIDADE\LABSI\PROG\PROGv2/PROGv2.ino:905
                // Só liberta o sistema quando não houver obstáculos
                g_gesture_state = 0;
    1246:	10 92 8f 04 	sts	0x048F, r1	; 0x80048f <g_gesture_state>
C:\Users\Utilizador\Desktop\RAFA\UNI\LABSI-LUMINOSIDADE\LABSI\PROG\PROGv2/PROGv2.ino:906
                g_gesture_timer = 0;
    124a:	10 92 91 04 	sts	0x0491, r1	; 0x800491 <g_gesture_timer+0x1>
    124e:	10 92 90 04 	sts	0x0490, r1	; 0x800490 <g_gesture_timer>
    1252:	e7 cf       	rjmp	.-50     	; 0x1222 <__stack+0x923>
C:\Users\Utilizador\Desktop\RAFA\UNI\LABSI-LUMINOSIDADE\LABSI\PROG\PROGv2/PROGv2.ino:870

    switch (g_gesture_state)
    {
        // ESTADO 0: À espera (Repouso)
        case 0:
            if (s1 && !s1_prev) {      // Entrou na Esquerda
    1254:	bb 20       	and	r11, r11
    1256:	61 f0       	breq	.+24     	; 0x1270 <__stack+0x971>
    1258:	90 91 8e 04 	lds	r25, 0x048E	; 0x80048e <update_manual_gestures()::s1_prev>
    125c:	91 11       	cpse	r25, r1
    125e:	08 c0       	rjmp	.+16     	; 0x1270 <__stack+0x971>
C:\Users\Utilizador\Desktop\RAFA\UNI\LABSI-LUMINOSIDADE\LABSI\PROG\PROGv2/PROGv2.ino:871
                g_gesture_state = 1;
    1260:	91 e0       	ldi	r25, 0x01	; 1
C:\Users\Utilizador\Desktop\RAFA\UNI\LABSI-LUMINOSIDADE\LABSI\PROG\PROGv2/PROGv2.ino:885
        // ESTADO 1: Iniciou na Esquerda -> Espera Direita
        case 1:
            if (s2) { // Não precisa de borda, basta presença
                control_motor_1(FECHAR); // Ou FECHAR, dependendo da tua lógica
                control_motor_2(FECHAR);
                g_gesture_state = 3;    // Vai para Bloqueio
    1262:	90 93 8f 04 	sts	0x048F, r25	; 0x80048f <g_gesture_state>
C:\Users\Utilizador\Desktop\RAFA\UNI\LABSI-LUMINOSIDADE\LABSI\PROG\PROGv2/PROGv2.ino:886
                g_gesture_timer = GESTURE_TIMEOUT_TICKS; 
    1266:	70 92 91 04 	sts	0x0491, r7	; 0x800491 <g_gesture_timer+0x1>
    126a:	60 92 90 04 	sts	0x0490, r6	; 0x800490 <g_gesture_timer>
    126e:	d9 cf       	rjmp	.-78     	; 0x1222 <__stack+0x923>
C:\Users\Utilizador\Desktop\RAFA\UNI\LABSI-LUMINOSIDADE\LABSI\PROG\PROGv2/PROGv2.ino:874
        case 0:
            if (s1 && !s1_prev) {      // Entrou na Esquerda
                g_gesture_state = 1;
                g_gesture_timer = GESTURE_TIMEOUT_TICKS;
            } 
            else if (s2 && !s2_prev) { // Entrou na Direita
    1270:	88 23       	and	r24, r24
    1272:	b9 f2       	breq	.-82     	; 0x1222 <__stack+0x923>
    1274:	90 91 8d 04 	lds	r25, 0x048D	; 0x80048d <update_manual_gestures()::s2_prev>
    1278:	91 11       	cpse	r25, r1
    127a:	d3 cf       	rjmp	.-90     	; 0x1222 <__stack+0x923>
C:\Users\Utilizador\Desktop\RAFA\UNI\LABSI-LUMINOSIDADE\LABSI\PROG\PROGv2/PROGv2.ino:875
                g_gesture_state = 2;
    127c:	92 e0       	ldi	r25, 0x02	; 2
    127e:	f1 cf       	rjmp	.-30     	; 0x1262 <__stack+0x963>
C:\Users\Utilizador\Desktop\RAFA\UNI\LABSI-LUMINOSIDADE\LABSI\PROG\PROGv2/PROGv2.ino:882
            }
            break;

        // ESTADO 1: Iniciou na Esquerda -> Espera Direita
        case 1:
            if (s2) { // Não precisa de borda, basta presença
    1280:	88 23       	and	r24, r24
    1282:	79 f2       	breq	.-98     	; 0x1222 <__stack+0x923>
control_motor_1():
C:\Users\Utilizador\Desktop\RAFA\UNI\LABSI-LUMINOSIDADE\LABSI\PROG\PROGv2/PROGv2.ino:731
	// Interrupção de PC1 (botão touch)
	PCICR |= (1 << PCIE1);
	PCMSK1 |= (1 << PCINT9);
}
void control_motor_1(Servo_pos action) {
    g_motor1_action = action;
    1284:	10 92 05 01 	sts	0x0105, r1	; 0x800105 <g_motor1_action+0x1>
    1288:	10 92 04 01 	sts	0x0104, r1	; 0x800104 <g_motor1_action>
C:\Users\Utilizador\Desktop\RAFA\UNI\LABSI-LUMINOSIDADE\LABSI\PROG\PROGv2/PROGv2.ino:745
            break;
        case FECHAR:
            valor_pwm = 198;
            break;
    }
    OCR1B = valor_pwm;
    128c:	26 ec       	ldi	r18, 0xC6	; 198
    128e:	30 e0       	ldi	r19, 0x00	; 0
    1290:	30 93 8b 00 	sts	0x008B, r19	; 0x80008b <__DATA_REGION_ORIGIN__+0x2b>
    1294:	20 93 8a 00 	sts	0x008A, r18	; 0x80008a <__DATA_REGION_ORIGIN__+0x2a>
control_motor_2():
C:\Users\Utilizador\Desktop\RAFA\UNI\LABSI-LUMINOSIDADE\LABSI\PROG\PROGv2/PROGv2.ino:748
}
void control_motor_2(Servo_pos action) {
    g_motor2_action = action;
    1298:	10 92 03 01 	sts	0x0103, r1	; 0x800103 <g_motor2_action+0x1>
    129c:	10 92 02 01 	sts	0x0102, r1	; 0x800102 <g_motor2_action>
C:\Users\Utilizador\Desktop\RAFA\UNI\LABSI-LUMINOSIDADE\LABSI\PROG\PROGv2/PROGv2.ino:762
			break;
		case FECHAR:
			valor_pwm = 197;
			break;
	}
	OCR1A = valor_pwm;
    12a0:	25 ec       	ldi	r18, 0xC5	; 197
    12a2:	30 e0       	ldi	r19, 0x00	; 0
    12a4:	30 93 89 00 	sts	0x0089, r19	; 0x800089 <__DATA_REGION_ORIGIN__+0x29>
    12a8:	20 93 88 00 	sts	0x0088, r18	; 0x800088 <__DATA_REGION_ORIGIN__+0x28>
update_manual_gestures():
C:\Users\Utilizador\Desktop\RAFA\UNI\LABSI-LUMINOSIDADE\LABSI\PROG\PROGv2/PROGv2.ino:885
        // ESTADO 1: Iniciou na Esquerda -> Espera Direita
        case 1:
            if (s2) { // Não precisa de borda, basta presença
                control_motor_1(FECHAR); // Ou FECHAR, dependendo da tua lógica
                control_motor_2(FECHAR);
                g_gesture_state = 3;    // Vai para Bloqueio
    12ac:	93 e0       	ldi	r25, 0x03	; 3
    12ae:	d9 cf       	rjmp	.-78     	; 0x1262 <__stack+0x963>
C:\Users\Utilizador\Desktop\RAFA\UNI\LABSI-LUMINOSIDADE\LABSI\PROG\PROGv2/PROGv2.ino:892
            }
            break;

        // ESTADO 2: Iniciou na Direita -> Espera Esquerda
        case 2:
            if (s1) {
    12b0:	bb 20       	and	r11, r11
    12b2:	09 f4       	brne	.+2      	; 0x12b6 <__stack+0x9b7>
    12b4:	b6 cf       	rjmp	.-148    	; 0x1222 <__stack+0x923>
control_motor_1():
C:\Users\Utilizador\Desktop\RAFA\UNI\LABSI-LUMINOSIDADE\LABSI\PROG\PROGv2/PROGv2.ino:731
	// Interrupção de PC1 (botão touch)
	PCICR |= (1 << PCIE1);
	PCMSK1 |= (1 << PCINT9);
}
void control_motor_1(Servo_pos action) {
    g_motor1_action = action;
    12b6:	90 92 05 01 	sts	0x0105, r9	; 0x800105 <g_motor1_action+0x1>
    12ba:	80 92 04 01 	sts	0x0104, r8	; 0x800104 <g_motor1_action>
C:\Users\Utilizador\Desktop\RAFA\UNI\LABSI-LUMINOSIDADE\LABSI\PROG\PROGv2/PROGv2.ino:745
            break;
        case FECHAR:
            valor_pwm = 198;
            break;
    }
    OCR1B = valor_pwm;
    12be:	2f ea       	ldi	r18, 0xAF	; 175
    12c0:	30 e0       	ldi	r19, 0x00	; 0
    12c2:	30 93 8b 00 	sts	0x008B, r19	; 0x80008b <__DATA_REGION_ORIGIN__+0x2b>
    12c6:	20 93 8a 00 	sts	0x008A, r18	; 0x80008a <__DATA_REGION_ORIGIN__+0x2a>
control_motor_2():
C:\Users\Utilizador\Desktop\RAFA\UNI\LABSI-LUMINOSIDADE\LABSI\PROG\PROGv2/PROGv2.ino:748
}
void control_motor_2(Servo_pos action) {
    g_motor2_action = action;
    12ca:	90 92 03 01 	sts	0x0103, r9	; 0x800103 <g_motor2_action+0x1>
    12ce:	80 92 02 01 	sts	0x0102, r8	; 0x800102 <g_motor2_action>
C:\Users\Utilizador\Desktop\RAFA\UNI\LABSI-LUMINOSIDADE\LABSI\PROG\PROGv2/PROGv2.ino:762
			break;
		case FECHAR:
			valor_pwm = 197;
			break;
	}
	OCR1A = valor_pwm;
    12d2:	29 ea       	ldi	r18, 0xA9	; 169
    12d4:	30 e0       	ldi	r19, 0x00	; 0
    12d6:	e6 cf       	rjmp	.-52     	; 0x12a4 <__stack+0x9a5>

000012d8 <__divsf3>:
__divsf3():
    12d8:	0e 94 80 09 	call	0x1300	; 0x1300 <__divsf3x>
    12dc:	0c 94 61 0a 	jmp	0x14c2	; 0x14c2 <__fp_round>
    12e0:	0e 94 5a 0a 	call	0x14b4	; 0x14b4 <__fp_pscB>
    12e4:	58 f0       	brcs	.+22     	; 0x12fc <__divsf3+0x24>
    12e6:	0e 94 53 0a 	call	0x14a6	; 0x14a6 <__fp_pscA>
    12ea:	40 f0       	brcs	.+16     	; 0x12fc <__divsf3+0x24>
    12ec:	29 f4       	brne	.+10     	; 0x12f8 <__divsf3+0x20>
    12ee:	5f 3f       	cpi	r21, 0xFF	; 255
    12f0:	29 f0       	breq	.+10     	; 0x12fc <__divsf3+0x24>
    12f2:	0c 94 4a 0a 	jmp	0x1494	; 0x1494 <__fp_inf>
    12f6:	51 11       	cpse	r21, r1
    12f8:	0c 94 95 0a 	jmp	0x152a	; 0x152a <__fp_szero>
    12fc:	0c 94 50 0a 	jmp	0x14a0	; 0x14a0 <__fp_nan>

00001300 <__divsf3x>:
__divsf3x():
    1300:	0e 94 72 0a 	call	0x14e4	; 0x14e4 <__fp_split3>
    1304:	68 f3       	brcs	.-38     	; 0x12e0 <__divsf3+0x8>

00001306 <__divsf3_pse>:
    1306:	99 23       	and	r25, r25
    1308:	b1 f3       	breq	.-20     	; 0x12f6 <__divsf3+0x1e>
    130a:	55 23       	and	r21, r21
    130c:	91 f3       	breq	.-28     	; 0x12f2 <__divsf3+0x1a>
    130e:	95 1b       	sub	r25, r21
    1310:	55 0b       	sbc	r21, r21
    1312:	bb 27       	eor	r27, r27
    1314:	aa 27       	eor	r26, r26
    1316:	62 17       	cp	r22, r18
    1318:	73 07       	cpc	r23, r19
    131a:	84 07       	cpc	r24, r20
    131c:	38 f0       	brcs	.+14     	; 0x132c <__divsf3_pse+0x26>
    131e:	9f 5f       	subi	r25, 0xFF	; 255
    1320:	5f 4f       	sbci	r21, 0xFF	; 255
    1322:	22 0f       	add	r18, r18
    1324:	33 1f       	adc	r19, r19
    1326:	44 1f       	adc	r20, r20
    1328:	aa 1f       	adc	r26, r26
    132a:	a9 f3       	breq	.-22     	; 0x1316 <__divsf3_pse+0x10>
    132c:	35 d0       	rcall	.+106    	; 0x1398 <__divsf3_pse+0x92>
    132e:	0e 2e       	mov	r0, r30
    1330:	3a f0       	brmi	.+14     	; 0x1340 <__divsf3_pse+0x3a>
    1332:	e0 e8       	ldi	r30, 0x80	; 128
    1334:	32 d0       	rcall	.+100    	; 0x139a <__divsf3_pse+0x94>
    1336:	91 50       	subi	r25, 0x01	; 1
    1338:	50 40       	sbci	r21, 0x00	; 0
    133a:	e6 95       	lsr	r30
    133c:	00 1c       	adc	r0, r0
    133e:	ca f7       	brpl	.-14     	; 0x1332 <__divsf3_pse+0x2c>
    1340:	2b d0       	rcall	.+86     	; 0x1398 <__divsf3_pse+0x92>
    1342:	fe 2f       	mov	r31, r30
    1344:	29 d0       	rcall	.+82     	; 0x1398 <__divsf3_pse+0x92>
    1346:	66 0f       	add	r22, r22
    1348:	77 1f       	adc	r23, r23
    134a:	88 1f       	adc	r24, r24
    134c:	bb 1f       	adc	r27, r27
    134e:	26 17       	cp	r18, r22
    1350:	37 07       	cpc	r19, r23
    1352:	48 07       	cpc	r20, r24
    1354:	ab 07       	cpc	r26, r27
    1356:	b0 e8       	ldi	r27, 0x80	; 128
    1358:	09 f0       	breq	.+2      	; 0x135c <__divsf3_pse+0x56>
    135a:	bb 0b       	sbc	r27, r27
    135c:	80 2d       	mov	r24, r0
    135e:	bf 01       	movw	r22, r30
    1360:	ff 27       	eor	r31, r31
    1362:	93 58       	subi	r25, 0x83	; 131
    1364:	5f 4f       	sbci	r21, 0xFF	; 255
    1366:	3a f0       	brmi	.+14     	; 0x1376 <__divsf3_pse+0x70>
    1368:	9e 3f       	cpi	r25, 0xFE	; 254
    136a:	51 05       	cpc	r21, r1
    136c:	78 f0       	brcs	.+30     	; 0x138c <__divsf3_pse+0x86>
    136e:	0c 94 4a 0a 	jmp	0x1494	; 0x1494 <__fp_inf>
    1372:	0c 94 95 0a 	jmp	0x152a	; 0x152a <__fp_szero>
    1376:	5f 3f       	cpi	r21, 0xFF	; 255
    1378:	e4 f3       	brlt	.-8      	; 0x1372 <__divsf3_pse+0x6c>
    137a:	98 3e       	cpi	r25, 0xE8	; 232
    137c:	d4 f3       	brlt	.-12     	; 0x1372 <__divsf3_pse+0x6c>
    137e:	86 95       	lsr	r24
    1380:	77 95       	ror	r23
    1382:	67 95       	ror	r22
    1384:	b7 95       	ror	r27
    1386:	f7 95       	ror	r31
    1388:	9f 5f       	subi	r25, 0xFF	; 255
    138a:	c9 f7       	brne	.-14     	; 0x137e <__divsf3_pse+0x78>
    138c:	88 0f       	add	r24, r24
    138e:	91 1d       	adc	r25, r1
    1390:	96 95       	lsr	r25
    1392:	87 95       	ror	r24
    1394:	97 f9       	bld	r25, 7
    1396:	08 95       	ret
    1398:	e1 e0       	ldi	r30, 0x01	; 1
    139a:	66 0f       	add	r22, r22
    139c:	77 1f       	adc	r23, r23
    139e:	88 1f       	adc	r24, r24
    13a0:	bb 1f       	adc	r27, r27
    13a2:	62 17       	cp	r22, r18
    13a4:	73 07       	cpc	r23, r19
    13a6:	84 07       	cpc	r24, r20
    13a8:	ba 07       	cpc	r27, r26
    13aa:	20 f0       	brcs	.+8      	; 0x13b4 <__divsf3_pse+0xae>
    13ac:	62 1b       	sub	r22, r18
    13ae:	73 0b       	sbc	r23, r19
    13b0:	84 0b       	sbc	r24, r20
    13b2:	ba 0b       	sbc	r27, r26
    13b4:	ee 1f       	adc	r30, r30
    13b6:	88 f7       	brcc	.-30     	; 0x139a <__divsf3_pse+0x94>
    13b8:	e0 95       	com	r30
    13ba:	08 95       	ret

000013bc <__fixunssfsi>:
    13bc:	0e 94 7a 0a 	call	0x14f4	; 0x14f4 <__fp_splitA>
    13c0:	88 f0       	brcs	.+34     	; 0x13e4 <__fixunssfsi+0x28>
    13c2:	9f 57       	subi	r25, 0x7F	; 127
    13c4:	98 f0       	brcs	.+38     	; 0x13ec <__fixunssfsi+0x30>
    13c6:	b9 2f       	mov	r27, r25
    13c8:	99 27       	eor	r25, r25
    13ca:	b7 51       	subi	r27, 0x17	; 23
    13cc:	b0 f0       	brcs	.+44     	; 0x13fa <__fixunssfsi+0x3e>
    13ce:	e1 f0       	breq	.+56     	; 0x1408 <__fixunssfsi+0x4c>
    13d0:	66 0f       	add	r22, r22
    13d2:	77 1f       	adc	r23, r23
    13d4:	88 1f       	adc	r24, r24
    13d6:	99 1f       	adc	r25, r25
    13d8:	1a f0       	brmi	.+6      	; 0x13e0 <__fixunssfsi+0x24>
    13da:	ba 95       	dec	r27
__fixunssfsi():
    13dc:	c9 f7       	brne	.-14     	; 0x13d0 <__fixunssfsi+0x14>
    13de:	14 c0       	rjmp	.+40     	; 0x1408 <__fixunssfsi+0x4c>
    13e0:	b1 30       	cpi	r27, 0x01	; 1
    13e2:	91 f0       	breq	.+36     	; 0x1408 <__fixunssfsi+0x4c>
    13e4:	0e 94 94 0a 	call	0x1528	; 0x1528 <__fp_zero>
    13e8:	b1 e0       	ldi	r27, 0x01	; 1
    13ea:	08 95       	ret
    13ec:	0c 94 94 0a 	jmp	0x1528	; 0x1528 <__fp_zero>
    13f0:	67 2f       	mov	r22, r23
    13f2:	78 2f       	mov	r23, r24
    13f4:	88 27       	eor	r24, r24
    13f6:	b8 5f       	subi	r27, 0xF8	; 248
    13f8:	39 f0       	breq	.+14     	; 0x1408 <__fixunssfsi+0x4c>
    13fa:	b9 3f       	cpi	r27, 0xF9	; 249
    13fc:	cc f3       	brlt	.-14     	; 0x13f0 <__fixunssfsi+0x34>
    13fe:	86 95       	lsr	r24
    1400:	77 95       	ror	r23
    1402:	67 95       	ror	r22
    1404:	b3 95       	inc	r27
    1406:	d9 f7       	brne	.-10     	; 0x13fe <__fixunssfsi+0x42>
    1408:	3e f4       	brtc	.+14     	; 0x1418 <__fixunssfsi+0x5c>
    140a:	90 95       	com	r25
    140c:	80 95       	com	r24
    140e:	70 95       	com	r23
    1410:	61 95       	neg	r22
    1412:	7f 4f       	sbci	r23, 0xFF	; 255
    1414:	8f 4f       	sbci	r24, 0xFF	; 255
    1416:	9f 4f       	sbci	r25, 0xFF	; 255
    1418:	08 95       	ret

0000141a <__floatunsisf>:
__floatunsisf():
    141a:	e8 94       	clt
    141c:	09 c0       	rjmp	.+18     	; 0x1430 <__floatsisf+0x12>

0000141e <__floatsisf>:
    141e:	97 fb       	bst	r25, 7
    1420:	3e f4       	brtc	.+14     	; 0x1430 <__floatsisf+0x12>
    1422:	90 95       	com	r25
    1424:	80 95       	com	r24
    1426:	70 95       	com	r23
    1428:	61 95       	neg	r22
    142a:	7f 4f       	sbci	r23, 0xFF	; 255
    142c:	8f 4f       	sbci	r24, 0xFF	; 255
    142e:	9f 4f       	sbci	r25, 0xFF	; 255
    1430:	99 23       	and	r25, r25
    1432:	a9 f0       	breq	.+42     	; 0x145e <__floatsisf+0x40>
    1434:	f9 2f       	mov	r31, r25
    1436:	96 e9       	ldi	r25, 0x96	; 150
    1438:	bb 27       	eor	r27, r27
    143a:	93 95       	inc	r25
    143c:	f6 95       	lsr	r31
    143e:	87 95       	ror	r24
    1440:	77 95       	ror	r23
    1442:	67 95       	ror	r22
    1444:	b7 95       	ror	r27
    1446:	f1 11       	cpse	r31, r1
    1448:	f8 cf       	rjmp	.-16     	; 0x143a <__floatsisf+0x1c>
    144a:	fa f4       	brpl	.+62     	; 0x148a <__floatsisf+0x6c>
    144c:	bb 0f       	add	r27, r27
    144e:	11 f4       	brne	.+4      	; 0x1454 <__floatsisf+0x36>
    1450:	60 ff       	sbrs	r22, 0
    1452:	1b c0       	rjmp	.+54     	; 0x148a <__floatsisf+0x6c>
    1454:	6f 5f       	subi	r22, 0xFF	; 255
    1456:	7f 4f       	sbci	r23, 0xFF	; 255
    1458:	8f 4f       	sbci	r24, 0xFF	; 255
    145a:	9f 4f       	sbci	r25, 0xFF	; 255
    145c:	16 c0       	rjmp	.+44     	; 0x148a <__floatsisf+0x6c>
    145e:	88 23       	and	r24, r24
    1460:	11 f0       	breq	.+4      	; 0x1466 <__floatsisf+0x48>
    1462:	96 e9       	ldi	r25, 0x96	; 150
    1464:	11 c0       	rjmp	.+34     	; 0x1488 <__floatsisf+0x6a>
    1466:	77 23       	and	r23, r23
    1468:	21 f0       	breq	.+8      	; 0x1472 <__floatsisf+0x54>
    146a:	9e e8       	ldi	r25, 0x8E	; 142
    146c:	87 2f       	mov	r24, r23
    146e:	76 2f       	mov	r23, r22
    1470:	05 c0       	rjmp	.+10     	; 0x147c <__floatsisf+0x5e>
    1472:	66 23       	and	r22, r22
    1474:	71 f0       	breq	.+28     	; 0x1492 <__floatsisf+0x74>
    1476:	96 e8       	ldi	r25, 0x86	; 134
    1478:	86 2f       	mov	r24, r22
    147a:	70 e0       	ldi	r23, 0x00	; 0
    147c:	60 e0       	ldi	r22, 0x00	; 0
    147e:	2a f0       	brmi	.+10     	; 0x148a <__floatsisf+0x6c>
    1480:	9a 95       	dec	r25
    1482:	66 0f       	add	r22, r22
    1484:	77 1f       	adc	r23, r23
    1486:	88 1f       	adc	r24, r24
    1488:	da f7       	brpl	.-10     	; 0x1480 <__floatsisf+0x62>
    148a:	88 0f       	add	r24, r24
    148c:	96 95       	lsr	r25
    148e:	87 95       	ror	r24
    1490:	97 f9       	bld	r25, 7
    1492:	08 95       	ret

00001494 <__fp_inf>:
__fp_inf():
    1494:	97 f9       	bld	r25, 7
    1496:	9f 67       	ori	r25, 0x7F	; 127
    1498:	80 e8       	ldi	r24, 0x80	; 128
    149a:	70 e0       	ldi	r23, 0x00	; 0
    149c:	60 e0       	ldi	r22, 0x00	; 0
    149e:	08 95       	ret

000014a0 <__fp_nan>:
__fp_nan():
    14a0:	9f ef       	ldi	r25, 0xFF	; 255
    14a2:	80 ec       	ldi	r24, 0xC0	; 192
    14a4:	08 95       	ret

000014a6 <__fp_pscA>:
__fp_pscA():
    14a6:	00 24       	eor	r0, r0
    14a8:	0a 94       	dec	r0
    14aa:	16 16       	cp	r1, r22
    14ac:	17 06       	cpc	r1, r23
    14ae:	18 06       	cpc	r1, r24
    14b0:	09 06       	cpc	r0, r25
    14b2:	08 95       	ret

000014b4 <__fp_pscB>:
__fp_pscB():
    14b4:	00 24       	eor	r0, r0
    14b6:	0a 94       	dec	r0
    14b8:	12 16       	cp	r1, r18
    14ba:	13 06       	cpc	r1, r19
    14bc:	14 06       	cpc	r1, r20
    14be:	05 06       	cpc	r0, r21
    14c0:	08 95       	ret

000014c2 <__fp_round>:
__fp_round():
    14c2:	09 2e       	mov	r0, r25
    14c4:	03 94       	inc	r0
    14c6:	00 0c       	add	r0, r0
    14c8:	11 f4       	brne	.+4      	; 0x14ce <__fp_round+0xc>
    14ca:	88 23       	and	r24, r24
    14cc:	52 f0       	brmi	.+20     	; 0x14e2 <__fp_round+0x20>
    14ce:	bb 0f       	add	r27, r27
    14d0:	40 f4       	brcc	.+16     	; 0x14e2 <__fp_round+0x20>
    14d2:	bf 2b       	or	r27, r31
    14d4:	11 f4       	brne	.+4      	; 0x14da <__fp_round+0x18>
    14d6:	60 ff       	sbrs	r22, 0
    14d8:	04 c0       	rjmp	.+8      	; 0x14e2 <__fp_round+0x20>
    14da:	6f 5f       	subi	r22, 0xFF	; 255
    14dc:	7f 4f       	sbci	r23, 0xFF	; 255
    14de:	8f 4f       	sbci	r24, 0xFF	; 255
    14e0:	9f 4f       	sbci	r25, 0xFF	; 255
    14e2:	08 95       	ret

000014e4 <__fp_split3>:
__fp_split3():
    14e4:	57 fd       	sbrc	r21, 7
    14e6:	90 58       	subi	r25, 0x80	; 128
    14e8:	44 0f       	add	r20, r20
    14ea:	55 1f       	adc	r21, r21
    14ec:	59 f0       	breq	.+22     	; 0x1504 <__fp_splitA+0x10>
    14ee:	5f 3f       	cpi	r21, 0xFF	; 255
    14f0:	71 f0       	breq	.+28     	; 0x150e <__fp_splitA+0x1a>
    14f2:	47 95       	ror	r20

000014f4 <__fp_splitA>:
    14f4:	88 0f       	add	r24, r24
    14f6:	97 fb       	bst	r25, 7
    14f8:	99 1f       	adc	r25, r25
    14fa:	61 f0       	breq	.+24     	; 0x1514 <__fp_splitA+0x20>
    14fc:	9f 3f       	cpi	r25, 0xFF	; 255
    14fe:	79 f0       	breq	.+30     	; 0x151e <__fp_splitA+0x2a>
    1500:	87 95       	ror	r24
    1502:	08 95       	ret
    1504:	12 16       	cp	r1, r18
    1506:	13 06       	cpc	r1, r19
    1508:	14 06       	cpc	r1, r20
    150a:	55 1f       	adc	r21, r21
    150c:	f2 cf       	rjmp	.-28     	; 0x14f2 <__fp_split3+0xe>
    150e:	46 95       	lsr	r20
    1510:	f1 df       	rcall	.-30     	; 0x14f4 <__fp_splitA>
    1512:	08 c0       	rjmp	.+16     	; 0x1524 <__fp_splitA+0x30>
    1514:	16 16       	cp	r1, r22
    1516:	17 06       	cpc	r1, r23
    1518:	18 06       	cpc	r1, r24
    151a:	99 1f       	adc	r25, r25
    151c:	f1 cf       	rjmp	.-30     	; 0x1500 <__fp_splitA+0xc>
    151e:	86 95       	lsr	r24
    1520:	71 05       	cpc	r23, r1
    1522:	61 05       	cpc	r22, r1
    1524:	08 94       	sec
    1526:	08 95       	ret

00001528 <__fp_zero>:
__fp_zero():
    1528:	e8 94       	clt

0000152a <__fp_szero>:
    152a:	bb 27       	eor	r27, r27
    152c:	66 27       	eor	r22, r22
    152e:	77 27       	eor	r23, r23
    1530:	cb 01       	movw	r24, r22
    1532:	97 f9       	bld	r25, 7
    1534:	08 95       	ret

00001536 <__udivmodqi4>:
__udivmodqi4():
/home/jenkins-mingw32/workspace/avr-gcc-staging/label/Ubuntu14.04x64-mingw32/gcc-build/avr/avr5/libgcc/../../../../gcc/libgcc/config/avr/lib1funcs.S:1346
    1536:	99 1b       	sub	r25, r25
/home/jenkins-mingw32/workspace/avr-gcc-staging/label/Ubuntu14.04x64-mingw32/gcc-build/avr/avr5/libgcc/../../../../gcc/libgcc/config/avr/lib1funcs.S:1347
    1538:	79 e0       	ldi	r23, 0x09	; 9
/home/jenkins-mingw32/workspace/avr-gcc-staging/label/Ubuntu14.04x64-mingw32/gcc-build/avr/avr5/libgcc/../../../../gcc/libgcc/config/avr/lib1funcs.S:1348
    153a:	04 c0       	rjmp	.+8      	; 0x1544 <__udivmodqi4_ep>

0000153c <__udivmodqi4_loop>:
/home/jenkins-mingw32/workspace/avr-gcc-staging/label/Ubuntu14.04x64-mingw32/gcc-build/avr/avr5/libgcc/../../../../gcc/libgcc/config/avr/lib1funcs.S:1350
    153c:	99 1f       	adc	r25, r25
/home/jenkins-mingw32/workspace/avr-gcc-staging/label/Ubuntu14.04x64-mingw32/gcc-build/avr/avr5/libgcc/../../../../gcc/libgcc/config/avr/lib1funcs.S:1351
    153e:	96 17       	cp	r25, r22
/home/jenkins-mingw32/workspace/avr-gcc-staging/label/Ubuntu14.04x64-mingw32/gcc-build/avr/avr5/libgcc/../../../../gcc/libgcc/config/avr/lib1funcs.S:1352
    1540:	08 f0       	brcs	.+2      	; 0x1544 <__udivmodqi4_ep>
/home/jenkins-mingw32/workspace/avr-gcc-staging/label/Ubuntu14.04x64-mingw32/gcc-build/avr/avr5/libgcc/../../../../gcc/libgcc/config/avr/lib1funcs.S:1353
    1542:	96 1b       	sub	r25, r22

00001544 <__udivmodqi4_ep>:
/home/jenkins-mingw32/workspace/avr-gcc-staging/label/Ubuntu14.04x64-mingw32/gcc-build/avr/avr5/libgcc/../../../../gcc/libgcc/config/avr/lib1funcs.S:1355
    1544:	88 1f       	adc	r24, r24
/home/jenkins-mingw32/workspace/avr-gcc-staging/label/Ubuntu14.04x64-mingw32/gcc-build/avr/avr5/libgcc/../../../../gcc/libgcc/config/avr/lib1funcs.S:1356
    1546:	7a 95       	dec	r23
/home/jenkins-mingw32/workspace/avr-gcc-staging/label/Ubuntu14.04x64-mingw32/gcc-build/avr/avr5/libgcc/../../../../gcc/libgcc/config/avr/lib1funcs.S:1357
    1548:	c9 f7       	brne	.-14     	; 0x153c <__udivmodqi4_loop>
/home/jenkins-mingw32/workspace/avr-gcc-staging/label/Ubuntu14.04x64-mingw32/gcc-build/avr/avr5/libgcc/../../../../gcc/libgcc/config/avr/lib1funcs.S:1358
    154a:	80 95       	com	r24
/home/jenkins-mingw32/workspace/avr-gcc-staging/label/Ubuntu14.04x64-mingw32/gcc-build/avr/avr5/libgcc/../../../../gcc/libgcc/config/avr/lib1funcs.S:1360
    154c:	08 95       	ret

0000154e <__divmodhi4>:
__divmodhi4():
/home/jenkins-mingw32/workspace/avr-gcc-staging/label/Ubuntu14.04x64-mingw32/gcc-build/avr/avr5/libgcc/../../../../gcc/libgcc/config/avr/lib1funcs.S:1440
    154e:	97 fb       	bst	r25, 7
/home/jenkins-mingw32/workspace/avr-gcc-staging/label/Ubuntu14.04x64-mingw32/gcc-build/avr/avr5/libgcc/../../../../gcc/libgcc/config/avr/lib1funcs.S:1441
    1550:	07 2e       	mov	r0, r23
/home/jenkins-mingw32/workspace/avr-gcc-staging/label/Ubuntu14.04x64-mingw32/gcc-build/avr/avr5/libgcc/../../../../gcc/libgcc/config/avr/lib1funcs.S:1442
    1552:	16 f4       	brtc	.+4      	; 0x1558 <__divmodhi4+0xa>
/home/jenkins-mingw32/workspace/avr-gcc-staging/label/Ubuntu14.04x64-mingw32/gcc-build/avr/avr5/libgcc/../../../../gcc/libgcc/config/avr/lib1funcs.S:1443
    1554:	00 94       	com	r0
/home/jenkins-mingw32/workspace/avr-gcc-staging/label/Ubuntu14.04x64-mingw32/gcc-build/avr/avr5/libgcc/../../../../gcc/libgcc/config/avr/lib1funcs.S:1444
    1556:	07 d0       	rcall	.+14     	; 0x1566 <__divmodhi4_neg1>
/home/jenkins-mingw32/workspace/avr-gcc-staging/label/Ubuntu14.04x64-mingw32/gcc-build/avr/avr5/libgcc/../../../../gcc/libgcc/config/avr/lib1funcs.S:1446
    1558:	77 fd       	sbrc	r23, 7
/home/jenkins-mingw32/workspace/avr-gcc-staging/label/Ubuntu14.04x64-mingw32/gcc-build/avr/avr5/libgcc/../../../../gcc/libgcc/config/avr/lib1funcs.S:1447
    155a:	09 d0       	rcall	.+18     	; 0x156e <__divmodhi4_neg2>
/home/jenkins-mingw32/workspace/avr-gcc-staging/label/Ubuntu14.04x64-mingw32/gcc-build/avr/avr5/libgcc/../../../../gcc/libgcc/config/avr/lib1funcs.S:1448
    155c:	0e 94 e3 0a 	call	0x15c6	; 0x15c6 <__udivmodhi4>
/home/jenkins-mingw32/workspace/avr-gcc-staging/label/Ubuntu14.04x64-mingw32/gcc-build/avr/avr5/libgcc/../../../../gcc/libgcc/config/avr/lib1funcs.S:1449
    1560:	07 fc       	sbrc	r0, 7
/home/jenkins-mingw32/workspace/avr-gcc-staging/label/Ubuntu14.04x64-mingw32/gcc-build/avr/avr5/libgcc/../../../../gcc/libgcc/config/avr/lib1funcs.S:1450
    1562:	05 d0       	rcall	.+10     	; 0x156e <__divmodhi4_neg2>
/home/jenkins-mingw32/workspace/avr-gcc-staging/label/Ubuntu14.04x64-mingw32/gcc-build/avr/avr5/libgcc/../../../../gcc/libgcc/config/avr/lib1funcs.S:1451
    1564:	3e f4       	brtc	.+14     	; 0x1574 <__divmodhi4_exit>

00001566 <__divmodhi4_neg1>:
/home/jenkins-mingw32/workspace/avr-gcc-staging/label/Ubuntu14.04x64-mingw32/gcc-build/avr/avr5/libgcc/../../../../gcc/libgcc/config/avr/lib1funcs.S:1454
    1566:	90 95       	com	r25
/home/jenkins-mingw32/workspace/avr-gcc-staging/label/Ubuntu14.04x64-mingw32/gcc-build/avr/avr5/libgcc/../../../../gcc/libgcc/config/avr/lib1funcs.S:1455
    1568:	81 95       	neg	r24
/home/jenkins-mingw32/workspace/avr-gcc-staging/label/Ubuntu14.04x64-mingw32/gcc-build/avr/avr5/libgcc/../../../../gcc/libgcc/config/avr/lib1funcs.S:1456
    156a:	9f 4f       	sbci	r25, 0xFF	; 255
/home/jenkins-mingw32/workspace/avr-gcc-staging/label/Ubuntu14.04x64-mingw32/gcc-build/avr/avr5/libgcc/../../../../gcc/libgcc/config/avr/lib1funcs.S:1457
    156c:	08 95       	ret

0000156e <__divmodhi4_neg2>:
/home/jenkins-mingw32/workspace/avr-gcc-staging/label/Ubuntu14.04x64-mingw32/gcc-build/avr/avr5/libgcc/../../../../gcc/libgcc/config/avr/lib1funcs.S:1460
    156e:	70 95       	com	r23
/home/jenkins-mingw32/workspace/avr-gcc-staging/label/Ubuntu14.04x64-mingw32/gcc-build/avr/avr5/libgcc/../../../../gcc/libgcc/config/avr/lib1funcs.S:1461
    1570:	61 95       	neg	r22
/home/jenkins-mingw32/workspace/avr-gcc-staging/label/Ubuntu14.04x64-mingw32/gcc-build/avr/avr5/libgcc/../../../../gcc/libgcc/config/avr/lib1funcs.S:1462
    1572:	7f 4f       	sbci	r23, 0xFF	; 255

00001574 <__divmodhi4_exit>:
/home/jenkins-mingw32/workspace/avr-gcc-staging/label/Ubuntu14.04x64-mingw32/gcc-build/avr/avr5/libgcc/../../../../gcc/libgcc/config/avr/lib1funcs.S:1464
    1574:	08 95       	ret

00001576 <__udivmodsi4>:
__udivmodsi4():
/home/jenkins-mingw32/workspace/avr-gcc-staging/label/Ubuntu14.04x64-mingw32/gcc-build/avr/avr5/libgcc/../../../../gcc/libgcc/config/avr/lib1funcs.S:1638
    1576:	a1 e2       	ldi	r26, 0x21	; 33
/home/jenkins-mingw32/workspace/avr-gcc-staging/label/Ubuntu14.04x64-mingw32/gcc-build/avr/avr5/libgcc/../../../../gcc/libgcc/config/avr/lib1funcs.S:1639
    1578:	1a 2e       	mov	r1, r26
/home/jenkins-mingw32/workspace/avr-gcc-staging/label/Ubuntu14.04x64-mingw32/gcc-build/avr/avr5/libgcc/../../../../gcc/libgcc/config/avr/lib1funcs.S:1640
    157a:	aa 1b       	sub	r26, r26
/home/jenkins-mingw32/workspace/avr-gcc-staging/label/Ubuntu14.04x64-mingw32/gcc-build/avr/avr5/libgcc/../../../../gcc/libgcc/config/avr/lib1funcs.S:1641
    157c:	bb 1b       	sub	r27, r27
/home/jenkins-mingw32/workspace/avr-gcc-staging/label/Ubuntu14.04x64-mingw32/gcc-build/avr/avr5/libgcc/../../../../gcc/libgcc/config/avr/lib1funcs.S:1642
    157e:	fd 01       	movw	r30, r26
/home/jenkins-mingw32/workspace/avr-gcc-staging/label/Ubuntu14.04x64-mingw32/gcc-build/avr/avr5/libgcc/../../../../gcc/libgcc/config/avr/lib1funcs.S:1644
    1580:	0d c0       	rjmp	.+26     	; 0x159c <__udivmodsi4_ep>

00001582 <__udivmodsi4_loop>:
/home/jenkins-mingw32/workspace/avr-gcc-staging/label/Ubuntu14.04x64-mingw32/gcc-build/avr/avr5/libgcc/../../../../gcc/libgcc/config/avr/lib1funcs.S:1646
    1582:	aa 1f       	adc	r26, r26
/home/jenkins-mingw32/workspace/avr-gcc-staging/label/Ubuntu14.04x64-mingw32/gcc-build/avr/avr5/libgcc/../../../../gcc/libgcc/config/avr/lib1funcs.S:1647
    1584:	bb 1f       	adc	r27, r27
/home/jenkins-mingw32/workspace/avr-gcc-staging/label/Ubuntu14.04x64-mingw32/gcc-build/avr/avr5/libgcc/../../../../gcc/libgcc/config/avr/lib1funcs.S:1648
    1586:	ee 1f       	adc	r30, r30
/home/jenkins-mingw32/workspace/avr-gcc-staging/label/Ubuntu14.04x64-mingw32/gcc-build/avr/avr5/libgcc/../../../../gcc/libgcc/config/avr/lib1funcs.S:1649
    1588:	ff 1f       	adc	r31, r31
/home/jenkins-mingw32/workspace/avr-gcc-staging/label/Ubuntu14.04x64-mingw32/gcc-build/avr/avr5/libgcc/../../../../gcc/libgcc/config/avr/lib1funcs.S:1650
    158a:	a2 17       	cp	r26, r18
/home/jenkins-mingw32/workspace/avr-gcc-staging/label/Ubuntu14.04x64-mingw32/gcc-build/avr/avr5/libgcc/../../../../gcc/libgcc/config/avr/lib1funcs.S:1651
    158c:	b3 07       	cpc	r27, r19
/home/jenkins-mingw32/workspace/avr-gcc-staging/label/Ubuntu14.04x64-mingw32/gcc-build/avr/avr5/libgcc/../../../../gcc/libgcc/config/avr/lib1funcs.S:1652
    158e:	e4 07       	cpc	r30, r20
/home/jenkins-mingw32/workspace/avr-gcc-staging/label/Ubuntu14.04x64-mingw32/gcc-build/avr/avr5/libgcc/../../../../gcc/libgcc/config/avr/lib1funcs.S:1653
    1590:	f5 07       	cpc	r31, r21
/home/jenkins-mingw32/workspace/avr-gcc-staging/label/Ubuntu14.04x64-mingw32/gcc-build/avr/avr5/libgcc/../../../../gcc/libgcc/config/avr/lib1funcs.S:1654
    1592:	20 f0       	brcs	.+8      	; 0x159c <__udivmodsi4_ep>
/home/jenkins-mingw32/workspace/avr-gcc-staging/label/Ubuntu14.04x64-mingw32/gcc-build/avr/avr5/libgcc/../../../../gcc/libgcc/config/avr/lib1funcs.S:1655
    1594:	a2 1b       	sub	r26, r18
/home/jenkins-mingw32/workspace/avr-gcc-staging/label/Ubuntu14.04x64-mingw32/gcc-build/avr/avr5/libgcc/../../../../gcc/libgcc/config/avr/lib1funcs.S:1656
    1596:	b3 0b       	sbc	r27, r19
/home/jenkins-mingw32/workspace/avr-gcc-staging/label/Ubuntu14.04x64-mingw32/gcc-build/avr/avr5/libgcc/../../../../gcc/libgcc/config/avr/lib1funcs.S:1657
    1598:	e4 0b       	sbc	r30, r20
/home/jenkins-mingw32/workspace/avr-gcc-staging/label/Ubuntu14.04x64-mingw32/gcc-build/avr/avr5/libgcc/../../../../gcc/libgcc/config/avr/lib1funcs.S:1658
    159a:	f5 0b       	sbc	r31, r21

0000159c <__udivmodsi4_ep>:
/home/jenkins-mingw32/workspace/avr-gcc-staging/label/Ubuntu14.04x64-mingw32/gcc-build/avr/avr5/libgcc/../../../../gcc/libgcc/config/avr/lib1funcs.S:1660
    159c:	66 1f       	adc	r22, r22
/home/jenkins-mingw32/workspace/avr-gcc-staging/label/Ubuntu14.04x64-mingw32/gcc-build/avr/avr5/libgcc/../../../../gcc/libgcc/config/avr/lib1funcs.S:1661
    159e:	77 1f       	adc	r23, r23
/home/jenkins-mingw32/workspace/avr-gcc-staging/label/Ubuntu14.04x64-mingw32/gcc-build/avr/avr5/libgcc/../../../../gcc/libgcc/config/avr/lib1funcs.S:1662
    15a0:	88 1f       	adc	r24, r24
/home/jenkins-mingw32/workspace/avr-gcc-staging/label/Ubuntu14.04x64-mingw32/gcc-build/avr/avr5/libgcc/../../../../gcc/libgcc/config/avr/lib1funcs.S:1663
    15a2:	99 1f       	adc	r25, r25
/home/jenkins-mingw32/workspace/avr-gcc-staging/label/Ubuntu14.04x64-mingw32/gcc-build/avr/avr5/libgcc/../../../../gcc/libgcc/config/avr/lib1funcs.S:1664
    15a4:	1a 94       	dec	r1
/home/jenkins-mingw32/workspace/avr-gcc-staging/label/Ubuntu14.04x64-mingw32/gcc-build/avr/avr5/libgcc/../../../../gcc/libgcc/config/avr/lib1funcs.S:1665
    15a6:	69 f7       	brne	.-38     	; 0x1582 <__udivmodsi4_loop>
/home/jenkins-mingw32/workspace/avr-gcc-staging/label/Ubuntu14.04x64-mingw32/gcc-build/avr/avr5/libgcc/../../../../gcc/libgcc/config/avr/lib1funcs.S:1667
    15a8:	60 95       	com	r22
/home/jenkins-mingw32/workspace/avr-gcc-staging/label/Ubuntu14.04x64-mingw32/gcc-build/avr/avr5/libgcc/../../../../gcc/libgcc/config/avr/lib1funcs.S:1668
    15aa:	70 95       	com	r23
/home/jenkins-mingw32/workspace/avr-gcc-staging/label/Ubuntu14.04x64-mingw32/gcc-build/avr/avr5/libgcc/../../../../gcc/libgcc/config/avr/lib1funcs.S:1669
    15ac:	80 95       	com	r24
/home/jenkins-mingw32/workspace/avr-gcc-staging/label/Ubuntu14.04x64-mingw32/gcc-build/avr/avr5/libgcc/../../../../gcc/libgcc/config/avr/lib1funcs.S:1670
    15ae:	90 95       	com	r25
/home/jenkins-mingw32/workspace/avr-gcc-staging/label/Ubuntu14.04x64-mingw32/gcc-build/avr/avr5/libgcc/../../../../gcc/libgcc/config/avr/lib1funcs.S:1672
    15b0:	9b 01       	movw	r18, r22
/home/jenkins-mingw32/workspace/avr-gcc-staging/label/Ubuntu14.04x64-mingw32/gcc-build/avr/avr5/libgcc/../../../../gcc/libgcc/config/avr/lib1funcs.S:1674
    15b2:	ac 01       	movw	r20, r24
/home/jenkins-mingw32/workspace/avr-gcc-staging/label/Ubuntu14.04x64-mingw32/gcc-build/avr/avr5/libgcc/../../../../gcc/libgcc/config/avr/lib1funcs.S:1676
    15b4:	bd 01       	movw	r22, r26
/home/jenkins-mingw32/workspace/avr-gcc-staging/label/Ubuntu14.04x64-mingw32/gcc-build/avr/avr5/libgcc/../../../../gcc/libgcc/config/avr/lib1funcs.S:1678
    15b6:	cf 01       	movw	r24, r30
/home/jenkins-mingw32/workspace/avr-gcc-staging/label/Ubuntu14.04x64-mingw32/gcc-build/avr/avr5/libgcc/../../../../gcc/libgcc/config/avr/lib1funcs.S:1680
    15b8:	08 95       	ret

000015ba <__tablejump2__>:
__tablejump2__():
/home/jenkins-mingw32/workspace/avr-gcc-staging/label/Ubuntu14.04x64-mingw32/gcc-build/avr/avr5/libgcc/../../../../gcc/libgcc/config/avr/lib1funcs.S:2296
    15ba:	ee 0f       	add	r30, r30
/home/jenkins-mingw32/workspace/avr-gcc-staging/label/Ubuntu14.04x64-mingw32/gcc-build/avr/avr5/libgcc/../../../../gcc/libgcc/config/avr/lib1funcs.S:2297
    15bc:	ff 1f       	adc	r31, r31
/home/jenkins-mingw32/workspace/avr-gcc-staging/label/Ubuntu14.04x64-mingw32/gcc-build/avr/avr5/libgcc/../../../../gcc/libgcc/config/avr/lib1funcs.S:2328
    15be:	05 90       	lpm	r0, Z+
/home/jenkins-mingw32/workspace/avr-gcc-staging/label/Ubuntu14.04x64-mingw32/gcc-build/avr/avr5/libgcc/../../../../gcc/libgcc/config/avr/lib1funcs.S:2329
    15c0:	f4 91       	lpm	r31, Z
/home/jenkins-mingw32/workspace/avr-gcc-staging/label/Ubuntu14.04x64-mingw32/gcc-build/avr/avr5/libgcc/../../../../gcc/libgcc/config/avr/lib1funcs.S:2330
    15c2:	e0 2d       	mov	r30, r0
/home/jenkins-mingw32/workspace/avr-gcc-staging/label/Ubuntu14.04x64-mingw32/gcc-build/avr/avr5/libgcc/../../../../gcc/libgcc/config/avr/lib1funcs.S:2331
    15c4:	09 94       	ijmp

000015c6 <__udivmodhi4>:
__udivmodhi4():
/home/jenkins-mingw32/workspace/avr-gcc-staging/label/Ubuntu14.04x64-mingw32/gcc-build/avr/avr5/libgcc/../../../../gcc/libgcc/config/avr/lib1funcs.S:1408
    15c6:	aa 1b       	sub	r26, r26
/home/jenkins-mingw32/workspace/avr-gcc-staging/label/Ubuntu14.04x64-mingw32/gcc-build/avr/avr5/libgcc/../../../../gcc/libgcc/config/avr/lib1funcs.S:1409
    15c8:	bb 1b       	sub	r27, r27
/home/jenkins-mingw32/workspace/avr-gcc-staging/label/Ubuntu14.04x64-mingw32/gcc-build/avr/avr5/libgcc/../../../../gcc/libgcc/config/avr/lib1funcs.S:1410
    15ca:	51 e1       	ldi	r21, 0x11	; 17
/home/jenkins-mingw32/workspace/avr-gcc-staging/label/Ubuntu14.04x64-mingw32/gcc-build/avr/avr5/libgcc/../../../../gcc/libgcc/config/avr/lib1funcs.S:1411
    15cc:	07 c0       	rjmp	.+14     	; 0x15dc <__udivmodhi4_ep>

000015ce <__udivmodhi4_loop>:
/home/jenkins-mingw32/workspace/avr-gcc-staging/label/Ubuntu14.04x64-mingw32/gcc-build/avr/avr5/libgcc/../../../../gcc/libgcc/config/avr/lib1funcs.S:1413
    15ce:	aa 1f       	adc	r26, r26
/home/jenkins-mingw32/workspace/avr-gcc-staging/label/Ubuntu14.04x64-mingw32/gcc-build/avr/avr5/libgcc/../../../../gcc/libgcc/config/avr/lib1funcs.S:1414
    15d0:	bb 1f       	adc	r27, r27
/home/jenkins-mingw32/workspace/avr-gcc-staging/label/Ubuntu14.04x64-mingw32/gcc-build/avr/avr5/libgcc/../../../../gcc/libgcc/config/avr/lib1funcs.S:1415
    15d2:	a6 17       	cp	r26, r22
/home/jenkins-mingw32/workspace/avr-gcc-staging/label/Ubuntu14.04x64-mingw32/gcc-build/avr/avr5/libgcc/../../../../gcc/libgcc/config/avr/lib1funcs.S:1416
    15d4:	b7 07       	cpc	r27, r23
/home/jenkins-mingw32/workspace/avr-gcc-staging/label/Ubuntu14.04x64-mingw32/gcc-build/avr/avr5/libgcc/../../../../gcc/libgcc/config/avr/lib1funcs.S:1417
    15d6:	10 f0       	brcs	.+4      	; 0x15dc <__udivmodhi4_ep>
/home/jenkins-mingw32/workspace/avr-gcc-staging/label/Ubuntu14.04x64-mingw32/gcc-build/avr/avr5/libgcc/../../../../gcc/libgcc/config/avr/lib1funcs.S:1418
    15d8:	a6 1b       	sub	r26, r22
/home/jenkins-mingw32/workspace/avr-gcc-staging/label/Ubuntu14.04x64-mingw32/gcc-build/avr/avr5/libgcc/../../../../gcc/libgcc/config/avr/lib1funcs.S:1419
    15da:	b7 0b       	sbc	r27, r23

000015dc <__udivmodhi4_ep>:
/home/jenkins-mingw32/workspace/avr-gcc-staging/label/Ubuntu14.04x64-mingw32/gcc-build/avr/avr5/libgcc/../../../../gcc/libgcc/config/avr/lib1funcs.S:1421
    15dc:	88 1f       	adc	r24, r24
/home/jenkins-mingw32/workspace/avr-gcc-staging/label/Ubuntu14.04x64-mingw32/gcc-build/avr/avr5/libgcc/../../../../gcc/libgcc/config/avr/lib1funcs.S:1422
    15de:	99 1f       	adc	r25, r25
/home/jenkins-mingw32/workspace/avr-gcc-staging/label/Ubuntu14.04x64-mingw32/gcc-build/avr/avr5/libgcc/../../../../gcc/libgcc/config/avr/lib1funcs.S:1423
    15e0:	5a 95       	dec	r21
/home/jenkins-mingw32/workspace/avr-gcc-staging/label/Ubuntu14.04x64-mingw32/gcc-build/avr/avr5/libgcc/../../../../gcc/libgcc/config/avr/lib1funcs.S:1424
    15e2:	a9 f7       	brne	.-22     	; 0x15ce <__udivmodhi4_loop>
/home/jenkins-mingw32/workspace/avr-gcc-staging/label/Ubuntu14.04x64-mingw32/gcc-build/avr/avr5/libgcc/../../../../gcc/libgcc/config/avr/lib1funcs.S:1425
    15e4:	80 95       	com	r24
/home/jenkins-mingw32/workspace/avr-gcc-staging/label/Ubuntu14.04x64-mingw32/gcc-build/avr/avr5/libgcc/../../../../gcc/libgcc/config/avr/lib1funcs.S:1426
    15e6:	90 95       	com	r25
/home/jenkins-mingw32/workspace/avr-gcc-staging/label/Ubuntu14.04x64-mingw32/gcc-build/avr/avr5/libgcc/../../../../gcc/libgcc/config/avr/lib1funcs.S:1428
    15e8:	bc 01       	movw	r22, r24
/home/jenkins-mingw32/workspace/avr-gcc-staging/label/Ubuntu14.04x64-mingw32/gcc-build/avr/avr5/libgcc/../../../../gcc/libgcc/config/avr/lib1funcs.S:1430
    15ea:	cd 01       	movw	r24, r26
/home/jenkins-mingw32/workspace/avr-gcc-staging/label/Ubuntu14.04x64-mingw32/gcc-build/avr/avr5/libgcc/../../../../gcc/libgcc/config/avr/lib1funcs.S:1432
    15ec:	08 95       	ret

000015ee <strcmp>:
strcmp():
    15ee:	fb 01       	movw	r30, r22
    15f0:	dc 01       	movw	r26, r24
    15f2:	8d 91       	ld	r24, X+
    15f4:	01 90       	ld	r0, Z+
    15f6:	80 19       	sub	r24, r0
    15f8:	01 10       	cpse	r0, r1
    15fa:	d9 f3       	breq	.-10     	; 0x15f2 <strcmp+0x4>
    15fc:	99 0b       	sbc	r25, r25
    15fe:	08 95       	ret

00001600 <strcpy>:
strcpy():
    1600:	fb 01       	movw	r30, r22
    1602:	dc 01       	movw	r26, r24
    1604:	01 90       	ld	r0, Z+
    1606:	0d 92       	st	X+, r0
    1608:	00 20       	and	r0, r0
    160a:	e1 f7       	brne	.-8      	; 0x1604 <strcpy+0x4>
    160c:	08 95       	ret

0000160e <sprintf>:
sprintf():
    160e:	ae e0       	ldi	r26, 0x0E	; 14
    1610:	b0 e0       	ldi	r27, 0x00	; 0
    1612:	ed e0       	ldi	r30, 0x0D	; 13
    1614:	fb e0       	ldi	r31, 0x0B	; 11
    1616:	0c 94 b6 0d 	jmp	0x1b6c	; 0x1b6c <__prologue_saves__+0x1c>
    161a:	0d 89       	ldd	r16, Y+21	; 0x15
    161c:	1e 89       	ldd	r17, Y+22	; 0x16
    161e:	86 e0       	ldi	r24, 0x06	; 6
    1620:	8c 83       	std	Y+4, r24	; 0x04
    1622:	1a 83       	std	Y+2, r17	; 0x02
    1624:	09 83       	std	Y+1, r16	; 0x01
    1626:	8f ef       	ldi	r24, 0xFF	; 255
    1628:	9f e7       	ldi	r25, 0x7F	; 127
    162a:	9e 83       	std	Y+6, r25	; 0x06
    162c:	8d 83       	std	Y+5, r24	; 0x05
    162e:	ae 01       	movw	r20, r28
    1630:	47 5e       	subi	r20, 0xE7	; 231
    1632:	5f 4f       	sbci	r21, 0xFF	; 255
    1634:	6f 89       	ldd	r22, Y+23	; 0x17
    1636:	78 8d       	ldd	r23, Y+24	; 0x18
    1638:	ce 01       	movw	r24, r28
    163a:	01 96       	adiw	r24, 0x01	; 1
    163c:	0e 94 2a 0b 	call	0x1654	; 0x1654 <vfprintf>
    1640:	2f 81       	ldd	r18, Y+7	; 0x07
    1642:	38 85       	ldd	r19, Y+8	; 0x08
    1644:	02 0f       	add	r16, r18
    1646:	13 1f       	adc	r17, r19
    1648:	f8 01       	movw	r30, r16
    164a:	10 82       	st	Z, r1
    164c:	2e 96       	adiw	r28, 0x0e	; 14
    164e:	e4 e0       	ldi	r30, 0x04	; 4
    1650:	0c 94 d2 0d 	jmp	0x1ba4	; 0x1ba4 <__epilogue_restores__+0x1c>

00001654 <vfprintf>:
vfprintf():
    1654:	ab e0       	ldi	r26, 0x0B	; 11
    1656:	b0 e0       	ldi	r27, 0x00	; 0
    1658:	e0 e3       	ldi	r30, 0x30	; 48
    165a:	fb e0       	ldi	r31, 0x0B	; 11
    165c:	0c 94 a8 0d 	jmp	0x1b50	; 0x1b50 <__prologue_saves__>
    1660:	7c 01       	movw	r14, r24
    1662:	3b 01       	movw	r6, r22
    1664:	8a 01       	movw	r16, r20
    1666:	fc 01       	movw	r30, r24
    1668:	17 82       	std	Z+7, r1	; 0x07
    166a:	16 82       	std	Z+6, r1	; 0x06
    166c:	83 81       	ldd	r24, Z+3	; 0x03
    166e:	81 ff       	sbrs	r24, 1
    1670:	c8 c1       	rjmp	.+912    	; 0x1a02 <vfprintf+0x3ae>
    1672:	ce 01       	movw	r24, r28
    1674:	01 96       	adiw	r24, 0x01	; 1
    1676:	5c 01       	movw	r10, r24
    1678:	f7 01       	movw	r30, r14
    167a:	93 81       	ldd	r25, Z+3	; 0x03
    167c:	f3 01       	movw	r30, r6
    167e:	93 fd       	sbrc	r25, 3
    1680:	85 91       	lpm	r24, Z+
    1682:	93 ff       	sbrs	r25, 3
    1684:	81 91       	ld	r24, Z+
    1686:	3f 01       	movw	r6, r30
    1688:	88 23       	and	r24, r24
    168a:	09 f4       	brne	.+2      	; 0x168e <vfprintf+0x3a>
    168c:	53 c1       	rjmp	.+678    	; 0x1934 <vfprintf+0x2e0>
    168e:	85 32       	cpi	r24, 0x25	; 37
    1690:	39 f4       	brne	.+14     	; 0x16a0 <vfprintf+0x4c>
    1692:	93 fd       	sbrc	r25, 3
    1694:	85 91       	lpm	r24, Z+
    1696:	93 ff       	sbrs	r25, 3
    1698:	81 91       	ld	r24, Z+
    169a:	3f 01       	movw	r6, r30
    169c:	85 32       	cpi	r24, 0x25	; 37
    169e:	29 f4       	brne	.+10     	; 0x16aa <vfprintf+0x56>
    16a0:	b7 01       	movw	r22, r14
    16a2:	90 e0       	ldi	r25, 0x00	; 0
    16a4:	0e 94 1a 0d 	call	0x1a34	; 0x1a34 <fputc>
    16a8:	e7 cf       	rjmp	.-50     	; 0x1678 <vfprintf+0x24>
    16aa:	91 2c       	mov	r9, r1
    16ac:	21 2c       	mov	r2, r1
    16ae:	31 2c       	mov	r3, r1
    16b0:	ff e1       	ldi	r31, 0x1F	; 31
    16b2:	f3 15       	cp	r31, r3
    16b4:	38 f0       	brcs	.+14     	; 0x16c4 <vfprintf+0x70>
    16b6:	8b 32       	cpi	r24, 0x2B	; 43
    16b8:	11 f1       	breq	.+68     	; 0x16fe <vfprintf+0xaa>
    16ba:	90 f4       	brcc	.+36     	; 0x16e0 <vfprintf+0x8c>
    16bc:	80 32       	cpi	r24, 0x20	; 32
    16be:	09 f1       	breq	.+66     	; 0x1702 <vfprintf+0xae>
    16c0:	83 32       	cpi	r24, 0x23	; 35
    16c2:	29 f1       	breq	.+74     	; 0x170e <vfprintf+0xba>
    16c4:	37 fc       	sbrc	r3, 7
    16c6:	3c c0       	rjmp	.+120    	; 0x1740 <vfprintf+0xec>
    16c8:	20 ed       	ldi	r18, 0xD0	; 208
    16ca:	28 0f       	add	r18, r24
    16cc:	2a 30       	cpi	r18, 0x0A	; 10
    16ce:	50 f5       	brcc	.+84     	; 0x1724 <vfprintf+0xd0>
    16d0:	36 fe       	sbrs	r3, 6
    16d2:	20 c0       	rjmp	.+64     	; 0x1714 <vfprintf+0xc0>
    16d4:	8a e0       	ldi	r24, 0x0A	; 10
    16d6:	98 9e       	mul	r9, r24
    16d8:	20 0d       	add	r18, r0
    16da:	11 24       	eor	r1, r1
    16dc:	92 2e       	mov	r9, r18
    16de:	06 c0       	rjmp	.+12     	; 0x16ec <vfprintf+0x98>
    16e0:	8d 32       	cpi	r24, 0x2D	; 45
    16e2:	91 f0       	breq	.+36     	; 0x1708 <vfprintf+0xb4>
    16e4:	80 33       	cpi	r24, 0x30	; 48
    16e6:	71 f7       	brne	.-36     	; 0x16c4 <vfprintf+0x70>
    16e8:	68 94       	set
    16ea:	30 f8       	bld	r3, 0
    16ec:	f3 01       	movw	r30, r6
    16ee:	93 fd       	sbrc	r25, 3
    16f0:	85 91       	lpm	r24, Z+
    16f2:	93 ff       	sbrs	r25, 3
    16f4:	81 91       	ld	r24, Z+
    16f6:	3f 01       	movw	r6, r30
    16f8:	81 11       	cpse	r24, r1
    16fa:	da cf       	rjmp	.-76     	; 0x16b0 <vfprintf+0x5c>
    16fc:	21 c0       	rjmp	.+66     	; 0x1740 <vfprintf+0xec>
    16fe:	68 94       	set
    1700:	31 f8       	bld	r3, 1
    1702:	68 94       	set
    1704:	32 f8       	bld	r3, 2
    1706:	f2 cf       	rjmp	.-28     	; 0x16ec <vfprintf+0x98>
    1708:	68 94       	set
    170a:	33 f8       	bld	r3, 3
    170c:	ef cf       	rjmp	.-34     	; 0x16ec <vfprintf+0x98>
    170e:	68 94       	set
    1710:	34 f8       	bld	r3, 4
    1712:	ec cf       	rjmp	.-40     	; 0x16ec <vfprintf+0x98>
    1714:	ea e0       	ldi	r30, 0x0A	; 10
    1716:	2e 9e       	mul	r2, r30
    1718:	20 0d       	add	r18, r0
    171a:	11 24       	eor	r1, r1
    171c:	22 2e       	mov	r2, r18
    171e:	68 94       	set
    1720:	35 f8       	bld	r3, 5
    1722:	e4 cf       	rjmp	.-56     	; 0x16ec <vfprintf+0x98>
    1724:	8e 32       	cpi	r24, 0x2E	; 46
    1726:	29 f4       	brne	.+10     	; 0x1732 <vfprintf+0xde>
    1728:	36 fc       	sbrc	r3, 6
    172a:	04 c1       	rjmp	.+520    	; 0x1934 <vfprintf+0x2e0>
    172c:	68 94       	set
    172e:	36 f8       	bld	r3, 6
    1730:	dd cf       	rjmp	.-70     	; 0x16ec <vfprintf+0x98>
    1732:	8c 36       	cpi	r24, 0x6C	; 108
    1734:	19 f4       	brne	.+6      	; 0x173c <vfprintf+0xe8>
    1736:	68 94       	set
    1738:	37 f8       	bld	r3, 7
    173a:	d8 cf       	rjmp	.-80     	; 0x16ec <vfprintf+0x98>
    173c:	88 36       	cpi	r24, 0x68	; 104
    173e:	b1 f2       	breq	.-84     	; 0x16ec <vfprintf+0x98>
    1740:	98 2f       	mov	r25, r24
    1742:	9f 7d       	andi	r25, 0xDF	; 223
    1744:	95 54       	subi	r25, 0x45	; 69
    1746:	93 30       	cpi	r25, 0x03	; 3
    1748:	e0 f0       	brcs	.+56     	; 0x1782 <vfprintf+0x12e>
    174a:	83 36       	cpi	r24, 0x63	; 99
    174c:	a1 f1       	breq	.+104    	; 0x17b6 <vfprintf+0x162>
    174e:	83 37       	cpi	r24, 0x73	; 115
    1750:	c1 f1       	breq	.+112    	; 0x17c2 <vfprintf+0x16e>
    1752:	83 35       	cpi	r24, 0x53	; 83
    1754:	09 f0       	breq	.+2      	; 0x1758 <vfprintf+0x104>
    1756:	63 c0       	rjmp	.+198    	; 0x181e <vfprintf+0x1ca>
    1758:	28 01       	movw	r4, r16
    175a:	f2 e0       	ldi	r31, 0x02	; 2
    175c:	4f 0e       	add	r4, r31
    175e:	51 1c       	adc	r5, r1
    1760:	f8 01       	movw	r30, r16
    1762:	c0 80       	ld	r12, Z
    1764:	d1 80       	ldd	r13, Z+1	; 0x01
    1766:	69 2d       	mov	r22, r9
    1768:	70 e0       	ldi	r23, 0x00	; 0
    176a:	36 fc       	sbrc	r3, 6
    176c:	02 c0       	rjmp	.+4      	; 0x1772 <vfprintf+0x11e>
    176e:	6f ef       	ldi	r22, 0xFF	; 255
    1770:	7f ef       	ldi	r23, 0xFF	; 255
    1772:	c6 01       	movw	r24, r12
    1774:	0e 94 04 0d 	call	0x1a08	; 0x1a08 <strnlen_P>
    1778:	4c 01       	movw	r8, r24
    177a:	68 94       	set
    177c:	37 f8       	bld	r3, 7
    177e:	82 01       	movw	r16, r4
    1780:	0a c0       	rjmp	.+20     	; 0x1796 <vfprintf+0x142>
    1782:	0c 5f       	subi	r16, 0xFC	; 252
    1784:	1f 4f       	sbci	r17, 0xFF	; 255
    1786:	ff e3       	ldi	r31, 0x3F	; 63
    1788:	f9 83       	std	Y+1, r31	; 0x01
    178a:	88 24       	eor	r8, r8
    178c:	83 94       	inc	r8
    178e:	91 2c       	mov	r9, r1
    1790:	65 01       	movw	r12, r10
    1792:	e8 94       	clt
    1794:	37 f8       	bld	r3, 7
    1796:	33 fe       	sbrs	r3, 3
    1798:	2d c0       	rjmp	.+90     	; 0x17f4 <vfprintf+0x1a0>
    179a:	52 2c       	mov	r5, r2
    179c:	81 14       	cp	r8, r1
    179e:	91 04       	cpc	r9, r1
    17a0:	71 f5       	brne	.+92     	; 0x17fe <vfprintf+0x1aa>
    17a2:	55 20       	and	r5, r5
    17a4:	09 f4       	brne	.+2      	; 0x17a8 <vfprintf+0x154>
    17a6:	68 cf       	rjmp	.-304    	; 0x1678 <vfprintf+0x24>
    17a8:	b7 01       	movw	r22, r14
    17aa:	80 e2       	ldi	r24, 0x20	; 32
    17ac:	90 e0       	ldi	r25, 0x00	; 0
    17ae:	0e 94 1a 0d 	call	0x1a34	; 0x1a34 <fputc>
    17b2:	5a 94       	dec	r5
    17b4:	f6 cf       	rjmp	.-20     	; 0x17a2 <vfprintf+0x14e>
    17b6:	f8 01       	movw	r30, r16
    17b8:	80 81       	ld	r24, Z
    17ba:	89 83       	std	Y+1, r24	; 0x01
    17bc:	0e 5f       	subi	r16, 0xFE	; 254
    17be:	1f 4f       	sbci	r17, 0xFF	; 255
    17c0:	e4 cf       	rjmp	.-56     	; 0x178a <vfprintf+0x136>
    17c2:	28 01       	movw	r4, r16
    17c4:	f2 e0       	ldi	r31, 0x02	; 2
    17c6:	4f 0e       	add	r4, r31
    17c8:	51 1c       	adc	r5, r1
    17ca:	f8 01       	movw	r30, r16
    17cc:	c0 80       	ld	r12, Z
    17ce:	d1 80       	ldd	r13, Z+1	; 0x01
    17d0:	69 2d       	mov	r22, r9
    17d2:	70 e0       	ldi	r23, 0x00	; 0
    17d4:	36 fc       	sbrc	r3, 6
    17d6:	02 c0       	rjmp	.+4      	; 0x17dc <vfprintf+0x188>
    17d8:	6f ef       	ldi	r22, 0xFF	; 255
    17da:	7f ef       	ldi	r23, 0xFF	; 255
    17dc:	c6 01       	movw	r24, r12
    17de:	0e 94 0f 0d 	call	0x1a1e	; 0x1a1e <strnlen>
    17e2:	4c 01       	movw	r8, r24
    17e4:	82 01       	movw	r16, r4
    17e6:	d5 cf       	rjmp	.-86     	; 0x1792 <vfprintf+0x13e>
    17e8:	b7 01       	movw	r22, r14
    17ea:	80 e2       	ldi	r24, 0x20	; 32
    17ec:	90 e0       	ldi	r25, 0x00	; 0
    17ee:	0e 94 1a 0d 	call	0x1a34	; 0x1a34 <fputc>
    17f2:	2a 94       	dec	r2
    17f4:	28 14       	cp	r2, r8
    17f6:	19 04       	cpc	r1, r9
    17f8:	09 f0       	breq	.+2      	; 0x17fc <vfprintf+0x1a8>
    17fa:	b0 f7       	brcc	.-20     	; 0x17e8 <vfprintf+0x194>
    17fc:	ce cf       	rjmp	.-100    	; 0x179a <vfprintf+0x146>
    17fe:	f6 01       	movw	r30, r12
    1800:	37 fc       	sbrc	r3, 7
    1802:	85 91       	lpm	r24, Z+
    1804:	37 fe       	sbrs	r3, 7
    1806:	81 91       	ld	r24, Z+
    1808:	6f 01       	movw	r12, r30
    180a:	b7 01       	movw	r22, r14
    180c:	90 e0       	ldi	r25, 0x00	; 0
    180e:	0e 94 1a 0d 	call	0x1a34	; 0x1a34 <fputc>
    1812:	51 10       	cpse	r5, r1
    1814:	5a 94       	dec	r5
    1816:	f1 e0       	ldi	r31, 0x01	; 1
    1818:	8f 1a       	sub	r8, r31
    181a:	91 08       	sbc	r9, r1
    181c:	bf cf       	rjmp	.-130    	; 0x179c <vfprintf+0x148>
    181e:	84 36       	cpi	r24, 0x64	; 100
    1820:	19 f0       	breq	.+6      	; 0x1828 <vfprintf+0x1d4>
    1822:	89 36       	cpi	r24, 0x69	; 105
    1824:	09 f0       	breq	.+2      	; 0x1828 <vfprintf+0x1d4>
    1826:	77 c0       	rjmp	.+238    	; 0x1916 <vfprintf+0x2c2>
    1828:	f8 01       	movw	r30, r16
    182a:	37 fe       	sbrs	r3, 7
    182c:	6b c0       	rjmp	.+214    	; 0x1904 <vfprintf+0x2b0>
    182e:	60 81       	ld	r22, Z
    1830:	71 81       	ldd	r23, Z+1	; 0x01
    1832:	82 81       	ldd	r24, Z+2	; 0x02
    1834:	93 81       	ldd	r25, Z+3	; 0x03
    1836:	0c 5f       	subi	r16, 0xFC	; 252
    1838:	1f 4f       	sbci	r17, 0xFF	; 255
    183a:	f3 2d       	mov	r31, r3
    183c:	ff 76       	andi	r31, 0x6F	; 111
    183e:	3f 2e       	mov	r3, r31
    1840:	97 ff       	sbrs	r25, 7
    1842:	09 c0       	rjmp	.+18     	; 0x1856 <vfprintf+0x202>
    1844:	90 95       	com	r25
    1846:	80 95       	com	r24
    1848:	70 95       	com	r23
    184a:	61 95       	neg	r22
    184c:	7f 4f       	sbci	r23, 0xFF	; 255
    184e:	8f 4f       	sbci	r24, 0xFF	; 255
    1850:	9f 4f       	sbci	r25, 0xFF	; 255
    1852:	68 94       	set
    1854:	37 f8       	bld	r3, 7
    1856:	2a e0       	ldi	r18, 0x0A	; 10
    1858:	30 e0       	ldi	r19, 0x00	; 0
    185a:	a5 01       	movw	r20, r10
    185c:	0e 94 4a 0d 	call	0x1a94	; 0x1a94 <__ultoa_invert>
    1860:	c8 2e       	mov	r12, r24
    1862:	ca 18       	sub	r12, r10
    1864:	8c 2c       	mov	r8, r12
    1866:	43 2c       	mov	r4, r3
    1868:	36 fe       	sbrs	r3, 6
    186a:	0c c0       	rjmp	.+24     	; 0x1884 <vfprintf+0x230>
    186c:	e8 94       	clt
    186e:	40 f8       	bld	r4, 0
    1870:	c9 14       	cp	r12, r9
    1872:	40 f4       	brcc	.+16     	; 0x1884 <vfprintf+0x230>
    1874:	34 fe       	sbrs	r3, 4
    1876:	05 c0       	rjmp	.+10     	; 0x1882 <vfprintf+0x22e>
    1878:	32 fc       	sbrc	r3, 2
    187a:	03 c0       	rjmp	.+6      	; 0x1882 <vfprintf+0x22e>
    187c:	f3 2d       	mov	r31, r3
    187e:	fe 7e       	andi	r31, 0xEE	; 238
    1880:	4f 2e       	mov	r4, r31
    1882:	89 2c       	mov	r8, r9
    1884:	44 fe       	sbrs	r4, 4
    1886:	95 c0       	rjmp	.+298    	; 0x19b2 <vfprintf+0x35e>
    1888:	fe 01       	movw	r30, r28
    188a:	ec 0d       	add	r30, r12
    188c:	f1 1d       	adc	r31, r1
    188e:	80 81       	ld	r24, Z
    1890:	80 33       	cpi	r24, 0x30	; 48
    1892:	09 f0       	breq	.+2      	; 0x1896 <vfprintf+0x242>
    1894:	87 c0       	rjmp	.+270    	; 0x19a4 <vfprintf+0x350>
    1896:	24 2d       	mov	r18, r4
    1898:	29 7e       	andi	r18, 0xE9	; 233
    189a:	42 2e       	mov	r4, r18
    189c:	84 2d       	mov	r24, r4
    189e:	88 70       	andi	r24, 0x08	; 8
    18a0:	58 2e       	mov	r5, r24
    18a2:	43 fc       	sbrc	r4, 3
    18a4:	95 c0       	rjmp	.+298    	; 0x19d0 <vfprintf+0x37c>
    18a6:	40 fe       	sbrs	r4, 0
    18a8:	8f c0       	rjmp	.+286    	; 0x19c8 <vfprintf+0x374>
    18aa:	9c 2c       	mov	r9, r12
    18ac:	82 14       	cp	r8, r2
    18ae:	18 f4       	brcc	.+6      	; 0x18b6 <vfprintf+0x262>
    18b0:	2c 0c       	add	r2, r12
    18b2:	92 2c       	mov	r9, r2
    18b4:	98 18       	sub	r9, r8
    18b6:	44 fe       	sbrs	r4, 4
    18b8:	91 c0       	rjmp	.+290    	; 0x19dc <vfprintf+0x388>
    18ba:	b7 01       	movw	r22, r14
    18bc:	80 e3       	ldi	r24, 0x30	; 48
    18be:	90 e0       	ldi	r25, 0x00	; 0
    18c0:	0e 94 1a 0d 	call	0x1a34	; 0x1a34 <fputc>
    18c4:	42 fe       	sbrs	r4, 2
    18c6:	09 c0       	rjmp	.+18     	; 0x18da <vfprintf+0x286>
    18c8:	88 e7       	ldi	r24, 0x78	; 120
    18ca:	90 e0       	ldi	r25, 0x00	; 0
    18cc:	41 fe       	sbrs	r4, 1
    18ce:	02 c0       	rjmp	.+4      	; 0x18d4 <vfprintf+0x280>
    18d0:	88 e5       	ldi	r24, 0x58	; 88
    18d2:	90 e0       	ldi	r25, 0x00	; 0
    18d4:	b7 01       	movw	r22, r14
    18d6:	0e 94 1a 0d 	call	0x1a34	; 0x1a34 <fputc>
    18da:	c9 14       	cp	r12, r9
    18dc:	08 f4       	brcc	.+2      	; 0x18e0 <vfprintf+0x28c>
    18de:	8a c0       	rjmp	.+276    	; 0x19f4 <vfprintf+0x3a0>
    18e0:	ca 94       	dec	r12
    18e2:	d1 2c       	mov	r13, r1
    18e4:	9f ef       	ldi	r25, 0xFF	; 255
    18e6:	c9 1a       	sub	r12, r25
    18e8:	d9 0a       	sbc	r13, r25
    18ea:	ca 0c       	add	r12, r10
    18ec:	db 1c       	adc	r13, r11
    18ee:	f6 01       	movw	r30, r12
    18f0:	82 91       	ld	r24, -Z
    18f2:	6f 01       	movw	r12, r30
    18f4:	b7 01       	movw	r22, r14
    18f6:	90 e0       	ldi	r25, 0x00	; 0
    18f8:	0e 94 1a 0d 	call	0x1a34	; 0x1a34 <fputc>
    18fc:	ac 14       	cp	r10, r12
    18fe:	bd 04       	cpc	r11, r13
    1900:	b1 f7       	brne	.-20     	; 0x18ee <vfprintf+0x29a>
    1902:	4f cf       	rjmp	.-354    	; 0x17a2 <vfprintf+0x14e>
    1904:	60 81       	ld	r22, Z
    1906:	71 81       	ldd	r23, Z+1	; 0x01
    1908:	07 2e       	mov	r0, r23
    190a:	00 0c       	add	r0, r0
    190c:	88 0b       	sbc	r24, r24
    190e:	99 0b       	sbc	r25, r25
    1910:	0e 5f       	subi	r16, 0xFE	; 254
    1912:	1f 4f       	sbci	r17, 0xFF	; 255
    1914:	92 cf       	rjmp	.-220    	; 0x183a <vfprintf+0x1e6>
    1916:	d3 2c       	mov	r13, r3
    1918:	e8 94       	clt
    191a:	d4 f8       	bld	r13, 4
    191c:	2a e0       	ldi	r18, 0x0A	; 10
    191e:	30 e0       	ldi	r19, 0x00	; 0
    1920:	85 37       	cpi	r24, 0x75	; 117
    1922:	39 f1       	breq	.+78     	; 0x1972 <vfprintf+0x31e>
    1924:	23 2d       	mov	r18, r3
    1926:	29 7f       	andi	r18, 0xF9	; 249
    1928:	d2 2e       	mov	r13, r18
    192a:	8f 36       	cpi	r24, 0x6F	; 111
    192c:	01 f1       	breq	.+64     	; 0x196e <vfprintf+0x31a>
    192e:	48 f4       	brcc	.+18     	; 0x1942 <vfprintf+0x2ee>
    1930:	88 35       	cpi	r24, 0x58	; 88
    1932:	a9 f0       	breq	.+42     	; 0x195e <vfprintf+0x30a>
    1934:	f7 01       	movw	r30, r14
    1936:	86 81       	ldd	r24, Z+6	; 0x06
    1938:	97 81       	ldd	r25, Z+7	; 0x07
    193a:	2b 96       	adiw	r28, 0x0b	; 11
    193c:	e2 e1       	ldi	r30, 0x12	; 18
    193e:	0c 94 c4 0d 	jmp	0x1b88	; 0x1b88 <__epilogue_restores__>
    1942:	80 37       	cpi	r24, 0x70	; 112
    1944:	49 f0       	breq	.+18     	; 0x1958 <vfprintf+0x304>
    1946:	88 37       	cpi	r24, 0x78	; 120
    1948:	a9 f7       	brne	.-22     	; 0x1934 <vfprintf+0x2e0>
    194a:	d4 fe       	sbrs	r13, 4
    194c:	02 c0       	rjmp	.+4      	; 0x1952 <vfprintf+0x2fe>
    194e:	68 94       	set
    1950:	d2 f8       	bld	r13, 2
    1952:	20 e1       	ldi	r18, 0x10	; 16
    1954:	30 e0       	ldi	r19, 0x00	; 0
    1956:	0d c0       	rjmp	.+26     	; 0x1972 <vfprintf+0x31e>
    1958:	68 94       	set
    195a:	d4 f8       	bld	r13, 4
    195c:	f6 cf       	rjmp	.-20     	; 0x194a <vfprintf+0x2f6>
    195e:	34 fe       	sbrs	r3, 4
    1960:	03 c0       	rjmp	.+6      	; 0x1968 <vfprintf+0x314>
    1962:	82 2f       	mov	r24, r18
    1964:	86 60       	ori	r24, 0x06	; 6
    1966:	d8 2e       	mov	r13, r24
    1968:	20 e1       	ldi	r18, 0x10	; 16
    196a:	32 e0       	ldi	r19, 0x02	; 2
    196c:	02 c0       	rjmp	.+4      	; 0x1972 <vfprintf+0x31e>
    196e:	28 e0       	ldi	r18, 0x08	; 8
    1970:	30 e0       	ldi	r19, 0x00	; 0
    1972:	f8 01       	movw	r30, r16
    1974:	d7 fe       	sbrs	r13, 7
    1976:	0f c0       	rjmp	.+30     	; 0x1996 <vfprintf+0x342>
    1978:	60 81       	ld	r22, Z
    197a:	71 81       	ldd	r23, Z+1	; 0x01
    197c:	82 81       	ldd	r24, Z+2	; 0x02
    197e:	93 81       	ldd	r25, Z+3	; 0x03
    1980:	0c 5f       	subi	r16, 0xFC	; 252
    1982:	1f 4f       	sbci	r17, 0xFF	; 255
    1984:	a5 01       	movw	r20, r10
    1986:	0e 94 4a 0d 	call	0x1a94	; 0x1a94 <__ultoa_invert>
    198a:	c8 2e       	mov	r12, r24
    198c:	ca 18       	sub	r12, r10
    198e:	3d 2c       	mov	r3, r13
    1990:	e8 94       	clt
    1992:	37 f8       	bld	r3, 7
    1994:	67 cf       	rjmp	.-306    	; 0x1864 <vfprintf+0x210>
    1996:	60 81       	ld	r22, Z
    1998:	71 81       	ldd	r23, Z+1	; 0x01
    199a:	90 e0       	ldi	r25, 0x00	; 0
    199c:	80 e0       	ldi	r24, 0x00	; 0
    199e:	0e 5f       	subi	r16, 0xFE	; 254
    19a0:	1f 4f       	sbci	r17, 0xFF	; 255
    19a2:	f0 cf       	rjmp	.-32     	; 0x1984 <vfprintf+0x330>
    19a4:	42 fc       	sbrc	r4, 2
    19a6:	02 c0       	rjmp	.+4      	; 0x19ac <vfprintf+0x358>
    19a8:	83 94       	inc	r8
    19aa:	78 cf       	rjmp	.-272    	; 0x189c <vfprintf+0x248>
    19ac:	83 94       	inc	r8
    19ae:	83 94       	inc	r8
    19b0:	75 cf       	rjmp	.-278    	; 0x189c <vfprintf+0x248>
    19b2:	84 2d       	mov	r24, r4
    19b4:	86 78       	andi	r24, 0x86	; 134
    19b6:	09 f4       	brne	.+2      	; 0x19ba <vfprintf+0x366>
    19b8:	71 cf       	rjmp	.-286    	; 0x189c <vfprintf+0x248>
    19ba:	f6 cf       	rjmp	.-20     	; 0x19a8 <vfprintf+0x354>
    19bc:	b7 01       	movw	r22, r14
    19be:	80 e2       	ldi	r24, 0x20	; 32
    19c0:	90 e0       	ldi	r25, 0x00	; 0
    19c2:	0e 94 1a 0d 	call	0x1a34	; 0x1a34 <fputc>
    19c6:	83 94       	inc	r8
    19c8:	82 14       	cp	r8, r2
    19ca:	c0 f3       	brcs	.-16     	; 0x19bc <vfprintf+0x368>
    19cc:	51 2c       	mov	r5, r1
    19ce:	73 cf       	rjmp	.-282    	; 0x18b6 <vfprintf+0x262>
    19d0:	52 2c       	mov	r5, r2
    19d2:	58 18       	sub	r5, r8
    19d4:	82 14       	cp	r8, r2
    19d6:	08 f4       	brcc	.+2      	; 0x19da <vfprintf+0x386>
    19d8:	6e cf       	rjmp	.-292    	; 0x18b6 <vfprintf+0x262>
    19da:	f8 cf       	rjmp	.-16     	; 0x19cc <vfprintf+0x378>
    19dc:	84 2d       	mov	r24, r4
    19de:	86 78       	andi	r24, 0x86	; 134
    19e0:	09 f4       	brne	.+2      	; 0x19e4 <vfprintf+0x390>
    19e2:	7b cf       	rjmp	.-266    	; 0x18da <vfprintf+0x286>
    19e4:	8b e2       	ldi	r24, 0x2B	; 43
    19e6:	41 fe       	sbrs	r4, 1
    19e8:	80 e2       	ldi	r24, 0x20	; 32
    19ea:	47 fc       	sbrc	r4, 7
    19ec:	8d e2       	ldi	r24, 0x2D	; 45
    19ee:	b7 01       	movw	r22, r14
    19f0:	90 e0       	ldi	r25, 0x00	; 0
    19f2:	71 cf       	rjmp	.-286    	; 0x18d6 <vfprintf+0x282>
    19f4:	b7 01       	movw	r22, r14
    19f6:	80 e3       	ldi	r24, 0x30	; 48
    19f8:	90 e0       	ldi	r25, 0x00	; 0
    19fa:	0e 94 1a 0d 	call	0x1a34	; 0x1a34 <fputc>
    19fe:	9a 94       	dec	r9
    1a00:	6c cf       	rjmp	.-296    	; 0x18da <vfprintf+0x286>
    1a02:	8f ef       	ldi	r24, 0xFF	; 255
    1a04:	9f ef       	ldi	r25, 0xFF	; 255
    1a06:	99 cf       	rjmp	.-206    	; 0x193a <vfprintf+0x2e6>

00001a08 <strnlen_P>:
strnlen_P():
    1a08:	fc 01       	movw	r30, r24
    1a0a:	05 90       	lpm	r0, Z+
    1a0c:	61 50       	subi	r22, 0x01	; 1
    1a0e:	70 40       	sbci	r23, 0x00	; 0
    1a10:	01 10       	cpse	r0, r1
    1a12:	d8 f7       	brcc	.-10     	; 0x1a0a <strnlen_P+0x2>
    1a14:	80 95       	com	r24
    1a16:	90 95       	com	r25
    1a18:	8e 0f       	add	r24, r30
    1a1a:	9f 1f       	adc	r25, r31
    1a1c:	08 95       	ret

00001a1e <strnlen>:
strnlen():
    1a1e:	fc 01       	movw	r30, r24
    1a20:	61 50       	subi	r22, 0x01	; 1
    1a22:	70 40       	sbci	r23, 0x00	; 0
    1a24:	01 90       	ld	r0, Z+
    1a26:	01 10       	cpse	r0, r1
    1a28:	d8 f7       	brcc	.-10     	; 0x1a20 <strnlen+0x2>
    1a2a:	80 95       	com	r24
    1a2c:	90 95       	com	r25
    1a2e:	8e 0f       	add	r24, r30
    1a30:	9f 1f       	adc	r25, r31
    1a32:	08 95       	ret

00001a34 <fputc>:
fputc():
    1a34:	0f 93       	push	r16
    1a36:	1f 93       	push	r17
    1a38:	cf 93       	push	r28
    1a3a:	df 93       	push	r29
    1a3c:	18 2f       	mov	r17, r24
    1a3e:	09 2f       	mov	r16, r25
    1a40:	eb 01       	movw	r28, r22
    1a42:	8b 81       	ldd	r24, Y+3	; 0x03
    1a44:	81 fd       	sbrc	r24, 1
    1a46:	09 c0       	rjmp	.+18     	; 0x1a5a <fputc+0x26>
    1a48:	1f ef       	ldi	r17, 0xFF	; 255
    1a4a:	0f ef       	ldi	r16, 0xFF	; 255
    1a4c:	81 2f       	mov	r24, r17
    1a4e:	90 2f       	mov	r25, r16
    1a50:	df 91       	pop	r29
    1a52:	cf 91       	pop	r28
    1a54:	1f 91       	pop	r17
    1a56:	0f 91       	pop	r16
    1a58:	08 95       	ret
    1a5a:	82 ff       	sbrs	r24, 2
    1a5c:	14 c0       	rjmp	.+40     	; 0x1a86 <fputc+0x52>
    1a5e:	2e 81       	ldd	r18, Y+6	; 0x06
    1a60:	3f 81       	ldd	r19, Y+7	; 0x07
    1a62:	8c 81       	ldd	r24, Y+4	; 0x04
    1a64:	9d 81       	ldd	r25, Y+5	; 0x05
    1a66:	28 17       	cp	r18, r24
    1a68:	39 07       	cpc	r19, r25
    1a6a:	3c f4       	brge	.+14     	; 0x1a7a <fputc+0x46>
    1a6c:	e8 81       	ld	r30, Y
    1a6e:	f9 81       	ldd	r31, Y+1	; 0x01
    1a70:	cf 01       	movw	r24, r30
    1a72:	01 96       	adiw	r24, 0x01	; 1
    1a74:	99 83       	std	Y+1, r25	; 0x01
    1a76:	88 83       	st	Y, r24
    1a78:	10 83       	st	Z, r17
    1a7a:	8e 81       	ldd	r24, Y+6	; 0x06
    1a7c:	9f 81       	ldd	r25, Y+7	; 0x07
    1a7e:	01 96       	adiw	r24, 0x01	; 1
    1a80:	9f 83       	std	Y+7, r25	; 0x07
    1a82:	8e 83       	std	Y+6, r24	; 0x06
    1a84:	e3 cf       	rjmp	.-58     	; 0x1a4c <fputc+0x18>
    1a86:	e8 85       	ldd	r30, Y+8	; 0x08
    1a88:	f9 85       	ldd	r31, Y+9	; 0x09
    1a8a:	81 2f       	mov	r24, r17
    1a8c:	09 95       	icall
    1a8e:	89 2b       	or	r24, r25
    1a90:	a1 f3       	breq	.-24     	; 0x1a7a <fputc+0x46>
    1a92:	da cf       	rjmp	.-76     	; 0x1a48 <fputc+0x14>

00001a94 <__ultoa_invert>:
__ultoa_invert():
    1a94:	fa 01       	movw	r30, r20
    1a96:	aa 27       	eor	r26, r26
    1a98:	28 30       	cpi	r18, 0x08	; 8
    1a9a:	51 f1       	breq	.+84     	; 0x1af0 <__ultoa_invert+0x5c>
    1a9c:	20 31       	cpi	r18, 0x10	; 16
    1a9e:	81 f1       	breq	.+96     	; 0x1b00 <__ultoa_invert+0x6c>
    1aa0:	e8 94       	clt
    1aa2:	6f 93       	push	r22
    1aa4:	6e 7f       	andi	r22, 0xFE	; 254
    1aa6:	6e 5f       	subi	r22, 0xFE	; 254
    1aa8:	7f 4f       	sbci	r23, 0xFF	; 255
    1aaa:	8f 4f       	sbci	r24, 0xFF	; 255
    1aac:	9f 4f       	sbci	r25, 0xFF	; 255
    1aae:	af 4f       	sbci	r26, 0xFF	; 255
    1ab0:	b1 e0       	ldi	r27, 0x01	; 1
    1ab2:	3e d0       	rcall	.+124    	; 0x1b30 <__ultoa_invert+0x9c>
    1ab4:	b4 e0       	ldi	r27, 0x04	; 4
    1ab6:	3c d0       	rcall	.+120    	; 0x1b30 <__ultoa_invert+0x9c>
    1ab8:	67 0f       	add	r22, r23
    1aba:	78 1f       	adc	r23, r24
    1abc:	89 1f       	adc	r24, r25
    1abe:	9a 1f       	adc	r25, r26
    1ac0:	a1 1d       	adc	r26, r1
    1ac2:	68 0f       	add	r22, r24
    1ac4:	79 1f       	adc	r23, r25
    1ac6:	8a 1f       	adc	r24, r26
    1ac8:	91 1d       	adc	r25, r1
    1aca:	a1 1d       	adc	r26, r1
    1acc:	6a 0f       	add	r22, r26
    1ace:	71 1d       	adc	r23, r1
    1ad0:	81 1d       	adc	r24, r1
    1ad2:	91 1d       	adc	r25, r1
    1ad4:	a1 1d       	adc	r26, r1
    1ad6:	20 d0       	rcall	.+64     	; 0x1b18 <__ultoa_invert+0x84>
    1ad8:	09 f4       	brne	.+2      	; 0x1adc <__ultoa_invert+0x48>
    1ada:	68 94       	set
    1adc:	3f 91       	pop	r19
    1ade:	2a e0       	ldi	r18, 0x0A	; 10
    1ae0:	26 9f       	mul	r18, r22
    1ae2:	11 24       	eor	r1, r1
    1ae4:	30 19       	sub	r19, r0
    1ae6:	30 5d       	subi	r19, 0xD0	; 208
    1ae8:	31 93       	st	Z+, r19
    1aea:	de f6       	brtc	.-74     	; 0x1aa2 <__ultoa_invert+0xe>
    1aec:	cf 01       	movw	r24, r30
    1aee:	08 95       	ret
    1af0:	46 2f       	mov	r20, r22
    1af2:	47 70       	andi	r20, 0x07	; 7
    1af4:	40 5d       	subi	r20, 0xD0	; 208
    1af6:	41 93       	st	Z+, r20
    1af8:	b3 e0       	ldi	r27, 0x03	; 3
    1afa:	0f d0       	rcall	.+30     	; 0x1b1a <__ultoa_invert+0x86>
    1afc:	c9 f7       	brne	.-14     	; 0x1af0 <__ultoa_invert+0x5c>
    1afe:	f6 cf       	rjmp	.-20     	; 0x1aec <__ultoa_invert+0x58>
    1b00:	46 2f       	mov	r20, r22
    1b02:	4f 70       	andi	r20, 0x0F	; 15
    1b04:	40 5d       	subi	r20, 0xD0	; 208
    1b06:	4a 33       	cpi	r20, 0x3A	; 58
    1b08:	18 f0       	brcs	.+6      	; 0x1b10 <__ultoa_invert+0x7c>
    1b0a:	49 5d       	subi	r20, 0xD9	; 217
    1b0c:	31 fd       	sbrc	r19, 1
    1b0e:	40 52       	subi	r20, 0x20	; 32
    1b10:	41 93       	st	Z+, r20
    1b12:	02 d0       	rcall	.+4      	; 0x1b18 <__ultoa_invert+0x84>
    1b14:	a9 f7       	brne	.-22     	; 0x1b00 <__ultoa_invert+0x6c>
    1b16:	ea cf       	rjmp	.-44     	; 0x1aec <__ultoa_invert+0x58>
    1b18:	b4 e0       	ldi	r27, 0x04	; 4
    1b1a:	a6 95       	lsr	r26
    1b1c:	97 95       	ror	r25
    1b1e:	87 95       	ror	r24
    1b20:	77 95       	ror	r23
    1b22:	67 95       	ror	r22
    1b24:	ba 95       	dec	r27
    1b26:	c9 f7       	brne	.-14     	; 0x1b1a <__ultoa_invert+0x86>
    1b28:	00 97       	sbiw	r24, 0x00	; 0
    1b2a:	61 05       	cpc	r22, r1
    1b2c:	71 05       	cpc	r23, r1
    1b2e:	08 95       	ret
    1b30:	9b 01       	movw	r18, r22
    1b32:	ac 01       	movw	r20, r24
    1b34:	0a 2e       	mov	r0, r26
    1b36:	06 94       	lsr	r0
    1b38:	57 95       	ror	r21
    1b3a:	47 95       	ror	r20
    1b3c:	37 95       	ror	r19
    1b3e:	27 95       	ror	r18
    1b40:	ba 95       	dec	r27
    1b42:	c9 f7       	brne	.-14     	; 0x1b36 <__ultoa_invert+0xa2>
    1b44:	62 0f       	add	r22, r18
    1b46:	73 1f       	adc	r23, r19
    1b48:	84 1f       	adc	r24, r20
    1b4a:	95 1f       	adc	r25, r21
    1b4c:	a0 1d       	adc	r26, r0
    1b4e:	08 95       	ret

00001b50 <__prologue_saves__>:
__prologue_saves__():
/home/jenkins-mingw32/workspace/avr-gcc-staging/label/Ubuntu14.04x64-mingw32/gcc-build/avr/avr5/libgcc/../../../../gcc/libgcc/config/avr/lib1funcs.S:2169
    1b50:	2f 92       	push	r2
/home/jenkins-mingw32/workspace/avr-gcc-staging/label/Ubuntu14.04x64-mingw32/gcc-build/avr/avr5/libgcc/../../../../gcc/libgcc/config/avr/lib1funcs.S:2170
    1b52:	3f 92       	push	r3
/home/jenkins-mingw32/workspace/avr-gcc-staging/label/Ubuntu14.04x64-mingw32/gcc-build/avr/avr5/libgcc/../../../../gcc/libgcc/config/avr/lib1funcs.S:2171
    1b54:	4f 92       	push	r4
/home/jenkins-mingw32/workspace/avr-gcc-staging/label/Ubuntu14.04x64-mingw32/gcc-build/avr/avr5/libgcc/../../../../gcc/libgcc/config/avr/lib1funcs.S:2172
    1b56:	5f 92       	push	r5
/home/jenkins-mingw32/workspace/avr-gcc-staging/label/Ubuntu14.04x64-mingw32/gcc-build/avr/avr5/libgcc/../../../../gcc/libgcc/config/avr/lib1funcs.S:2173
    1b58:	6f 92       	push	r6
/home/jenkins-mingw32/workspace/avr-gcc-staging/label/Ubuntu14.04x64-mingw32/gcc-build/avr/avr5/libgcc/../../../../gcc/libgcc/config/avr/lib1funcs.S:2174
    1b5a:	7f 92       	push	r7
/home/jenkins-mingw32/workspace/avr-gcc-staging/label/Ubuntu14.04x64-mingw32/gcc-build/avr/avr5/libgcc/../../../../gcc/libgcc/config/avr/lib1funcs.S:2175
    1b5c:	8f 92       	push	r8
/home/jenkins-mingw32/workspace/avr-gcc-staging/label/Ubuntu14.04x64-mingw32/gcc-build/avr/avr5/libgcc/../../../../gcc/libgcc/config/avr/lib1funcs.S:2176
    1b5e:	9f 92       	push	r9
/home/jenkins-mingw32/workspace/avr-gcc-staging/label/Ubuntu14.04x64-mingw32/gcc-build/avr/avr5/libgcc/../../../../gcc/libgcc/config/avr/lib1funcs.S:2177
    1b60:	af 92       	push	r10
/home/jenkins-mingw32/workspace/avr-gcc-staging/label/Ubuntu14.04x64-mingw32/gcc-build/avr/avr5/libgcc/../../../../gcc/libgcc/config/avr/lib1funcs.S:2178
    1b62:	bf 92       	push	r11
/home/jenkins-mingw32/workspace/avr-gcc-staging/label/Ubuntu14.04x64-mingw32/gcc-build/avr/avr5/libgcc/../../../../gcc/libgcc/config/avr/lib1funcs.S:2179
    1b64:	cf 92       	push	r12
/home/jenkins-mingw32/workspace/avr-gcc-staging/label/Ubuntu14.04x64-mingw32/gcc-build/avr/avr5/libgcc/../../../../gcc/libgcc/config/avr/lib1funcs.S:2180
    1b66:	df 92       	push	r13
/home/jenkins-mingw32/workspace/avr-gcc-staging/label/Ubuntu14.04x64-mingw32/gcc-build/avr/avr5/libgcc/../../../../gcc/libgcc/config/avr/lib1funcs.S:2181
    1b68:	ef 92       	push	r14
/home/jenkins-mingw32/workspace/avr-gcc-staging/label/Ubuntu14.04x64-mingw32/gcc-build/avr/avr5/libgcc/../../../../gcc/libgcc/config/avr/lib1funcs.S:2182
    1b6a:	ff 92       	push	r15
/home/jenkins-mingw32/workspace/avr-gcc-staging/label/Ubuntu14.04x64-mingw32/gcc-build/avr/avr5/libgcc/../../../../gcc/libgcc/config/avr/lib1funcs.S:2183
    1b6c:	0f 93       	push	r16
/home/jenkins-mingw32/workspace/avr-gcc-staging/label/Ubuntu14.04x64-mingw32/gcc-build/avr/avr5/libgcc/../../../../gcc/libgcc/config/avr/lib1funcs.S:2184
    1b6e:	1f 93       	push	r17
/home/jenkins-mingw32/workspace/avr-gcc-staging/label/Ubuntu14.04x64-mingw32/gcc-build/avr/avr5/libgcc/../../../../gcc/libgcc/config/avr/lib1funcs.S:2185
    1b70:	cf 93       	push	r28
/home/jenkins-mingw32/workspace/avr-gcc-staging/label/Ubuntu14.04x64-mingw32/gcc-build/avr/avr5/libgcc/../../../../gcc/libgcc/config/avr/lib1funcs.S:2186
    1b72:	df 93       	push	r29
/home/jenkins-mingw32/workspace/avr-gcc-staging/label/Ubuntu14.04x64-mingw32/gcc-build/avr/avr5/libgcc/../../../../gcc/libgcc/config/avr/lib1funcs.S:2200
    1b74:	cd b7       	in	r28, 0x3d	; 61
/home/jenkins-mingw32/workspace/avr-gcc-staging/label/Ubuntu14.04x64-mingw32/gcc-build/avr/avr5/libgcc/../../../../gcc/libgcc/config/avr/lib1funcs.S:2201
    1b76:	de b7       	in	r29, 0x3e	; 62
/home/jenkins-mingw32/workspace/avr-gcc-staging/label/Ubuntu14.04x64-mingw32/gcc-build/avr/avr5/libgcc/../../../../gcc/libgcc/config/avr/lib1funcs.S:2202
    1b78:	ca 1b       	sub	r28, r26
/home/jenkins-mingw32/workspace/avr-gcc-staging/label/Ubuntu14.04x64-mingw32/gcc-build/avr/avr5/libgcc/../../../../gcc/libgcc/config/avr/lib1funcs.S:2203
    1b7a:	db 0b       	sbc	r29, r27
/home/jenkins-mingw32/workspace/avr-gcc-staging/label/Ubuntu14.04x64-mingw32/gcc-build/avr/avr5/libgcc/../../../../gcc/libgcc/config/avr/lib1funcs.S:2204
    1b7c:	0f b6       	in	r0, 0x3f	; 63
/home/jenkins-mingw32/workspace/avr-gcc-staging/label/Ubuntu14.04x64-mingw32/gcc-build/avr/avr5/libgcc/../../../../gcc/libgcc/config/avr/lib1funcs.S:2205
    1b7e:	f8 94       	cli
/home/jenkins-mingw32/workspace/avr-gcc-staging/label/Ubuntu14.04x64-mingw32/gcc-build/avr/avr5/libgcc/../../../../gcc/libgcc/config/avr/lib1funcs.S:2206
    1b80:	de bf       	out	0x3e, r29	; 62
/home/jenkins-mingw32/workspace/avr-gcc-staging/label/Ubuntu14.04x64-mingw32/gcc-build/avr/avr5/libgcc/../../../../gcc/libgcc/config/avr/lib1funcs.S:2207
    1b82:	0f be       	out	0x3f, r0	; 63
/home/jenkins-mingw32/workspace/avr-gcc-staging/label/Ubuntu14.04x64-mingw32/gcc-build/avr/avr5/libgcc/../../../../gcc/libgcc/config/avr/lib1funcs.S:2208
    1b84:	cd bf       	out	0x3d, r28	; 61
/home/jenkins-mingw32/workspace/avr-gcc-staging/label/Ubuntu14.04x64-mingw32/gcc-build/avr/avr5/libgcc/../../../../gcc/libgcc/config/avr/lib1funcs.S:2211
    1b86:	09 94       	ijmp

00001b88 <__epilogue_restores__>:
__epilogue_restores__():
/home/jenkins-mingw32/workspace/avr-gcc-staging/label/Ubuntu14.04x64-mingw32/gcc-build/avr/avr5/libgcc/../../../../gcc/libgcc/config/avr/lib1funcs.S:2222
    1b88:	2a 88       	ldd	r2, Y+18	; 0x12
/home/jenkins-mingw32/workspace/avr-gcc-staging/label/Ubuntu14.04x64-mingw32/gcc-build/avr/avr5/libgcc/../../../../gcc/libgcc/config/avr/lib1funcs.S:2223
    1b8a:	39 88       	ldd	r3, Y+17	; 0x11
/home/jenkins-mingw32/workspace/avr-gcc-staging/label/Ubuntu14.04x64-mingw32/gcc-build/avr/avr5/libgcc/../../../../gcc/libgcc/config/avr/lib1funcs.S:2224
    1b8c:	48 88       	ldd	r4, Y+16	; 0x10
/home/jenkins-mingw32/workspace/avr-gcc-staging/label/Ubuntu14.04x64-mingw32/gcc-build/avr/avr5/libgcc/../../../../gcc/libgcc/config/avr/lib1funcs.S:2225
    1b8e:	5f 84       	ldd	r5, Y+15	; 0x0f
/home/jenkins-mingw32/workspace/avr-gcc-staging/label/Ubuntu14.04x64-mingw32/gcc-build/avr/avr5/libgcc/../../../../gcc/libgcc/config/avr/lib1funcs.S:2226
    1b90:	6e 84       	ldd	r6, Y+14	; 0x0e
/home/jenkins-mingw32/workspace/avr-gcc-staging/label/Ubuntu14.04x64-mingw32/gcc-build/avr/avr5/libgcc/../../../../gcc/libgcc/config/avr/lib1funcs.S:2227
    1b92:	7d 84       	ldd	r7, Y+13	; 0x0d
/home/jenkins-mingw32/workspace/avr-gcc-staging/label/Ubuntu14.04x64-mingw32/gcc-build/avr/avr5/libgcc/../../../../gcc/libgcc/config/avr/lib1funcs.S:2228
    1b94:	8c 84       	ldd	r8, Y+12	; 0x0c
/home/jenkins-mingw32/workspace/avr-gcc-staging/label/Ubuntu14.04x64-mingw32/gcc-build/avr/avr5/libgcc/../../../../gcc/libgcc/config/avr/lib1funcs.S:2229
    1b96:	9b 84       	ldd	r9, Y+11	; 0x0b
/home/jenkins-mingw32/workspace/avr-gcc-staging/label/Ubuntu14.04x64-mingw32/gcc-build/avr/avr5/libgcc/../../../../gcc/libgcc/config/avr/lib1funcs.S:2230
    1b98:	aa 84       	ldd	r10, Y+10	; 0x0a
/home/jenkins-mingw32/workspace/avr-gcc-staging/label/Ubuntu14.04x64-mingw32/gcc-build/avr/avr5/libgcc/../../../../gcc/libgcc/config/avr/lib1funcs.S:2231
    1b9a:	b9 84       	ldd	r11, Y+9	; 0x09
/home/jenkins-mingw32/workspace/avr-gcc-staging/label/Ubuntu14.04x64-mingw32/gcc-build/avr/avr5/libgcc/../../../../gcc/libgcc/config/avr/lib1funcs.S:2232
    1b9c:	c8 84       	ldd	r12, Y+8	; 0x08
/home/jenkins-mingw32/workspace/avr-gcc-staging/label/Ubuntu14.04x64-mingw32/gcc-build/avr/avr5/libgcc/../../../../gcc/libgcc/config/avr/lib1funcs.S:2233
    1b9e:	df 80       	ldd	r13, Y+7	; 0x07
/home/jenkins-mingw32/workspace/avr-gcc-staging/label/Ubuntu14.04x64-mingw32/gcc-build/avr/avr5/libgcc/../../../../gcc/libgcc/config/avr/lib1funcs.S:2234
    1ba0:	ee 80       	ldd	r14, Y+6	; 0x06
/home/jenkins-mingw32/workspace/avr-gcc-staging/label/Ubuntu14.04x64-mingw32/gcc-build/avr/avr5/libgcc/../../../../gcc/libgcc/config/avr/lib1funcs.S:2235
    1ba2:	fd 80       	ldd	r15, Y+5	; 0x05
/home/jenkins-mingw32/workspace/avr-gcc-staging/label/Ubuntu14.04x64-mingw32/gcc-build/avr/avr5/libgcc/../../../../gcc/libgcc/config/avr/lib1funcs.S:2236
    1ba4:	0c 81       	ldd	r16, Y+4	; 0x04
/home/jenkins-mingw32/workspace/avr-gcc-staging/label/Ubuntu14.04x64-mingw32/gcc-build/avr/avr5/libgcc/../../../../gcc/libgcc/config/avr/lib1funcs.S:2237
    1ba6:	1b 81       	ldd	r17, Y+3	; 0x03
/home/jenkins-mingw32/workspace/avr-gcc-staging/label/Ubuntu14.04x64-mingw32/gcc-build/avr/avr5/libgcc/../../../../gcc/libgcc/config/avr/lib1funcs.S:2238
    1ba8:	aa 81       	ldd	r26, Y+2	; 0x02
/home/jenkins-mingw32/workspace/avr-gcc-staging/label/Ubuntu14.04x64-mingw32/gcc-build/avr/avr5/libgcc/../../../../gcc/libgcc/config/avr/lib1funcs.S:2252
    1baa:	b9 81       	ldd	r27, Y+1	; 0x01
/home/jenkins-mingw32/workspace/avr-gcc-staging/label/Ubuntu14.04x64-mingw32/gcc-build/avr/avr5/libgcc/../../../../gcc/libgcc/config/avr/lib1funcs.S:2253
    1bac:	ce 0f       	add	r28, r30
/home/jenkins-mingw32/workspace/avr-gcc-staging/label/Ubuntu14.04x64-mingw32/gcc-build/avr/avr5/libgcc/../../../../gcc/libgcc/config/avr/lib1funcs.S:2254
    1bae:	d1 1d       	adc	r29, r1
/home/jenkins-mingw32/workspace/avr-gcc-staging/label/Ubuntu14.04x64-mingw32/gcc-build/avr/avr5/libgcc/../../../../gcc/libgcc/config/avr/lib1funcs.S:2255
    1bb0:	0f b6       	in	r0, 0x3f	; 63
/home/jenkins-mingw32/workspace/avr-gcc-staging/label/Ubuntu14.04x64-mingw32/gcc-build/avr/avr5/libgcc/../../../../gcc/libgcc/config/avr/lib1funcs.S:2256
    1bb2:	f8 94       	cli
/home/jenkins-mingw32/workspace/avr-gcc-staging/label/Ubuntu14.04x64-mingw32/gcc-build/avr/avr5/libgcc/../../../../gcc/libgcc/config/avr/lib1funcs.S:2257
    1bb4:	de bf       	out	0x3e, r29	; 62
/home/jenkins-mingw32/workspace/avr-gcc-staging/label/Ubuntu14.04x64-mingw32/gcc-build/avr/avr5/libgcc/../../../../gcc/libgcc/config/avr/lib1funcs.S:2258
    1bb6:	0f be       	out	0x3f, r0	; 63
/home/jenkins-mingw32/workspace/avr-gcc-staging/label/Ubuntu14.04x64-mingw32/gcc-build/avr/avr5/libgcc/../../../../gcc/libgcc/config/avr/lib1funcs.S:2259
    1bb8:	cd bf       	out	0x3d, r28	; 61
/home/jenkins-mingw32/workspace/avr-gcc-staging/label/Ubuntu14.04x64-mingw32/gcc-build/avr/avr5/libgcc/../../../../gcc/libgcc/config/avr/lib1funcs.S:2260
    1bba:	ed 01       	movw	r28, r26
/home/jenkins-mingw32/workspace/avr-gcc-staging/label/Ubuntu14.04x64-mingw32/gcc-build/avr/avr5/libgcc/../../../../gcc/libgcc/config/avr/lib1funcs.S:2263
    1bbc:	08 95       	ret

00001bbe <_exit>:
exit():
/home/jenkins-mingw32/workspace/avr-gcc-staging/label/Ubuntu14.04x64-mingw32/gcc-build/avr/avr5/libgcc/../../../../gcc/libgcc/config/avr/lib1funcs.S:2278
    1bbe:	f8 94       	cli

00001bc0 <__stop_program>:
__stop_program():
/home/jenkins-mingw32/workspace/avr-gcc-staging/label/Ubuntu14.04x64-mingw32/gcc-build/avr/avr5/libgcc/../../../../gcc/libgcc/config/avr/lib1funcs.S:2280
    1bc0:	ff cf       	rjmp	.-2      	; 0x1bc0 <__stop_program>
