
C:\Users\Utilizador\AppData\Local\arduino\sketches\5F08C5C135911F03426255C71D028ABF/PROGv1.ino.elf:     file format elf32-avr


Disassembly of section .text:

00000000 <__vectors>:
__vectors():
       0:	0c 94 34 00 	jmp	0x68	; 0x68 <__ctors_end>
       4:	0c 94 51 00 	jmp	0xa2	; 0xa2 <__bad_interrupt>
       8:	0c 94 51 00 	jmp	0xa2	; 0xa2 <__bad_interrupt>
       c:	0c 94 51 00 	jmp	0xa2	; 0xa2 <__bad_interrupt>
      10:	0c 94 6f 02 	jmp	0x4de	; 0x4de <__vector_4>
      14:	0c 94 51 00 	jmp	0xa2	; 0xa2 <__bad_interrupt>
      18:	0c 94 51 00 	jmp	0xa2	; 0xa2 <__bad_interrupt>
      1c:	0c 94 51 00 	jmp	0xa2	; 0xa2 <__bad_interrupt>
      20:	0c 94 51 00 	jmp	0xa2	; 0xa2 <__bad_interrupt>
      24:	0c 94 51 00 	jmp	0xa2	; 0xa2 <__bad_interrupt>
      28:	0c 94 51 00 	jmp	0xa2	; 0xa2 <__bad_interrupt>
      2c:	0c 94 51 00 	jmp	0xa2	; 0xa2 <__bad_interrupt>
      30:	0c 94 51 00 	jmp	0xa2	; 0xa2 <__bad_interrupt>
      34:	0c 94 51 00 	jmp	0xa2	; 0xa2 <__bad_interrupt>
      38:	0c 94 cf 02 	jmp	0x59e	; 0x59e <__vector_14>
      3c:	0c 94 51 00 	jmp	0xa2	; 0xa2 <__bad_interrupt>
      40:	0c 94 51 00 	jmp	0xa2	; 0xa2 <__bad_interrupt>
      44:	0c 94 51 00 	jmp	0xa2	; 0xa2 <__bad_interrupt>
      48:	0c 94 51 00 	jmp	0xa2	; 0xa2 <__bad_interrupt>
      4c:	0c 94 51 00 	jmp	0xa2	; 0xa2 <__bad_interrupt>
      50:	0c 94 51 00 	jmp	0xa2	; 0xa2 <__bad_interrupt>
      54:	0c 94 51 00 	jmp	0xa2	; 0xa2 <__bad_interrupt>
      58:	0c 94 51 00 	jmp	0xa2	; 0xa2 <__bad_interrupt>
      5c:	0c 94 51 00 	jmp	0xa2	; 0xa2 <__bad_interrupt>
      60:	0c 94 51 00 	jmp	0xa2	; 0xa2 <__bad_interrupt>
      64:	0c 94 51 00 	jmp	0xa2	; 0xa2 <__bad_interrupt>

00000068 <__ctors_end>:
__trampolines_start():
      68:	11 24       	eor	r1, r1
      6a:	1f be       	out	0x3f, r1	; 63
      6c:	cf ef       	ldi	r28, 0xFF	; 255
      6e:	d8 e0       	ldi	r29, 0x08	; 8
      70:	de bf       	out	0x3e, r29	; 62
      72:	cd bf       	out	0x3d, r28	; 61

00000074 <__do_copy_data>:
__do_copy_data():
/home/jenkins-mingw32/workspace/avr-gcc-staging/label/Ubuntu14.04x64-mingw32/gcc-build/avr/avr5/libgcc/../../../../gcc/libgcc/config/avr/lib1funcs.S:2409
      74:	14 e0       	ldi	r17, 0x04	; 4
/home/jenkins-mingw32/workspace/avr-gcc-staging/label/Ubuntu14.04x64-mingw32/gcc-build/avr/avr5/libgcc/../../../../gcc/libgcc/config/avr/lib1funcs.S:2410
      76:	a0 e0       	ldi	r26, 0x00	; 0
/home/jenkins-mingw32/workspace/avr-gcc-staging/label/Ubuntu14.04x64-mingw32/gcc-build/avr/avr5/libgcc/../../../../gcc/libgcc/config/avr/lib1funcs.S:2411
      78:	b1 e0       	ldi	r27, 0x01	; 1
/home/jenkins-mingw32/workspace/avr-gcc-staging/label/Ubuntu14.04x64-mingw32/gcc-build/avr/avr5/libgcc/../../../../gcc/libgcc/config/avr/lib1funcs.S:2412
      7a:	e2 e7       	ldi	r30, 0x72	; 114
/home/jenkins-mingw32/workspace/avr-gcc-staging/label/Ubuntu14.04x64-mingw32/gcc-build/avr/avr5/libgcc/../../../../gcc/libgcc/config/avr/lib1funcs.S:2413
      7c:	fe e1       	ldi	r31, 0x1E	; 30
/home/jenkins-mingw32/workspace/avr-gcc-staging/label/Ubuntu14.04x64-mingw32/gcc-build/avr/avr5/libgcc/../../../../gcc/libgcc/config/avr/lib1funcs.S:2414
      7e:	02 c0       	rjmp	.+4      	; 0x84 <__do_copy_data+0x10>
/home/jenkins-mingw32/workspace/avr-gcc-staging/label/Ubuntu14.04x64-mingw32/gcc-build/avr/avr5/libgcc/../../../../gcc/libgcc/config/avr/lib1funcs.S:2417
      80:	05 90       	lpm	r0, Z+
/home/jenkins-mingw32/workspace/avr-gcc-staging/label/Ubuntu14.04x64-mingw32/gcc-build/avr/avr5/libgcc/../../../../gcc/libgcc/config/avr/lib1funcs.S:2422
      82:	0d 92       	st	X+, r0
/home/jenkins-mingw32/workspace/avr-gcc-staging/label/Ubuntu14.04x64-mingw32/gcc-build/avr/avr5/libgcc/../../../../gcc/libgcc/config/avr/lib1funcs.S:2424
      84:	ac 30       	cpi	r26, 0x0C	; 12
/home/jenkins-mingw32/workspace/avr-gcc-staging/label/Ubuntu14.04x64-mingw32/gcc-build/avr/avr5/libgcc/../../../../gcc/libgcc/config/avr/lib1funcs.S:2425
      86:	b1 07       	cpc	r27, r17
/home/jenkins-mingw32/workspace/avr-gcc-staging/label/Ubuntu14.04x64-mingw32/gcc-build/avr/avr5/libgcc/../../../../gcc/libgcc/config/avr/lib1funcs.S:2426
      88:	d9 f7       	brne	.-10     	; 0x80 <__do_copy_data+0xc>

0000008a <__do_clear_bss>:
__do_clear_bss():
/home/jenkins-mingw32/workspace/avr-gcc-staging/label/Ubuntu14.04x64-mingw32/gcc-build/avr/avr5/libgcc/../../../../gcc/libgcc/config/avr/lib1funcs.S:2441
      8a:	24 e0       	ldi	r18, 0x04	; 4
/home/jenkins-mingw32/workspace/avr-gcc-staging/label/Ubuntu14.04x64-mingw32/gcc-build/avr/avr5/libgcc/../../../../gcc/libgcc/config/avr/lib1funcs.S:2442
      8c:	ac e0       	ldi	r26, 0x0C	; 12
/home/jenkins-mingw32/workspace/avr-gcc-staging/label/Ubuntu14.04x64-mingw32/gcc-build/avr/avr5/libgcc/../../../../gcc/libgcc/config/avr/lib1funcs.S:2443
      8e:	b4 e0       	ldi	r27, 0x04	; 4
/home/jenkins-mingw32/workspace/avr-gcc-staging/label/Ubuntu14.04x64-mingw32/gcc-build/avr/avr5/libgcc/../../../../gcc/libgcc/config/avr/lib1funcs.S:2444
      90:	01 c0       	rjmp	.+2      	; 0x94 <.do_clear_bss_start>

00000092 <.do_clear_bss_loop>:
/home/jenkins-mingw32/workspace/avr-gcc-staging/label/Ubuntu14.04x64-mingw32/gcc-build/avr/avr5/libgcc/../../../../gcc/libgcc/config/avr/lib1funcs.S:2446
      92:	1d 92       	st	X+, r1

00000094 <.do_clear_bss_start>:
/home/jenkins-mingw32/workspace/avr-gcc-staging/label/Ubuntu14.04x64-mingw32/gcc-build/avr/avr5/libgcc/../../../../gcc/libgcc/config/avr/lib1funcs.S:2448
      94:	a9 3a       	cpi	r26, 0xA9	; 169
/home/jenkins-mingw32/workspace/avr-gcc-staging/label/Ubuntu14.04x64-mingw32/gcc-build/avr/avr5/libgcc/../../../../gcc/libgcc/config/avr/lib1funcs.S:2449
      96:	b2 07       	cpc	r27, r18
/home/jenkins-mingw32/workspace/avr-gcc-staging/label/Ubuntu14.04x64-mingw32/gcc-build/avr/avr5/libgcc/../../../../gcc/libgcc/config/avr/lib1funcs.S:2450
      98:	e1 f7       	brne	.-8      	; 0x92 <.do_clear_bss_loop>
.do_clear_bss_start():
      9a:	0e 94 28 03 	call	0x650	; 0x650 <main>
      9e:	0c 94 37 0f 	jmp	0x1e6e	; 0x1e6e <_exit>

000000a2 <__bad_interrupt>:
__vector_22():
      a2:	0c 94 00 00 	jmp	0	; 0x0 <__vectors>

000000a6 <i2c_write(unsigned char)>:
_Z9i2c_writeh():
C:\Users\Utilizador\Desktop\RAFA\UNI\LABSI-LUMINOSIDADE\LABSI\PROG\PROGv1/PROGv1.ino:484
}
void i2c_stop(void) {
	TWCR = (1 << TWINT) | (1 << TWSTO) | (1 << TWEN);
}
void i2c_write(uint8_t data) {
	TWDR = data;
      a6:	80 93 bb 00 	sts	0x00BB, r24	; 0x8000bb <__DATA_REGION_ORIGIN__+0x5b>
C:\Users\Utilizador\Desktop\RAFA\UNI\LABSI-LUMINOSIDADE\LABSI\PROG\PROGv1/PROGv1.ino:485
	TWCR = (1 << TWINT) | (1 << TWEN);
      aa:	84 e8       	ldi	r24, 0x84	; 132
      ac:	80 93 bc 00 	sts	0x00BC, r24	; 0x8000bc <__DATA_REGION_ORIGIN__+0x5c>
      b0:	81 e2       	ldi	r24, 0x21	; 33
      b2:	9e e4       	ldi	r25, 0x4E	; 78
C:\Users\Utilizador\Desktop\RAFA\UNI\LABSI-LUMINOSIDADE\LABSI\PROG\PROGv1/PROGv1.ino:487
	uint16_t timeout = 0;
	while(!(TWCR & (1 << TWINT)) && timeout < I2C_TIMEOUT_CYCLES) {
      b4:	20 91 bc 00 	lds	r18, 0x00BC	; 0x8000bc <__DATA_REGION_ORIGIN__+0x5c>
      b8:	27 fd       	sbrc	r18, 7
      ba:	02 c0       	rjmp	.+4      	; 0xc0 <i2c_write(unsigned char)+0x1a>
      bc:	01 97       	sbiw	r24, 0x01	; 1
      be:	d1 f7       	brne	.-12     	; 0xb4 <i2c_write(unsigned char)+0xe>
C:\Users\Utilizador\Desktop\RAFA\UNI\LABSI-LUMINOSIDADE\LABSI\PROG\PROGv1/PROGv1.ino:490
		timeout++;
	}
}
      c0:	08 95       	ret

000000c2 <i2c_start()>:
_Z9i2c_startv():
C:\Users\Utilizador\Desktop\RAFA\UNI\LABSI-LUMINOSIDADE\LABSI\PROG\PROGv1/PROGv1.ino:474
	TWBR = 12;
	DDRC &= ~((1 << PC4) | (1 << PC5));
	PORTC |= (1 << PC4) | (1 << PC5);
}
void i2c_start(void) {
	TWCR = (1 << TWINT) | (1 << TWSTA) | (1 << TWEN);
      c2:	84 ea       	ldi	r24, 0xA4	; 164
      c4:	80 93 bc 00 	sts	0x00BC, r24	; 0x8000bc <__DATA_REGION_ORIGIN__+0x5c>
      c8:	81 e2       	ldi	r24, 0x21	; 33
      ca:	9e e4       	ldi	r25, 0x4E	; 78
C:\Users\Utilizador\Desktop\RAFA\UNI\LABSI-LUMINOSIDADE\LABSI\PROG\PROGv1/PROGv1.ino:476
	uint16_t timeout = 0;
	while(!(TWCR & (1 << TWINT)) && timeout < I2C_TIMEOUT_CYCLES) {
      cc:	20 91 bc 00 	lds	r18, 0x00BC	; 0x8000bc <__DATA_REGION_ORIGIN__+0x5c>
      d0:	27 fd       	sbrc	r18, 7
      d2:	02 c0       	rjmp	.+4      	; 0xd8 <i2c_start()+0x16>
      d4:	01 97       	sbiw	r24, 0x01	; 1
      d6:	d1 f7       	brne	.-12     	; 0xcc <i2c_start()+0xa>
C:\Users\Utilizador\Desktop\RAFA\UNI\LABSI-LUMINOSIDADE\LABSI\PROG\PROGv1/PROGv1.ino:479
		timeout++;
	}
}
      d8:	08 95       	ret

000000da <bh1750_read(unsigned char)>:
_Z11bh1750_readh():
C:\Users\Utilizador\Desktop\RAFA\UNI\LABSI-LUMINOSIDADE\LABSI\PROG\PROGv1/PROGv1.ino:648
		return 0;
	}
	i2c_stop();
	return 1;
}
uint16_t bh1750_read(uint8_t addr) {
      da:	cf 93       	push	r28
      dc:	c8 2f       	mov	r28, r24
C:\Users\Utilizador\Desktop\RAFA\UNI\LABSI-LUMINOSIDADE\LABSI\PROG\PROGv1/PROGv1.ino:650
	uint8_t high_byte, low_byte;
	i2c_start();
      de:	0e 94 61 00 	call	0xc2	; 0xc2 <i2c_start()>
i2c_get_status():
C:\Users\Utilizador\Desktop\RAFA\UNI\LABSI-LUMINOSIDADE\LABSI\PROG\PROGv1/PROGv1.ino:508
		timeout++;
	}
	return TWDR;
}
uint8_t i2c_get_status(void) {
	return TWSR & 0b11111000;
      e2:	80 91 b9 00 	lds	r24, 0x00B9	; 0x8000b9 <__DATA_REGION_ORIGIN__+0x59>
      e6:	88 7f       	andi	r24, 0xF8	; 248
_Z11bh1750_readh():
C:\Users\Utilizador\Desktop\RAFA\UNI\LABSI-LUMINOSIDADE\LABSI\PROG\PROGv1/PROGv1.ino:651
	return 1;
}
uint16_t bh1750_read(uint8_t addr) {
	uint8_t high_byte, low_byte;
	i2c_start();
	if(i2c_get_status() != 0x08) {
      e8:	88 30       	cpi	r24, 0x08	; 8
      ea:	39 f0       	breq	.+14     	; 0xfa <bh1750_read(unsigned char)+0x20>
i2c_stop():
C:\Users\Utilizador\Desktop\RAFA\UNI\LABSI-LUMINOSIDADE\LABSI\PROG\PROGv1/PROGv1.ino:481
	while(!(TWCR & (1 << TWINT)) && timeout < I2C_TIMEOUT_CYCLES) {
		timeout++;
	}
}
void i2c_stop(void) {
	TWCR = (1 << TWINT) | (1 << TWSTO) | (1 << TWEN);
      ec:	84 e9       	ldi	r24, 0x94	; 148
      ee:	80 93 bc 00 	sts	0x00BC, r24	; 0x8000bc <__DATA_REGION_ORIGIN__+0x5c>
_Z11bh1750_readh():
C:\Users\Utilizador\Desktop\RAFA\UNI\LABSI-LUMINOSIDADE\LABSI\PROG\PROGv1/PROGv1.ino:658
		return 0;
	}
	i2c_write((addr << 1) | 1);
	if(i2c_get_status() != 0x40) {
		i2c_stop();
		return 0;
      f2:	90 e0       	ldi	r25, 0x00	; 0
      f4:	80 e0       	ldi	r24, 0x00	; 0
C:\Users\Utilizador\Desktop\RAFA\UNI\LABSI-LUMINOSIDADE\LABSI\PROG\PROGv1/PROGv1.ino:667
	i2c_stop();
	uint16_t data = (high_byte << 8) | low_byte;
	uint16_t lux = (uint16_t)((float) data / 1.2);
	if(lux > 65500) lux = 65500;
	return lux;
}
      f6:	cf 91       	pop	r28
      f8:	08 95       	ret
C:\Users\Utilizador\Desktop\RAFA\UNI\LABSI-LUMINOSIDADE\LABSI\PROG\PROGv1/PROGv1.ino:655
	i2c_start();
	if(i2c_get_status() != 0x08) {
		i2c_stop();
		return 0;
	}
	i2c_write((addr << 1) | 1);
      fa:	8c 2f       	mov	r24, r28
      fc:	88 0f       	add	r24, r24
      fe:	81 60       	ori	r24, 0x01	; 1
     100:	0e 94 53 00 	call	0xa6	; 0xa6 <i2c_write(unsigned char)>
i2c_get_status():
C:\Users\Utilizador\Desktop\RAFA\UNI\LABSI-LUMINOSIDADE\LABSI\PROG\PROGv1/PROGv1.ino:508
		timeout++;
	}
	return TWDR;
}
uint8_t i2c_get_status(void) {
	return TWSR & 0b11111000;
     104:	80 91 b9 00 	lds	r24, 0x00B9	; 0x8000b9 <__DATA_REGION_ORIGIN__+0x59>
     108:	88 7f       	andi	r24, 0xF8	; 248
_Z11bh1750_readh():
C:\Users\Utilizador\Desktop\RAFA\UNI\LABSI-LUMINOSIDADE\LABSI\PROG\PROGv1/PROGv1.ino:656
	if(i2c_get_status() != 0x08) {
		i2c_stop();
		return 0;
	}
	i2c_write((addr << 1) | 1);
	if(i2c_get_status() != 0x40) {
     10a:	80 34       	cpi	r24, 0x40	; 64
     10c:	79 f7       	brne	.-34     	; 0xec <bh1750_read(unsigned char)+0x12>
i2c_read_ack():
C:\Users\Utilizador\Desktop\RAFA\UNI\LABSI-LUMINOSIDADE\LABSI\PROG\PROGv1/PROGv1.ino:492
	while(!(TWCR & (1 << TWINT)) && timeout < I2C_TIMEOUT_CYCLES) {
		timeout++;
	}
}
uint8_t i2c_read_ack(void) {
	TWCR = (1 << TWINT) | (1 << TWEN) | (1 << TWEA);
     10e:	84 ec       	ldi	r24, 0xC4	; 196
     110:	80 93 bc 00 	sts	0x00BC, r24	; 0x8000bc <__DATA_REGION_ORIGIN__+0x5c>
     114:	81 e2       	ldi	r24, 0x21	; 33
     116:	9e e4       	ldi	r25, 0x4E	; 78
C:\Users\Utilizador\Desktop\RAFA\UNI\LABSI-LUMINOSIDADE\LABSI\PROG\PROGv1/PROGv1.ino:494
	uint16_t timeout = 0;
	while(!(TWCR & (1 << TWINT)) && timeout < I2C_TIMEOUT_CYCLES) {
     118:	20 91 bc 00 	lds	r18, 0x00BC	; 0x8000bc <__DATA_REGION_ORIGIN__+0x5c>
     11c:	27 fd       	sbrc	r18, 7
     11e:	02 c0       	rjmp	.+4      	; 0x124 <bh1750_read(unsigned char)+0x4a>
     120:	01 97       	sbiw	r24, 0x01	; 1
     122:	d1 f7       	brne	.-12     	; 0x118 <bh1750_read(unsigned char)+0x3e>
C:\Users\Utilizador\Desktop\RAFA\UNI\LABSI-LUMINOSIDADE\LABSI\PROG\PROGv1/PROGv1.ino:497
		timeout++;
	}
	return TWDR;
     124:	60 91 bb 00 	lds	r22, 0x00BB	; 0x8000bb <__DATA_REGION_ORIGIN__+0x5b>
i2c_read_nack():
C:\Users\Utilizador\Desktop\RAFA\UNI\LABSI-LUMINOSIDADE\LABSI\PROG\PROGv1/PROGv1.ino:500
}
uint8_t i2c_read_nack(void) {
	TWCR = (1 << TWINT) | (1 << TWEN);
     128:	84 e8       	ldi	r24, 0x84	; 132
     12a:	80 93 bc 00 	sts	0x00BC, r24	; 0x8000bc <__DATA_REGION_ORIGIN__+0x5c>
     12e:	81 e2       	ldi	r24, 0x21	; 33
     130:	9e e4       	ldi	r25, 0x4E	; 78
C:\Users\Utilizador\Desktop\RAFA\UNI\LABSI-LUMINOSIDADE\LABSI\PROG\PROGv1/PROGv1.ino:502
	uint16_t timeout = 0;
	while(!(TWCR & (1 << TWINT)) && timeout < I2C_TIMEOUT_CYCLES) {
     132:	20 91 bc 00 	lds	r18, 0x00BC	; 0x8000bc <__DATA_REGION_ORIGIN__+0x5c>
     136:	27 fd       	sbrc	r18, 7
     138:	02 c0       	rjmp	.+4      	; 0x13e <bh1750_read(unsigned char)+0x64>
     13a:	01 97       	sbiw	r24, 0x01	; 1
     13c:	d1 f7       	brne	.-12     	; 0x132 <bh1750_read(unsigned char)+0x58>
C:\Users\Utilizador\Desktop\RAFA\UNI\LABSI-LUMINOSIDADE\LABSI\PROG\PROGv1/PROGv1.ino:505
		timeout++;
	}
	return TWDR;
     13e:	80 91 bb 00 	lds	r24, 0x00BB	; 0x8000bb <__DATA_REGION_ORIGIN__+0x5b>
i2c_stop():
C:\Users\Utilizador\Desktop\RAFA\UNI\LABSI-LUMINOSIDADE\LABSI\PROG\PROGv1/PROGv1.ino:481
	while(!(TWCR & (1 << TWINT)) && timeout < I2C_TIMEOUT_CYCLES) {
		timeout++;
	}
}
void i2c_stop(void) {
	TWCR = (1 << TWINT) | (1 << TWSTO) | (1 << TWEN);
     142:	94 e9       	ldi	r25, 0x94	; 148
     144:	90 93 bc 00 	sts	0x00BC, r25	; 0x8000bc <__DATA_REGION_ORIGIN__+0x5c>
_Z11bh1750_readh():
C:\Users\Utilizador\Desktop\RAFA\UNI\LABSI-LUMINOSIDADE\LABSI\PROG\PROGv1/PROGv1.ino:663
		return 0;
	}
	high_byte = i2c_read_ack();
	low_byte = i2c_read_nack();
	i2c_stop();
	uint16_t data = (high_byte << 8) | low_byte;
     148:	76 2f       	mov	r23, r22
     14a:	68 2f       	mov	r22, r24
C:\Users\Utilizador\Desktop\RAFA\UNI\LABSI-LUMINOSIDADE\LABSI\PROG\PROGv1/PROGv1.ino:664
	uint16_t lux = (uint16_t)((float) data / 1.2);
     14c:	90 e0       	ldi	r25, 0x00	; 0
     14e:	80 e0       	ldi	r24, 0x00	; 0
     150:	0e 94 65 0b 	call	0x16ca	; 0x16ca <__floatunsisf>
     154:	2a e9       	ldi	r18, 0x9A	; 154
     156:	39 e9       	ldi	r19, 0x99	; 153
     158:	49 e9       	ldi	r20, 0x99	; 153
     15a:	5f e3       	ldi	r21, 0x3F	; 63
     15c:	0e 94 c4 0a 	call	0x1588	; 0x1588 <__divsf3>
     160:	0e 94 36 0b 	call	0x166c	; 0x166c <__fixunssfsi>
     164:	cb 01       	movw	r24, r22
     166:	6d 3d       	cpi	r22, 0xDD	; 221
     168:	7f 4f       	sbci	r23, 0xFF	; 255
     16a:	28 f2       	brcs	.-118    	; 0xf6 <bh1750_read(unsigned char)+0x1c>
     16c:	8c ed       	ldi	r24, 0xDC	; 220
     16e:	9f ef       	ldi	r25, 0xFF	; 255
     170:	c2 cf       	rjmp	.-124    	; 0xf6 <bh1750_read(unsigned char)+0x1c>

00000172 <bh1750_send(unsigned char, unsigned char)>:
_Z11bh1750_sendhh():
C:\Users\Utilizador\Desktop\RAFA\UNI\LABSI-LUMINOSIDADE\LABSI\PROG\PROGv1/PROGv1.ino:633
    for(uint8_t i = 0; i < 128; i++) {
        ssd1306_data(i < width ? 0xFF : 0x00);
    }
}
// --- BH1750 Functions ---
uint8_t bh1750_send(uint8_t addr, uint8_t data) {
     172:	cf 93       	push	r28
     174:	df 93       	push	r29
     176:	d8 2f       	mov	r29, r24
     178:	c6 2f       	mov	r28, r22
C:\Users\Utilizador\Desktop\RAFA\UNI\LABSI-LUMINOSIDADE\LABSI\PROG\PROGv1/PROGv1.ino:634
	i2c_start();
     17a:	0e 94 61 00 	call	0xc2	; 0xc2 <i2c_start()>
C:\Users\Utilizador\Desktop\RAFA\UNI\LABSI-LUMINOSIDADE\LABSI\PROG\PROGv1/PROGv1.ino:635
	i2c_write(addr << 1 | 0);
     17e:	8d 2f       	mov	r24, r29
     180:	88 0f       	add	r24, r24
     182:	0e 94 53 00 	call	0xa6	; 0xa6 <i2c_write(unsigned char)>
i2c_get_status():
C:\Users\Utilizador\Desktop\RAFA\UNI\LABSI-LUMINOSIDADE\LABSI\PROG\PROGv1/PROGv1.ino:508
		timeout++;
	}
	return TWDR;
}
uint8_t i2c_get_status(void) {
	return TWSR & 0b11111000;
     186:	80 91 b9 00 	lds	r24, 0x00B9	; 0x8000b9 <__DATA_REGION_ORIGIN__+0x59>
     18a:	88 7f       	andi	r24, 0xF8	; 248
_Z11bh1750_sendhh():
C:\Users\Utilizador\Desktop\RAFA\UNI\LABSI-LUMINOSIDADE\LABSI\PROG\PROGv1/PROGv1.ino:636
}
// --- BH1750 Functions ---
uint8_t bh1750_send(uint8_t addr, uint8_t data) {
	i2c_start();
	i2c_write(addr << 1 | 0);
	if(i2c_get_status() != 0x18) { //SLA+W
     18c:	88 31       	cpi	r24, 0x18	; 24
     18e:	39 f0       	breq	.+14     	; 0x19e <bh1750_send(unsigned char, unsigned char)+0x2c>
i2c_stop():
C:\Users\Utilizador\Desktop\RAFA\UNI\LABSI-LUMINOSIDADE\LABSI\PROG\PROGv1/PROGv1.ino:481
	while(!(TWCR & (1 << TWINT)) && timeout < I2C_TIMEOUT_CYCLES) {
		timeout++;
	}
}
void i2c_stop(void) {
	TWCR = (1 << TWINT) | (1 << TWSTO) | (1 << TWEN);
     190:	84 e9       	ldi	r24, 0x94	; 148
     192:	80 93 bc 00 	sts	0x00BC, r24	; 0x8000bc <__DATA_REGION_ORIGIN__+0x5c>
_Z11bh1750_sendhh():
C:\Users\Utilizador\Desktop\RAFA\UNI\LABSI-LUMINOSIDADE\LABSI\PROG\PROGv1/PROGv1.ino:643
		return 0;
	}
	i2c_write(data);
	if(i2c_get_status() != 0x28) { //DATA+ACK
		i2c_stop();
		return 0;
     196:	80 e0       	ldi	r24, 0x00	; 0
C:\Users\Utilizador\Desktop\RAFA\UNI\LABSI-LUMINOSIDADE\LABSI\PROG\PROGv1/PROGv1.ino:647
	}
	i2c_stop();
	return 1;
}
     198:	df 91       	pop	r29
     19a:	cf 91       	pop	r28
     19c:	08 95       	ret
C:\Users\Utilizador\Desktop\RAFA\UNI\LABSI-LUMINOSIDADE\LABSI\PROG\PROGv1/PROGv1.ino:640
	i2c_write(addr << 1 | 0);
	if(i2c_get_status() != 0x18) { //SLA+W
		i2c_stop();
		return 0;
	}
	i2c_write(data);
     19e:	8c 2f       	mov	r24, r28
     1a0:	0e 94 53 00 	call	0xa6	; 0xa6 <i2c_write(unsigned char)>
i2c_get_status():
C:\Users\Utilizador\Desktop\RAFA\UNI\LABSI-LUMINOSIDADE\LABSI\PROG\PROGv1/PROGv1.ino:508
		timeout++;
	}
	return TWDR;
}
uint8_t i2c_get_status(void) {
	return TWSR & 0b11111000;
     1a4:	80 91 b9 00 	lds	r24, 0x00B9	; 0x8000b9 <__DATA_REGION_ORIGIN__+0x59>
     1a8:	88 7f       	andi	r24, 0xF8	; 248
_Z11bh1750_sendhh():
C:\Users\Utilizador\Desktop\RAFA\UNI\LABSI-LUMINOSIDADE\LABSI\PROG\PROGv1/PROGv1.ino:641
	if(i2c_get_status() != 0x18) { //SLA+W
		i2c_stop();
		return 0;
	}
	i2c_write(data);
	if(i2c_get_status() != 0x28) { //DATA+ACK
     1aa:	88 32       	cpi	r24, 0x28	; 40
     1ac:	89 f7       	brne	.-30     	; 0x190 <bh1750_send(unsigned char, unsigned char)+0x1e>
i2c_stop():
C:\Users\Utilizador\Desktop\RAFA\UNI\LABSI-LUMINOSIDADE\LABSI\PROG\PROGv1/PROGv1.ino:481
	while(!(TWCR & (1 << TWINT)) && timeout < I2C_TIMEOUT_CYCLES) {
		timeout++;
	}
}
void i2c_stop(void) {
	TWCR = (1 << TWINT) | (1 << TWSTO) | (1 << TWEN);
     1ae:	84 e9       	ldi	r24, 0x94	; 148
     1b0:	80 93 bc 00 	sts	0x00BC, r24	; 0x8000bc <__DATA_REGION_ORIGIN__+0x5c>
_Z11bh1750_sendhh():
C:\Users\Utilizador\Desktop\RAFA\UNI\LABSI-LUMINOSIDADE\LABSI\PROG\PROGv1/PROGv1.ino:646
	if(i2c_get_status() != 0x28) { //DATA+ACK
		i2c_stop();
		return 0;
	}
	i2c_stop();
	return 1;
     1b4:	81 e0       	ldi	r24, 0x01	; 1
     1b6:	f0 cf       	rjmp	.-32     	; 0x198 <bh1750_send(unsigned char, unsigned char)+0x26>

000001b8 <ssd1306_data(unsigned char)>:
_Z12ssd1306_datah():
C:\Users\Utilizador\Desktop\RAFA\UNI\LABSI-LUMINOSIDADE\LABSI\PROG\PROGv1/PROGv1.ino:517
	i2c_write(SSD1306_ADDR << 1);// Co = 0, D/C = 0 (cmd)
	i2c_write(0x00); 
	i2c_write(cmd);
	i2c_stop(); 
}
void ssd1306_data(uint8_t data) {
     1b8:	cf 93       	push	r28
     1ba:	c8 2f       	mov	r28, r24
C:\Users\Utilizador\Desktop\RAFA\UNI\LABSI-LUMINOSIDADE\LABSI\PROG\PROGv1/PROGv1.ino:518
	i2c_start();
     1bc:	0e 94 61 00 	call	0xc2	; 0xc2 <i2c_start()>
C:\Users\Utilizador\Desktop\RAFA\UNI\LABSI-LUMINOSIDADE\LABSI\PROG\PROGv1/PROGv1.ino:519
	i2c_write(SSD1306_ADDR << 1);// Co = 0, D/C = 1 (data)
     1c0:	88 e7       	ldi	r24, 0x78	; 120
     1c2:	0e 94 53 00 	call	0xa6	; 0xa6 <i2c_write(unsigned char)>
C:\Users\Utilizador\Desktop\RAFA\UNI\LABSI-LUMINOSIDADE\LABSI\PROG\PROGv1/PROGv1.ino:520
	i2c_write(0x40); 
     1c6:	80 e4       	ldi	r24, 0x40	; 64
     1c8:	0e 94 53 00 	call	0xa6	; 0xa6 <i2c_write(unsigned char)>
C:\Users\Utilizador\Desktop\RAFA\UNI\LABSI-LUMINOSIDADE\LABSI\PROG\PROGv1/PROGv1.ino:521
	i2c_write(data); 
     1cc:	8c 2f       	mov	r24, r28
     1ce:	0e 94 53 00 	call	0xa6	; 0xa6 <i2c_write(unsigned char)>
i2c_stop():
C:\Users\Utilizador\Desktop\RAFA\UNI\LABSI-LUMINOSIDADE\LABSI\PROG\PROGv1/PROGv1.ino:481
	while(!(TWCR & (1 << TWINT)) && timeout < I2C_TIMEOUT_CYCLES) {
		timeout++;
	}
}
void i2c_stop(void) {
	TWCR = (1 << TWINT) | (1 << TWSTO) | (1 << TWEN);
     1d2:	84 e9       	ldi	r24, 0x94	; 148
     1d4:	80 93 bc 00 	sts	0x00BC, r24	; 0x8000bc <__DATA_REGION_ORIGIN__+0x5c>
_Z12ssd1306_datah():
C:\Users\Utilizador\Desktop\RAFA\UNI\LABSI-LUMINOSIDADE\LABSI\PROG\PROGv1/PROGv1.ino:523
	i2c_start();
	i2c_write(SSD1306_ADDR << 1);// Co = 0, D/C = 1 (data)
	i2c_write(0x40); 
	i2c_write(data); 
	i2c_stop(); 
}
     1d8:	cf 91       	pop	r28
     1da:	08 95       	ret

000001dc <ssd1306_print(char const*)>:
_Z13ssd1306_printPKc():
C:\Users\Utilizador\Desktop\RAFA\UNI\LABSI-LUMINOSIDADE\LABSI\PROG\PROGv1/PROGv1.ino:560
    if (c < 32 || c > 127) c = '?';
    for (uint8_t i = 0; i < 6; i++) {
        ssd1306_data(font6x8[c - 32][i]);
    }
}
void ssd1306_print(const char *str) {
     1dc:	ef 92       	push	r14
     1de:	ff 92       	push	r15
     1e0:	0f 93       	push	r16
     1e2:	1f 93       	push	r17
     1e4:	cf 93       	push	r28
     1e6:	df 93       	push	r29
     1e8:	7c 01       	movw	r14, r24
C:\Users\Utilizador\Desktop\RAFA\UNI\LABSI-LUMINOSIDADE\LABSI\PROG\PROGv1/PROGv1.ino:561
    while (*str) {
     1ea:	f7 01       	movw	r30, r14
     1ec:	c1 91       	ld	r28, Z+
     1ee:	7f 01       	movw	r14, r30
     1f0:	cc 23       	and	r28, r28
     1f2:	b9 f0       	breq	.+46     	; 0x222 <ssd1306_print(char const*)+0x46>
ssd1306_char():
C:\Users\Utilizador\Desktop\RAFA\UNI\LABSI-LUMINOSIDADE\LABSI\PROG\PROGv1/PROGv1.ino:555
	ssd1306_set_cursor(row, 0); 
	for(uint8_t i = 0; i < 128; i++) 
	ssd1306_data(0x00); 
}
void ssd1306_char(char c) {
    if (c < 32 || c > 127) c = '?';
     1f4:	c0 32       	cpi	r28, 0x20	; 32
     1f6:	0c f4       	brge	.+2      	; 0x1fa <ssd1306_print(char const*)+0x1e>
_Z13ssd1306_printPKc():
     1f8:	cf e3       	ldi	r28, 0x3F	; 63
     1fa:	f6 e0       	ldi	r31, 0x06	; 6
     1fc:	cf 02       	muls	r28, r31
     1fe:	e0 01       	movw	r28, r0
     200:	11 24       	eor	r1, r1
     202:	10 e0       	ldi	r17, 0x00	; 0
     204:	00 e0       	ldi	r16, 0x00	; 0
ssd1306_char():
C:\Users\Utilizador\Desktop\RAFA\UNI\LABSI-LUMINOSIDADE\LABSI\PROG\PROGv1/PROGv1.ino:557
    for (uint8_t i = 0; i < 6; i++) {
        ssd1306_data(font6x8[c - 32][i]);
     206:	f8 01       	movw	r30, r16
     208:	ec 0f       	add	r30, r28
     20a:	fd 1f       	adc	r31, r29
     20c:	e1 5b       	subi	r30, 0xB1	; 177
     20e:	ff 4f       	sbci	r31, 0xFF	; 255
     210:	80 81       	ld	r24, Z
     212:	0e 94 dc 00 	call	0x1b8	; 0x1b8 <ssd1306_data(unsigned char)>
     216:	0f 5f       	subi	r16, 0xFF	; 255
     218:	1f 4f       	sbci	r17, 0xFF	; 255
C:\Users\Utilizador\Desktop\RAFA\UNI\LABSI-LUMINOSIDADE\LABSI\PROG\PROGv1/PROGv1.ino:556
	for(uint8_t i = 0; i < 128; i++) 
	ssd1306_data(0x00); 
}
void ssd1306_char(char c) {
    if (c < 32 || c > 127) c = '?';
    for (uint8_t i = 0; i < 6; i++) {
     21a:	06 30       	cpi	r16, 0x06	; 6
     21c:	11 05       	cpc	r17, r1
     21e:	99 f7       	brne	.-26     	; 0x206 <ssd1306_print(char const*)+0x2a>
     220:	e4 cf       	rjmp	.-56     	; 0x1ea <ssd1306_print(char const*)+0xe>
_Z13ssd1306_printPKc():
C:\Users\Utilizador\Desktop\RAFA\UNI\LABSI-LUMINOSIDADE\LABSI\PROG\PROGv1/PROGv1.ino:564
}
void ssd1306_print(const char *str) {
    while (*str) {
        ssd1306_char(*str++);
    }
}
     222:	df 91       	pop	r29
     224:	cf 91       	pop	r28
     226:	1f 91       	pop	r17
     228:	0f 91       	pop	r16
     22a:	ff 90       	pop	r15
     22c:	ef 90       	pop	r14
     22e:	08 95       	ret

00000230 <ssd1306_cmd(unsigned char)>:
_Z11ssd1306_cmdh():
C:\Users\Utilizador\Desktop\RAFA\UNI\LABSI-LUMINOSIDADE\LABSI\PROG\PROGv1/PROGv1.ino:510
	return TWDR;
}
uint8_t i2c_get_status(void) {
	return TWSR & 0b11111000;
}
void ssd1306_cmd(uint8_t cmd) {
     230:	cf 93       	push	r28
     232:	c8 2f       	mov	r28, r24
C:\Users\Utilizador\Desktop\RAFA\UNI\LABSI-LUMINOSIDADE\LABSI\PROG\PROGv1/PROGv1.ino:511
	i2c_start(); // write mode
     234:	0e 94 61 00 	call	0xc2	; 0xc2 <i2c_start()>
C:\Users\Utilizador\Desktop\RAFA\UNI\LABSI-LUMINOSIDADE\LABSI\PROG\PROGv1/PROGv1.ino:512
	i2c_write(SSD1306_ADDR << 1);// Co = 0, D/C = 0 (cmd)
     238:	88 e7       	ldi	r24, 0x78	; 120
     23a:	0e 94 53 00 	call	0xa6	; 0xa6 <i2c_write(unsigned char)>
C:\Users\Utilizador\Desktop\RAFA\UNI\LABSI-LUMINOSIDADE\LABSI\PROG\PROGv1/PROGv1.ino:513
	i2c_write(0x00); 
     23e:	80 e0       	ldi	r24, 0x00	; 0
     240:	0e 94 53 00 	call	0xa6	; 0xa6 <i2c_write(unsigned char)>
C:\Users\Utilizador\Desktop\RAFA\UNI\LABSI-LUMINOSIDADE\LABSI\PROG\PROGv1/PROGv1.ino:514
	i2c_write(cmd);
     244:	8c 2f       	mov	r24, r28
     246:	0e 94 53 00 	call	0xa6	; 0xa6 <i2c_write(unsigned char)>
i2c_stop():
C:\Users\Utilizador\Desktop\RAFA\UNI\LABSI-LUMINOSIDADE\LABSI\PROG\PROGv1/PROGv1.ino:481
	while(!(TWCR & (1 << TWINT)) && timeout < I2C_TIMEOUT_CYCLES) {
		timeout++;
	}
}
void i2c_stop(void) {
	TWCR = (1 << TWINT) | (1 << TWSTO) | (1 << TWEN);
     24a:	84 e9       	ldi	r24, 0x94	; 148
     24c:	80 93 bc 00 	sts	0x00BC, r24	; 0x8000bc <__DATA_REGION_ORIGIN__+0x5c>
_Z11ssd1306_cmdh():
C:\Users\Utilizador\Desktop\RAFA\UNI\LABSI-LUMINOSIDADE\LABSI\PROG\PROGv1/PROGv1.ino:516
	i2c_start(); // write mode
	i2c_write(SSD1306_ADDR << 1);// Co = 0, D/C = 0 (cmd)
	i2c_write(0x00); 
	i2c_write(cmd);
	i2c_stop(); 
}
     250:	cf 91       	pop	r28
     252:	08 95       	ret

00000254 <ssd1306_set_cursor(unsigned char, unsigned char) [clone .constprop.0]>:
_Z18ssd1306_set_cursorhh.constprop.0():
C:\Users\Utilizador\Desktop\RAFA\UNI\LABSI-LUMINOSIDADE\LABSI\PROG\PROGv1/PROGv1.ino:570
void ssd1306_print_xy(uint8_t row, uint8_t col, const char *str) {
    ssd1306_set_cursor(row, col);
    ssd1306_print(str);
}
void ssd1306_set_cursor(uint8_t row, uint8_t col) {
    ssd1306_cmd(0xB0 + row);          // page (0–7)
     254:	80 55       	subi	r24, 0x50	; 80
     256:	0e 94 18 01 	call	0x230	; 0x230 <ssd1306_cmd(unsigned char)>
C:\Users\Utilizador\Desktop\RAFA\UNI\LABSI-LUMINOSIDADE\LABSI\PROG\PROGv1/PROGv1.ino:571
    ssd1306_cmd(0x00 + (col & 0x0F)); // low column
     25a:	80 e0       	ldi	r24, 0x00	; 0
     25c:	0e 94 18 01 	call	0x230	; 0x230 <ssd1306_cmd(unsigned char)>
C:\Users\Utilizador\Desktop\RAFA\UNI\LABSI-LUMINOSIDADE\LABSI\PROG\PROGv1/PROGv1.ino:572
    ssd1306_cmd(0x10 + (col >> 4));   // high column
     260:	80 e1       	ldi	r24, 0x10	; 16
     262:	0c 94 18 01 	jmp	0x230	; 0x230 <ssd1306_cmd(unsigned char)>

00000266 <ssd1306_clear()>:
_Z13ssd1306_clearv():
C:\Users\Utilizador\Desktop\RAFA\UNI\LABSI-LUMINOSIDADE\LABSI\PROG\PROGv1/PROGv1.ino:539
    ssd1306_cmd(0xA6); // Normal
    ssd1306_cmd(0xA8); ssd1306_cmd(0x3F); // Mux
    ssd1306_cmd(0x8D); ssd1306_cmd(0x14); // Charge Pump
    ssd1306_cmd(0xAF); // Display ON
}
void ssd1306_clear(void) {
     266:	cf 93       	push	r28
     268:	df 93       	push	r29
     26a:	c0 eb       	ldi	r28, 0xB0	; 176
C:\Users\Utilizador\Desktop\RAFA\UNI\LABSI-LUMINOSIDADE\LABSI\PROG\PROGv1/PROGv1.ino:541
    for (uint8_t page = 0; page < 8; page++) {
        ssd1306_cmd(0xB0 + page); // page address
     26c:	8c 2f       	mov	r24, r28
     26e:	0e 94 18 01 	call	0x230	; 0x230 <ssd1306_cmd(unsigned char)>
C:\Users\Utilizador\Desktop\RAFA\UNI\LABSI-LUMINOSIDADE\LABSI\PROG\PROGv1/PROGv1.ino:542
        ssd1306_cmd(0x00);        // low column
     272:	80 e0       	ldi	r24, 0x00	; 0
     274:	0e 94 18 01 	call	0x230	; 0x230 <ssd1306_cmd(unsigned char)>
C:\Users\Utilizador\Desktop\RAFA\UNI\LABSI-LUMINOSIDADE\LABSI\PROG\PROGv1/PROGv1.ino:543
        ssd1306_cmd(0x10);        // high column
     278:	80 e1       	ldi	r24, 0x10	; 16
     27a:	0e 94 18 01 	call	0x230	; 0x230 <ssd1306_cmd(unsigned char)>
C:\Users\Utilizador\Desktop\RAFA\UNI\LABSI-LUMINOSIDADE\LABSI\PROG\PROGv1/PROGv1.ino:544
        for (uint8_t col = 0; col < 128; col++) {
     27e:	d0 e0       	ldi	r29, 0x00	; 0
C:\Users\Utilizador\Desktop\RAFA\UNI\LABSI-LUMINOSIDADE\LABSI\PROG\PROGv1/PROGv1.ino:545
            ssd1306_data(0x00);
     280:	80 e0       	ldi	r24, 0x00	; 0
     282:	0e 94 dc 00 	call	0x1b8	; 0x1b8 <ssd1306_data(unsigned char)>
C:\Users\Utilizador\Desktop\RAFA\UNI\LABSI-LUMINOSIDADE\LABSI\PROG\PROGv1/PROGv1.ino:544
void ssd1306_clear(void) {
    for (uint8_t page = 0; page < 8; page++) {
        ssd1306_cmd(0xB0 + page); // page address
        ssd1306_cmd(0x00);        // low column
        ssd1306_cmd(0x10);        // high column
        for (uint8_t col = 0; col < 128; col++) {
     286:	df 5f       	subi	r29, 0xFF	; 255
     288:	d0 38       	cpi	r29, 0x80	; 128
     28a:	d1 f7       	brne	.-12     	; 0x280 <ssd1306_clear()+0x1a>
     28c:	cf 5f       	subi	r28, 0xFF	; 255
C:\Users\Utilizador\Desktop\RAFA\UNI\LABSI-LUMINOSIDADE\LABSI\PROG\PROGv1/PROGv1.ino:540
    ssd1306_cmd(0xA8); ssd1306_cmd(0x3F); // Mux
    ssd1306_cmd(0x8D); ssd1306_cmd(0x14); // Charge Pump
    ssd1306_cmd(0xAF); // Display ON
}
void ssd1306_clear(void) {
    for (uint8_t page = 0; page < 8; page++) {
     28e:	c8 3b       	cpi	r28, 0xB8	; 184
     290:	69 f7       	brne	.-38     	; 0x26c <ssd1306_clear()+0x6>
C:\Users\Utilizador\Desktop\RAFA\UNI\LABSI-LUMINOSIDADE\LABSI\PROG\PROGv1/PROGv1.ino:548
        ssd1306_cmd(0x10);        // high column
        for (uint8_t col = 0; col < 128; col++) {
            ssd1306_data(0x00);
        }
    }
}
     292:	df 91       	pop	r29
     294:	cf 91       	pop	r28
     296:	08 95       	ret

00000298 <buzzer_bips(unsigned char)>:
_Z11buzzer_bipsh():
C:\Users\Utilizador\Desktop\RAFA\UNI\LABSI-LUMINOSIDADE\LABSI\PROG\PROGv1/PROGv1.ino:251
uint8_t IS_DELAY_FINISHED() {
	if(g_delay_counter_2ms == 0) return 1;
	else return 0;
}
void buzzer_bips(uint8_t num_bips) {
	if(g_buzzer_counter == 0) {
     298:	90 91 97 04 	lds	r25, 0x0497	; 0x800497 <g_buzzer_counter>
     29c:	91 11       	cpse	r25, r1
     29e:	06 c0       	rjmp	.+12     	; 0x2ac <buzzer_bips(unsigned char)+0x14>
C:\Users\Utilizador\Desktop\RAFA\UNI\LABSI-LUMINOSIDADE\LABSI\PROG\PROGv1/PROGv1.ino:253
		// Cada bip dura 400ms (200 ticks * 2ms)
		g_buzzer_counter = num_bips * 200;
     2a0:	98 ec       	ldi	r25, 0xC8	; 200
     2a2:	89 9f       	mul	r24, r25
     2a4:	80 2d       	mov	r24, r0
     2a6:	11 24       	eor	r1, r1
     2a8:	80 93 97 04 	sts	0x0497, r24	; 0x800497 <g_buzzer_counter>
C:\Users\Utilizador\Desktop\RAFA\UNI\LABSI-LUMINOSIDADE\LABSI\PROG\PROGv1/PROGv1.ino:255
	}
}
     2ac:	08 95       	ret

000002ae <sonar_is_close(unsigned char)>:
_Z14sonar_is_closeh():
C:\Users\Utilizador\Desktop\RAFA\UNI\LABSI-LUMINOSIDADE\LABSI\PROG\PROGv1/PROGv1.ino:816
void set_led_brightness(uint8_t brightness) {
    if (brightness > MAX_LED_PWM) brightness = MAX_LED_PWM;
    OCR2A = brightness;
    g_led_brightness = brightness;
}
uint8_t sonar_is_close(uint8_t sonar_id){
     2ae:	0f 93       	push	r16
     2b0:	1f 93       	push	r17
C:\Users\Utilizador\Desktop\RAFA\UNI\LABSI-LUMINOSIDADE\LABSI\PROG\PROGv1/PROGv1.ino:822
    static uint32_t last_trigger_time_1 = 0;
    static uint32_t last_trigger_time_2 = 0;
    static uint8_t stable_state_1 = 0;
    static uint8_t stable_state_2 = 0;

    uint32_t *last_time = (sonar_id == 1) ? &last_trigger_time_1 : &last_trigger_time_2;
     2b2:	81 30       	cpi	r24, 0x01	; 1
     2b4:	11 f5       	brne	.+68     	; 0x2fa <sonar_is_close(unsigned char)+0x4c>
     2b6:	00 91 18 04 	lds	r16, 0x0418	; 0x800418 <sonar_is_close(unsigned char)::last_trigger_time_1>
     2ba:	10 91 19 04 	lds	r17, 0x0419	; 0x800419 <sonar_is_close(unsigned char)::last_trigger_time_1+0x1>
     2be:	20 91 1a 04 	lds	r18, 0x041A	; 0x80041a <sonar_is_close(unsigned char)::last_trigger_time_1+0x2>
     2c2:	30 91 1b 04 	lds	r19, 0x041B	; 0x80041b <sonar_is_close(unsigned char)::last_trigger_time_1+0x3>
C:\Users\Utilizador\Desktop\RAFA\UNI\LABSI-LUMINOSIDADE\LABSI\PROG\PROGv1/PROGv1.ino:823
    uint8_t *stable_state = (sonar_id == 1) ? &stable_state_1 : &stable_state_2;
     2c6:	e3 e1       	ldi	r30, 0x13	; 19
     2c8:	f4 e0       	ldi	r31, 0x04	; 4
C:\Users\Utilizador\Desktop\RAFA\UNI\LABSI-LUMINOSIDADE\LABSI\PROG\PROGv1/PROGv1.ino:822
    static uint32_t last_trigger_time_1 = 0;
    static uint32_t last_trigger_time_2 = 0;
    static uint8_t stable_state_1 = 0;
    static uint8_t stable_state_2 = 0;

    uint32_t *last_time = (sonar_id == 1) ? &last_trigger_time_1 : &last_trigger_time_2;
     2ca:	a8 e1       	ldi	r26, 0x18	; 24
     2cc:	b4 e0       	ldi	r27, 0x04	; 4
C:\Users\Utilizador\Desktop\RAFA\UNI\LABSI-LUMINOSIDADE\LABSI\PROG\PROGv1/PROGv1.ino:825
    uint8_t *stable_state = (sonar_id == 1) ? &stable_state_1 : &stable_state_2;

    uint8_t trig_pin = (sonar_id == 1) ? SONAR1_TRIG : SONAR2_TRIG;
     2ce:	92 e0       	ldi	r25, 0x02	; 2
C:\Users\Utilizador\Desktop\RAFA\UNI\LABSI-LUMINOSIDADE\LABSI\PROG\PROGv1/PROGv1.ino:829
    uint8_t echo_pin = (sonar_id == 1) ? SONAR1_ECHO : SONAR2_ECHO;

    // 1) Espera não-bloqueante entre triggers (60ms de silêncio)
    if (g_millis - *last_time < 60) {
     2d0:	40 91 0e 04 	lds	r20, 0x040E	; 0x80040e <g_millis>
     2d4:	50 91 0f 04 	lds	r21, 0x040F	; 0x80040f <g_millis+0x1>
     2d8:	60 91 10 04 	lds	r22, 0x0410	; 0x800410 <g_millis+0x2>
     2dc:	70 91 11 04 	lds	r23, 0x0411	; 0x800411 <g_millis+0x3>
     2e0:	40 1b       	sub	r20, r16
     2e2:	51 0b       	sbc	r21, r17
     2e4:	62 0b       	sbc	r22, r18
     2e6:	73 0b       	sbc	r23, r19
     2e8:	4c 33       	cpi	r20, 0x3C	; 60
     2ea:	51 05       	cpc	r21, r1
     2ec:	61 05       	cpc	r22, r1
     2ee:	71 05       	cpc	r23, r1
     2f0:	90 f4       	brcc	.+36     	; 0x316 <sonar_is_close(unsigned char)+0x68>
C:\Users\Utilizador\Desktop\RAFA\UNI\LABSI-LUMINOSIDADE\LABSI\PROG\PROGv1/PROGv1.ino:844
    // 3) Espera NÃO-BLOQUEANTE pelo echo subir (Timeout curto de ~2ms)
    // Se o sensor estiver desconectado, sai rápido sem travar o código.
    uint16_t timeout = 0;
    while (!(PIND & (1 << echo_pin))) {
        if (++timeout > 16000) {   
            return *stable_state; // Falha ou nada detetado
     2f2:	80 81       	ld	r24, Z
C:\Users\Utilizador\Desktop\RAFA\UNI\LABSI-LUMINOSIDADE\LABSI\PROG\PROGv1/PROGv1.ino:871
    uint8_t reading = (cycles < SONAR_THRESHOLD_TICKS_20CM && cycles > 50) ? 1 : 0;

    // 6) Atualiza estado
    *stable_state = reading;    
    return *stable_state;
}
     2f4:	1f 91       	pop	r17
     2f6:	0f 91       	pop	r16
     2f8:	08 95       	ret
C:\Users\Utilizador\Desktop\RAFA\UNI\LABSI-LUMINOSIDADE\LABSI\PROG\PROGv1/PROGv1.ino:822
    static uint32_t last_trigger_time_1 = 0;
    static uint32_t last_trigger_time_2 = 0;
    static uint8_t stable_state_1 = 0;
    static uint8_t stable_state_2 = 0;

    uint32_t *last_time = (sonar_id == 1) ? &last_trigger_time_1 : &last_trigger_time_2;
     2fa:	00 91 14 04 	lds	r16, 0x0414	; 0x800414 <sonar_is_close(unsigned char)::last_trigger_time_2>
     2fe:	10 91 15 04 	lds	r17, 0x0415	; 0x800415 <sonar_is_close(unsigned char)::last_trigger_time_2+0x1>
     302:	20 91 16 04 	lds	r18, 0x0416	; 0x800416 <sonar_is_close(unsigned char)::last_trigger_time_2+0x2>
     306:	30 91 17 04 	lds	r19, 0x0417	; 0x800417 <sonar_is_close(unsigned char)::last_trigger_time_2+0x3>
C:\Users\Utilizador\Desktop\RAFA\UNI\LABSI-LUMINOSIDADE\LABSI\PROG\PROGv1/PROGv1.ino:823
    uint8_t *stable_state = (sonar_id == 1) ? &stable_state_1 : &stable_state_2;
     30a:	e2 e1       	ldi	r30, 0x12	; 18
     30c:	f4 e0       	ldi	r31, 0x04	; 4
C:\Users\Utilizador\Desktop\RAFA\UNI\LABSI-LUMINOSIDADE\LABSI\PROG\PROGv1/PROGv1.ino:822
    static uint32_t last_trigger_time_1 = 0;
    static uint32_t last_trigger_time_2 = 0;
    static uint8_t stable_state_1 = 0;
    static uint8_t stable_state_2 = 0;

    uint32_t *last_time = (sonar_id == 1) ? &last_trigger_time_1 : &last_trigger_time_2;
     30e:	a4 e1       	ldi	r26, 0x14	; 20
     310:	b4 e0       	ldi	r27, 0x04	; 4
C:\Users\Utilizador\Desktop\RAFA\UNI\LABSI-LUMINOSIDADE\LABSI\PROG\PROGv1/PROGv1.ino:825
    uint8_t *stable_state = (sonar_id == 1) ? &stable_state_1 : &stable_state_2;

    uint8_t trig_pin = (sonar_id == 1) ? SONAR1_TRIG : SONAR2_TRIG;
     312:	93 e0       	ldi	r25, 0x03	; 3
     314:	dd cf       	rjmp	.-70     	; 0x2d0 <sonar_is_close(unsigned char)+0x22>
C:\Users\Utilizador\Desktop\RAFA\UNI\LABSI-LUMINOSIDADE\LABSI\PROG\PROGv1/PROGv1.ino:832

    // 1) Espera não-bloqueante entre triggers (60ms de silêncio)
    if (g_millis - *last_time < 60) {
        return *stable_state;
    }
    *last_time = g_millis;
     316:	40 91 0e 04 	lds	r20, 0x040E	; 0x80040e <g_millis>
     31a:	50 91 0f 04 	lds	r21, 0x040F	; 0x80040f <g_millis+0x1>
     31e:	60 91 10 04 	lds	r22, 0x0410	; 0x800410 <g_millis+0x2>
     322:	70 91 11 04 	lds	r23, 0x0411	; 0x800411 <g_millis+0x3>
     326:	4d 93       	st	X+, r20
     328:	5d 93       	st	X+, r21
     32a:	6d 93       	st	X+, r22
     32c:	7c 93       	st	X, r23
     32e:	13 97       	sbiw	r26, 0x03	; 3
C:\Users\Utilizador\Desktop\RAFA\UNI\LABSI-LUMINOSIDADE\LABSI\PROG\PROGv1/PROGv1.ino:835

    // 2) Trigger de 10us
    PORTC &= ~(1 << trig_pin); _delay_us(2);
     330:	28 b1       	in	r18, 0x08	; 8
     332:	41 e0       	ldi	r20, 0x01	; 1
     334:	50 e0       	ldi	r21, 0x00	; 0
     336:	02 c0       	rjmp	.+4      	; 0x33c <sonar_is_close(unsigned char)+0x8e>
     338:	44 0f       	add	r20, r20
     33a:	55 1f       	adc	r21, r21
     33c:	9a 95       	dec	r25
     33e:	e2 f7       	brpl	.-8      	; 0x338 <sonar_is_close(unsigned char)+0x8a>
     340:	34 2f       	mov	r19, r20
     342:	30 95       	com	r19
     344:	23 23       	and	r18, r19
     346:	28 b9       	out	0x08, r18	; 8
_delay_us():
c:\users\utilizador\appdata\local\arduino15\packages\arduino\tools\avr-gcc\7.3.0-atmel3.6.1-arduino7\avr\include\util/delay.h:276
	#else
		//round up by default
		__ticks_dc = (uint32_t)(ceil(fabs(__tmp)));
	#endif

	__builtin_avr_delay_cycles(__ticks_dc);
     348:	9a e0       	ldi	r25, 0x0A	; 10
     34a:	9a 95       	dec	r25
     34c:	f1 f7       	brne	.-4      	; 0x34a <sonar_is_close(unsigned char)+0x9c>
     34e:	00 c0       	rjmp	.+0      	; 0x350 <sonar_is_close(unsigned char)+0xa2>
_Z14sonar_is_closeh():
C:\Users\Utilizador\Desktop\RAFA\UNI\LABSI-LUMINOSIDADE\LABSI\PROG\PROGv1/PROGv1.ino:836
    PORTC |=  (1 << trig_pin); _delay_us(10);
     350:	28 b1       	in	r18, 0x08	; 8
     352:	24 2b       	or	r18, r20
     354:	28 b9       	out	0x08, r18	; 8
_delay_us():
c:\users\utilizador\appdata\local\arduino15\packages\arduino\tools\avr-gcc\7.3.0-atmel3.6.1-arduino7\avr\include\util/delay.h:276
     356:	95 e3       	ldi	r25, 0x35	; 53
     358:	9a 95       	dec	r25
     35a:	f1 f7       	brne	.-4      	; 0x358 <sonar_is_close(unsigned char)+0xaa>
     35c:	00 00       	nop
_Z14sonar_is_closeh():
C:\Users\Utilizador\Desktop\RAFA\UNI\LABSI-LUMINOSIDADE\LABSI\PROG\PROGv1/PROGv1.ino:837
    PORTC &= ~(1 << trig_pin);
     35e:	98 b1       	in	r25, 0x08	; 8
     360:	93 23       	and	r25, r19
     362:	98 b9       	out	0x08, r25	; 8
     364:	61 e8       	ldi	r22, 0x81	; 129
     366:	7e e3       	ldi	r23, 0x3E	; 62
C:\Users\Utilizador\Desktop\RAFA\UNI\LABSI-LUMINOSIDADE\LABSI\PROG\PROGv1/PROGv1.ino:842

    // 3) Espera NÃO-BLOQUEANTE pelo echo subir (Timeout curto de ~2ms)
    // Se o sensor estiver desconectado, sai rápido sem travar o código.
    uint16_t timeout = 0;
    while (!(PIND & (1 << echo_pin))) {
     368:	29 b1       	in	r18, 0x09	; 9
     36a:	30 e0       	ldi	r19, 0x00	; 0
     36c:	24 23       	and	r18, r20
     36e:	35 23       	and	r19, r21
     370:	23 2b       	or	r18, r19
     372:	21 f4       	brne	.+8      	; 0x37c <sonar_is_close(unsigned char)+0xce>
     374:	61 50       	subi	r22, 0x01	; 1
     376:	71 09       	sbc	r23, r1
C:\Users\Utilizador\Desktop\RAFA\UNI\LABSI-LUMINOSIDADE\LABSI\PROG\PROGv1/PROGv1.ino:843
        if (++timeout > 16000) {   
     378:	b9 f7       	brne	.-18     	; 0x368 <sonar_is_close(unsigned char)+0xba>
     37a:	bb cf       	rjmp	.-138    	; 0x2f2 <sonar_is_close(unsigned char)+0x44>
C:\Users\Utilizador\Desktop\RAFA\UNI\LABSI-LUMINOSIDADE\LABSI\PROG\PROGv1/PROGv1.ino:851
    }

    // 4) Medição BLOQUEANTE (Precisão máxima)
    // Medimos a largura do pulso. Como só nos interessa "perto" (<30cm),
    // isto dura no máximo 1 a 2 ms.
    uint16_t cycles = 0;
     37c:	30 e0       	ldi	r19, 0x00	; 0
     37e:	20 e0       	ldi	r18, 0x00	; 0
C:\Users\Utilizador\Desktop\RAFA\UNI\LABSI-LUMINOSIDADE\LABSI\PROG\PROGv1/PROGv1.ino:852
    while (PIND & (1 << echo_pin)) {
     380:	69 b1       	in	r22, 0x09	; 9
     382:	70 e0       	ldi	r23, 0x00	; 0
     384:	64 23       	and	r22, r20
     386:	75 23       	and	r23, r21
     388:	67 2b       	or	r22, r23
     38a:	59 f0       	breq	.+22     	; 0x3a2 <sonar_is_close(unsigned char)+0xf4>
C:\Users\Utilizador\Desktop\RAFA\UNI\LABSI-LUMINOSIDADE\LABSI\PROG\PROGv1/PROGv1.ino:853
        cycles++;
     38c:	2f 5f       	subi	r18, 0xFF	; 255
     38e:	3f 4f       	sbci	r19, 0xFF	; 255
C:\Users\Utilizador\Desktop\RAFA\UNI\LABSI-LUMINOSIDADE\LABSI\PROG\PROGv1/PROGv1.ino:854
        if (cycles > 10000) break; // Break de segurança (se > 50cm, sai)
     390:	21 31       	cpi	r18, 0x11	; 17
     392:	97 e2       	ldi	r25, 0x27	; 39
     394:	39 07       	cpc	r19, r25
     396:	a1 f7       	brne	.-24     	; 0x380 <sonar_is_close(unsigned char)+0xd2>
C:\Users\Utilizador\Desktop\RAFA\UNI\LABSI-LUMINOSIDADE\LABSI\PROG\PROGv1/PROGv1.ino:861

    // ---> DEBUG: Guarda o valor para mostrar no OLED <---
    // Apenas guardamos o do Sonar 1 para não piscar demasiado o ecrã, 
    // ou podes fazer uma média/alternância se quiseres.
    if(sonar_id == 1 || (sonar_id == 2 && cycles > 100)) { 
        g_debug_ciclos = cycles; 
     398:	30 93 4a 04 	sts	0x044A, r19	; 0x80044a <g_debug_ciclos+0x1>
     39c:	20 93 49 04 	sts	0x0449, r18	; 0x800449 <g_debug_ciclos>
     3a0:	05 c0       	rjmp	.+10     	; 0x3ac <sonar_is_close(unsigned char)+0xfe>
C:\Users\Utilizador\Desktop\RAFA\UNI\LABSI-LUMINOSIDADE\LABSI\PROG\PROGv1/PROGv1.ino:860
    }

    // ---> DEBUG: Guarda o valor para mostrar no OLED <---
    // Apenas guardamos o do Sonar 1 para não piscar demasiado o ecrã, 
    // ou podes fazer uma média/alternância se quiseres.
    if(sonar_id == 1 || (sonar_id == 2 && cycles > 100)) { 
     3a2:	81 30       	cpi	r24, 0x01	; 1
     3a4:	c9 f3       	breq	.-14     	; 0x398 <sonar_is_close(unsigned char)+0xea>
     3a6:	25 36       	cpi	r18, 0x65	; 101
     3a8:	31 05       	cpc	r19, r1
     3aa:	b0 f7       	brcc	.-20     	; 0x398 <sonar_is_close(unsigned char)+0xea>
C:\Users\Utilizador\Desktop\RAFA\UNI\LABSI-LUMINOSIDADE\LABSI\PROG\PROGv1/PROGv1.ino:866
        g_debug_ciclos = cycles; 
    }

    // 5) Threshold calibrado
    // Verifica se "cycles" é menor que o limite (perto) E maior que ruído (50)
    uint8_t reading = (cycles < SONAR_THRESHOLD_TICKS_20CM && cycles > 50) ? 1 : 0;
     3ac:	23 53       	subi	r18, 0x33	; 51
     3ae:	31 09       	sbc	r19, r1
     3b0:	81 e0       	ldi	r24, 0x01	; 1
     3b2:	2d 39       	cpi	r18, 0x9D	; 157
     3b4:	37 40       	sbci	r19, 0x07	; 7
     3b6:	08 f0       	brcs	.+2      	; 0x3ba <sonar_is_close(unsigned char)+0x10c>
     3b8:	80 e0       	ldi	r24, 0x00	; 0
C:\Users\Utilizador\Desktop\RAFA\UNI\LABSI-LUMINOSIDADE\LABSI\PROG\PROGv1/PROGv1.ino:869

    // 6) Atualiza estado
    *stable_state = reading;    
     3ba:	80 83       	st	Z, r24
     3bc:	9b cf       	rjmp	.-202    	; 0x2f4 <sonar_is_close(unsigned char)+0x46>

000003be <save_position_to_eeprom()>:
_Z23save_position_to_eepromv():
C:\Users\Utilizador\Desktop\RAFA\UNI\LABSI-LUMINOSIDADE\LABSI\PROG\PROGv1/PROGv1.ino:781
    if (val2 > BLIND2_MAX_TICKS) val2 = 0;
    g_blind2_pos = val2;
}
void save_position_to_eeprom(void) {

    if (g_blind1_pos < 0) g_blind1_pos = 0;
     3be:	80 91 a4 04 	lds	r24, 0x04A4	; 0x8004a4 <g_blind1_pos>
     3c2:	90 91 a5 04 	lds	r25, 0x04A5	; 0x8004a5 <g_blind1_pos+0x1>
     3c6:	a0 91 a6 04 	lds	r26, 0x04A6	; 0x8004a6 <g_blind1_pos+0x2>
     3ca:	b0 91 a7 04 	lds	r27, 0x04A7	; 0x8004a7 <g_blind1_pos+0x3>
     3ce:	b7 ff       	sbrs	r27, 7
     3d0:	08 c0       	rjmp	.+16     	; 0x3e2 <save_position_to_eeprom()+0x24>
     3d2:	10 92 a4 04 	sts	0x04A4, r1	; 0x8004a4 <g_blind1_pos>
     3d6:	10 92 a5 04 	sts	0x04A5, r1	; 0x8004a5 <g_blind1_pos+0x1>
     3da:	10 92 a6 04 	sts	0x04A6, r1	; 0x8004a6 <g_blind1_pos+0x2>
     3de:	10 92 a7 04 	sts	0x04A7, r1	; 0x8004a7 <g_blind1_pos+0x3>
C:\Users\Utilizador\Desktop\RAFA\UNI\LABSI-LUMINOSIDADE\LABSI\PROG\PROGv1/PROGv1.ino:782
    if (g_blind1_pos > BLIND1_MAX_TICKS) g_blind1_pos = BLIND1_MAX_TICKS;
     3e2:	80 91 a4 04 	lds	r24, 0x04A4	; 0x8004a4 <g_blind1_pos>
     3e6:	90 91 a5 04 	lds	r25, 0x04A5	; 0x8004a5 <g_blind1_pos+0x1>
     3ea:	a0 91 a6 04 	lds	r26, 0x04A6	; 0x8004a6 <g_blind1_pos+0x2>
     3ee:	b0 91 a7 04 	lds	r27, 0x04A7	; 0x8004a7 <g_blind1_pos+0x3>
     3f2:	81 38       	cpi	r24, 0x81	; 129
     3f4:	9d 48       	sbci	r25, 0x8D	; 141
     3f6:	ab 45       	sbci	r26, 0x5B	; 91
     3f8:	b1 05       	cpc	r27, r1
     3fa:	64 f0       	brlt	.+24     	; 0x414 <__LOCK_REGION_LENGTH__+0x14>
     3fc:	80 e8       	ldi	r24, 0x80	; 128
     3fe:	9d e8       	ldi	r25, 0x8D	; 141
     400:	ab e5       	ldi	r26, 0x5B	; 91
     402:	b0 e0       	ldi	r27, 0x00	; 0
     404:	80 93 a4 04 	sts	0x04A4, r24	; 0x8004a4 <g_blind1_pos>
     408:	90 93 a5 04 	sts	0x04A5, r25	; 0x8004a5 <g_blind1_pos+0x1>
     40c:	a0 93 a6 04 	sts	0x04A6, r26	; 0x8004a6 <g_blind1_pos+0x2>
     410:	b0 93 a7 04 	sts	0x04A7, r27	; 0x8004a7 <g_blind1_pos+0x3>
C:\Users\Utilizador\Desktop\RAFA\UNI\LABSI-LUMINOSIDADE\LABSI\PROG\PROGv1/PROGv1.ino:784

    if (g_blind2_pos < 0) g_blind2_pos = 0;
     414:	80 91 a0 04 	lds	r24, 0x04A0	; 0x8004a0 <g_blind2_pos>
     418:	90 91 a1 04 	lds	r25, 0x04A1	; 0x8004a1 <g_blind2_pos+0x1>
     41c:	a0 91 a2 04 	lds	r26, 0x04A2	; 0x8004a2 <g_blind2_pos+0x2>
     420:	b0 91 a3 04 	lds	r27, 0x04A3	; 0x8004a3 <g_blind2_pos+0x3>
     424:	b7 ff       	sbrs	r27, 7
     426:	08 c0       	rjmp	.+16     	; 0x438 <__LOCK_REGION_LENGTH__+0x38>
     428:	10 92 a0 04 	sts	0x04A0, r1	; 0x8004a0 <g_blind2_pos>
     42c:	10 92 a1 04 	sts	0x04A1, r1	; 0x8004a1 <g_blind2_pos+0x1>
     430:	10 92 a2 04 	sts	0x04A2, r1	; 0x8004a2 <g_blind2_pos+0x2>
     434:	10 92 a3 04 	sts	0x04A3, r1	; 0x8004a3 <g_blind2_pos+0x3>
C:\Users\Utilizador\Desktop\RAFA\UNI\LABSI-LUMINOSIDADE\LABSI\PROG\PROGv1/PROGv1.ino:785
    if (g_blind2_pos > BLIND2_MAX_TICKS) g_blind2_pos = BLIND2_MAX_TICKS;
     438:	80 91 a0 04 	lds	r24, 0x04A0	; 0x8004a0 <g_blind2_pos>
     43c:	90 91 a1 04 	lds	r25, 0x04A1	; 0x8004a1 <g_blind2_pos+0x1>
     440:	a0 91 a2 04 	lds	r26, 0x04A2	; 0x8004a2 <g_blind2_pos+0x2>
     444:	b0 91 a3 04 	lds	r27, 0x04A3	; 0x8004a3 <g_blind2_pos+0x3>
     448:	81 3a       	cpi	r24, 0xA1	; 161
     44a:	9a 45       	sbci	r25, 0x5A	; 90
     44c:	a2 43       	sbci	r26, 0x32	; 50
     44e:	b1 05       	cpc	r27, r1
     450:	64 f0       	brlt	.+24     	; 0x46a <__LOCK_REGION_LENGTH__+0x6a>
     452:	80 ea       	ldi	r24, 0xA0	; 160
     454:	9a e5       	ldi	r25, 0x5A	; 90
     456:	a2 e3       	ldi	r26, 0x32	; 50
     458:	b0 e0       	ldi	r27, 0x00	; 0
     45a:	80 93 a0 04 	sts	0x04A0, r24	; 0x8004a0 <g_blind2_pos>
     45e:	90 93 a1 04 	sts	0x04A1, r25	; 0x8004a1 <g_blind2_pos+0x1>
     462:	a0 93 a2 04 	sts	0x04A2, r26	; 0x8004a2 <g_blind2_pos+0x2>
     466:	b0 93 a3 04 	sts	0x04A3, r27	; 0x8004a3 <g_blind2_pos+0x3>
C:\Users\Utilizador\Desktop\RAFA\UNI\LABSI-LUMINOSIDADE\LABSI\PROG\PROGv1/PROGv1.ino:788

    // Guardar apenas se mudou
    eeprom_update_word(EEP_POS1_ADDR, (uint16_t)g_blind1_pos);
     46a:	60 91 a4 04 	lds	r22, 0x04A4	; 0x8004a4 <g_blind1_pos>
     46e:	70 91 a5 04 	lds	r23, 0x04A5	; 0x8004a5 <g_blind1_pos+0x1>
     472:	90 e0       	ldi	r25, 0x00	; 0
     474:	80 e0       	ldi	r24, 0x00	; 0
     476:	0e 94 9c 0a 	call	0x1538	; 0x1538 <eeprom_update_word>
C:\Users\Utilizador\Desktop\RAFA\UNI\LABSI-LUMINOSIDADE\LABSI\PROG\PROGv1/PROGv1.ino:789
    eeprom_update_word(EEP_POS2_ADDR, (uint16_t)g_blind2_pos);
     47a:	60 91 a0 04 	lds	r22, 0x04A0	; 0x8004a0 <g_blind2_pos>
     47e:	70 91 a1 04 	lds	r23, 0x04A1	; 0x8004a1 <g_blind2_pos+0x1>
     482:	82 e0       	ldi	r24, 0x02	; 2
     484:	90 e0       	ldi	r25, 0x00	; 0
     486:	0c 94 9c 0a 	jmp	0x1538	; 0x1538 <eeprom_update_word>

0000048a <oled_write_line(unsigned char, char const*, char*)>:
_Z15oled_write_linehPKcPc():
C:\Users\Utilizador\Desktop\RAFA\UNI\LABSI-LUMINOSIDADE\LABSI\PROG\PROGv1/PROGv1.ino:581
    case ABRIR:  return "ABRIR";
    case FECHAR: return "FECHAR";
    default:     return "PARAR";
  }
}
void oled_write_line(uint8_t row, const char *text, char *last_buffer) { 
     48a:	ef 92       	push	r14
     48c:	ff 92       	push	r15
     48e:	1f 93       	push	r17
     490:	cf 93       	push	r28
     492:	df 93       	push	r29
     494:	18 2f       	mov	r17, r24
     496:	eb 01       	movw	r28, r22
     498:	7a 01       	movw	r14, r20
C:\Users\Utilizador\Desktop\RAFA\UNI\LABSI-LUMINOSIDADE\LABSI\PROG\PROGv1/PROGv1.ino:582
  if(strcmp(text, last_buffer) == 0) return; // nada mudou → não redesenha 
     49a:	ba 01       	movw	r22, r20
     49c:	ce 01       	movw	r24, r28
     49e:	0e 94 4f 0c 	call	0x189e	; 0x189e <strcmp>
     4a2:	89 2b       	or	r24, r25
     4a4:	b1 f0       	breq	.+44     	; 0x4d2 <oled_write_line(unsigned char, char const*, char*)+0x48>
C:\Users\Utilizador\Desktop\RAFA\UNI\LABSI-LUMINOSIDADE\LABSI\PROG\PROGv1/PROGv1.ino:583
  strcpy(last_buffer, text); 
     4a6:	be 01       	movw	r22, r28
     4a8:	c7 01       	movw	r24, r14
     4aa:	0e 94 58 0c 	call	0x18b0	; 0x18b0 <strcpy>
C:\Users\Utilizador\Desktop\RAFA\UNI\LABSI-LUMINOSIDADE\LABSI\PROG\PROGv1/PROGv1.ino:584
  ssd1306_set_cursor(row, 0); 
     4ae:	81 2f       	mov	r24, r17
     4b0:	0e 94 2a 01 	call	0x254	; 0x254 <ssd1306_set_cursor(unsigned char, unsigned char) [clone .constprop.0]>
C:\Users\Utilizador\Desktop\RAFA\UNI\LABSI-LUMINOSIDADE\LABSI\PROG\PROGv1/PROGv1.ino:585
  ssd1306_print(" "); // limpa com espaços 
     4b4:	86 ec       	ldi	r24, 0xC6	; 198
     4b6:	93 e0       	ldi	r25, 0x03	; 3
     4b8:	0e 94 ee 00 	call	0x1dc	; 0x1dc <ssd1306_print(char const*)>
C:\Users\Utilizador\Desktop\RAFA\UNI\LABSI-LUMINOSIDADE\LABSI\PROG\PROGv1/PROGv1.ino:586
  ssd1306_set_cursor(row, 0); 
     4bc:	81 2f       	mov	r24, r17
     4be:	0e 94 2a 01 	call	0x254	; 0x254 <ssd1306_set_cursor(unsigned char, unsigned char) [clone .constprop.0]>
C:\Users\Utilizador\Desktop\RAFA\UNI\LABSI-LUMINOSIDADE\LABSI\PROG\PROGv1/PROGv1.ino:587
  ssd1306_print(text); 
     4c2:	ce 01       	movw	r24, r28
C:\Users\Utilizador\Desktop\RAFA\UNI\LABSI-LUMINOSIDADE\LABSI\PROG\PROGv1/PROGv1.ino:588
}
     4c4:	df 91       	pop	r29
     4c6:	cf 91       	pop	r28
     4c8:	1f 91       	pop	r17
     4ca:	ff 90       	pop	r15
     4cc:	ef 90       	pop	r14
C:\Users\Utilizador\Desktop\RAFA\UNI\LABSI-LUMINOSIDADE\LABSI\PROG\PROGv1/PROGv1.ino:587
  if(strcmp(text, last_buffer) == 0) return; // nada mudou → não redesenha 
  strcpy(last_buffer, text); 
  ssd1306_set_cursor(row, 0); 
  ssd1306_print(" "); // limpa com espaços 
  ssd1306_set_cursor(row, 0); 
  ssd1306_print(text); 
     4ce:	0c 94 ee 00 	jmp	0x1dc	; 0x1dc <ssd1306_print(char const*)>
C:\Users\Utilizador\Desktop\RAFA\UNI\LABSI-LUMINOSIDADE\LABSI\PROG\PROGv1/PROGv1.ino:588
}
     4d2:	df 91       	pop	r29
     4d4:	cf 91       	pop	r28
     4d6:	1f 91       	pop	r17
     4d8:	ff 90       	pop	r15
     4da:	ef 90       	pop	r14
     4dc:	08 95       	ret

000004de <__vector_4>:
__vector_4():
C:\Users\Utilizador\Desktop\RAFA\UNI\LABSI-LUMINOSIDADE\LABSI\PROG\PROGv1/PROGv1.ino:266
	if(g_delay_counter_2ms > 0) g_delay_counter_2ms--;
	if(g_fix_state == 2 && g_fix_timer > 0) g_fix_timer--;
	if(g_gesture_timer > 0) g_gesture_timer--; 	// Timer de gesto (sonares)
	
}
ISR(PCINT1_vect) {
     4de:	1f 92       	push	r1
     4e0:	0f 92       	push	r0
     4e2:	0f b6       	in	r0, 0x3f	; 63
     4e4:	0f 92       	push	r0
     4e6:	11 24       	eor	r1, r1
     4e8:	2f 93       	push	r18
     4ea:	3f 93       	push	r19
     4ec:	4f 93       	push	r20
     4ee:	5f 93       	push	r21
     4f0:	6f 93       	push	r22
     4f2:	7f 93       	push	r23
     4f4:	8f 93       	push	r24
     4f6:	9f 93       	push	r25
     4f8:	af 93       	push	r26
     4fa:	bf 93       	push	r27
     4fc:	cf 93       	push	r28
     4fe:	df 93       	push	r29
     500:	ef 93       	push	r30
     502:	ff 93       	push	r31
C:\Users\Utilizador\Desktop\RAFA\UNI\LABSI-LUMINOSIDADE\LABSI\PROG\PROGv1/PROGv1.ino:267
	uint8_t current_state = PINC & (1 << PC1);
     504:	c6 b1       	in	r28, 0x06	; 6
     506:	c2 70       	andi	r28, 0x02	; 2
C:\Users\Utilizador\Desktop\RAFA\UNI\LABSI-LUMINOSIDADE\LABSI\PROG\PROGv1/PROGv1.ino:268
	if(current_state > g_prev_pc1_state) {
     508:	80 91 0d 04 	lds	r24, 0x040D	; 0x80040d <g_prev_pc1_state>
     50c:	8c 17       	cp	r24, r28
     50e:	08 f0       	brcs	.+2      	; 0x512 <__vector_4+0x34>
     510:	3f c0       	rjmp	.+126    	; 0x590 <__vector_4+0xb2>
C:\Users\Utilizador\Desktop\RAFA\UNI\LABSI-LUMINOSIDADE\LABSI\PROG\PROGv1/PROGv1.ino:270
		// Transição de 0 para 1 detectada
		if(!g_mode_locked) {
     512:	80 91 0c 04 	lds	r24, 0x040C	; 0x80040c <__data_end>
     516:	81 11       	cpse	r24, r1
     518:	23 c0       	rjmp	.+70     	; 0x560 <__vector_4+0x82>
C:\Users\Utilizador\Desktop\RAFA\UNI\LABSI-LUMINOSIDADE\LABSI\PROG\PROGv1/PROGv1.ino:272
			// Alternar Modo (apenas uma vez)
			if(g_operating_mode == MODE_AUTOMATIC) {
     51a:	80 91 06 01 	lds	r24, 0x0106	; 0x800106 <g_operating_mode>
     51e:	81 11       	cpse	r24, r1
     520:	34 c0       	rjmp	.+104    	; 0x58a <__vector_4+0xac>
C:\Users\Utilizador\Desktop\RAFA\UNI\LABSI-LUMINOSIDADE\LABSI\PROG\PROGv1/PROGv1.ino:273
				g_operating_mode = MODE_MANUAL;
     522:	81 e0       	ldi	r24, 0x01	; 1
     524:	80 93 06 01 	sts	0x0106, r24	; 0x800106 <g_operating_mode>
C:\Users\Utilizador\Desktop\RAFA\UNI\LABSI-LUMINOSIDADE\LABSI\PROG\PROGv1/PROGv1.ino:277
			} else {
				g_operating_mode = MODE_AUTOMATIC;
			}
			g_mode_changed = 1; // Sinalizar ao main loop
     528:	d1 e0       	ldi	r29, 0x01	; 1
     52a:	d0 93 01 01 	sts	0x0101, r29	; 0x800101 <g_mode_changed>
control_motor_1():
C:\Users\Utilizador\Desktop\RAFA\UNI\LABSI-LUMINOSIDADE\LABSI\PROG\PROGv1/PROGv1.ino:737
	// Interrupção de PC1 (botão touch)
	PCICR |= (1 << PCIE1);
	PCMSK1 |= (1 << PCINT9);
}
void control_motor_1(Servo_pos action) {
    g_motor1_action = action;
     52e:	21 e0       	ldi	r18, 0x01	; 1
     530:	30 e0       	ldi	r19, 0x00	; 0
     532:	30 93 0e 01 	sts	0x010E, r19	; 0x80010e <g_motor1_action+0x1>
     536:	20 93 0d 01 	sts	0x010D, r18	; 0x80010d <g_motor1_action>
C:\Users\Utilizador\Desktop\RAFA\UNI\LABSI-LUMINOSIDADE\LABSI\PROG\PROGv1/PROGv1.ino:751
            break;
        case FECHAR:
            valor_pwm = 196;
            break;
    }
    OCR1B = valor_pwm;
     53a:	8c eb       	ldi	r24, 0xBC	; 188
     53c:	90 e0       	ldi	r25, 0x00	; 0
     53e:	90 93 8b 00 	sts	0x008B, r25	; 0x80008b <__DATA_REGION_ORIGIN__+0x2b>
     542:	80 93 8a 00 	sts	0x008A, r24	; 0x80008a <__DATA_REGION_ORIGIN__+0x2a>
control_motor_2():
C:\Users\Utilizador\Desktop\RAFA\UNI\LABSI-LUMINOSIDADE\LABSI\PROG\PROGv1/PROGv1.ino:754
}
void control_motor_2(Servo_pos action) {
    g_motor2_action = action;
     546:	30 93 0c 01 	sts	0x010C, r19	; 0x80010c <g_motor2_action+0x1>
     54a:	20 93 0b 01 	sts	0x010B, r18	; 0x80010b <g_motor2_action>
C:\Users\Utilizador\Desktop\RAFA\UNI\LABSI-LUMINOSIDADE\LABSI\PROG\PROGv1/PROGv1.ino:768
			break;
		case FECHAR:
			valor_pwm = 197;
			break;
	}
	OCR1A = valor_pwm;
     54e:	90 93 89 00 	sts	0x0089, r25	; 0x800089 <__DATA_REGION_ORIGIN__+0x29>
     552:	80 93 88 00 	sts	0x0088, r24	; 0x800088 <__DATA_REGION_ORIGIN__+0x28>
__vector_4():
C:\Users\Utilizador\Desktop\RAFA\UNI\LABSI-LUMINOSIDADE\LABSI\PROG\PROGv1/PROGv1.ino:280
				g_operating_mode = MODE_AUTOMATIC;
			}
			g_mode_changed = 1; // Sinalizar ao main loop
			control_motor_1(1);
			control_motor_2(1);
			buzzer_bips(1); // 1 bip na troca de modo
     556:	81 e0       	ldi	r24, 0x01	; 1
     558:	0e 94 4c 01 	call	0x298	; 0x298 <buzzer_bips(unsigned char)>
C:\Users\Utilizador\Desktop\RAFA\UNI\LABSI-LUMINOSIDADE\LABSI\PROG\PROGv1/PROGv1.ino:281
			g_mode_locked = 1; // Bloquear mais mudanças
     55c:	d0 93 0c 04 	sts	0x040C, r29	; 0x80040c <__data_end>
C:\Users\Utilizador\Desktop\RAFA\UNI\LABSI-LUMINOSIDADE\LABSI\PROG\PROGv1/PROGv1.ino:287
		}
	} else if(current_state < g_prev_pc1_state) {
		// Transição de 1 para 0 detectada
		g_mode_locked = 0; // Desbloquear sistema para o próximo toque
	}
	g_prev_pc1_state = current_state;
     560:	c0 93 0d 04 	sts	0x040D, r28	; 0x80040d <g_prev_pc1_state>
C:\Users\Utilizador\Desktop\RAFA\UNI\LABSI-LUMINOSIDADE\LABSI\PROG\PROGv1/PROGv1.ino:288
}
     564:	ff 91       	pop	r31
     566:	ef 91       	pop	r30
     568:	df 91       	pop	r29
     56a:	cf 91       	pop	r28
     56c:	bf 91       	pop	r27
     56e:	af 91       	pop	r26
     570:	9f 91       	pop	r25
     572:	8f 91       	pop	r24
     574:	7f 91       	pop	r23
     576:	6f 91       	pop	r22
     578:	5f 91       	pop	r21
     57a:	4f 91       	pop	r20
     57c:	3f 91       	pop	r19
     57e:	2f 91       	pop	r18
     580:	0f 90       	pop	r0
     582:	0f be       	out	0x3f, r0	; 63
     584:	0f 90       	pop	r0
     586:	1f 90       	pop	r1
     588:	18 95       	reti
C:\Users\Utilizador\Desktop\RAFA\UNI\LABSI-LUMINOSIDADE\LABSI\PROG\PROGv1/PROGv1.ino:275
		if(!g_mode_locked) {
			// Alternar Modo (apenas uma vez)
			if(g_operating_mode == MODE_AUTOMATIC) {
				g_operating_mode = MODE_MANUAL;
			} else {
				g_operating_mode = MODE_AUTOMATIC;
     58a:	10 92 06 01 	sts	0x0106, r1	; 0x800106 <g_operating_mode>
     58e:	cc cf       	rjmp	.-104    	; 0x528 <__vector_4+0x4a>
C:\Users\Utilizador\Desktop\RAFA\UNI\LABSI-LUMINOSIDADE\LABSI\PROG\PROGv1/PROGv1.ino:283
			control_motor_1(1);
			control_motor_2(1);
			buzzer_bips(1); // 1 bip na troca de modo
			g_mode_locked = 1; // Bloquear mais mudanças
		}
	} else if(current_state < g_prev_pc1_state) {
     590:	80 91 0d 04 	lds	r24, 0x040D	; 0x80040d <g_prev_pc1_state>
     594:	c8 17       	cp	r28, r24
     596:	20 f7       	brcc	.-56     	; 0x560 <__vector_4+0x82>
C:\Users\Utilizador\Desktop\RAFA\UNI\LABSI-LUMINOSIDADE\LABSI\PROG\PROGv1/PROGv1.ino:285
		// Transição de 1 para 0 detectada
		g_mode_locked = 0; // Desbloquear sistema para o próximo toque
     598:	10 92 0c 04 	sts	0x040C, r1	; 0x80040c <__data_end>
     59c:	e1 cf       	rjmp	.-62     	; 0x560 <__vector_4+0x82>

0000059e <__vector_14>:
__vector_14():
C:\Users\Utilizador\Desktop\RAFA\UNI\LABSI-LUMINOSIDADE\LABSI\PROG\PROGv1/PROGv1.ino:257
		// Cada bip dura 400ms (200 ticks * 2ms)
		g_buzzer_counter = num_bips * 200;
	}
}
// --- Timer ISR (2ms) ---
ISR(TIMER0_COMPA_vect) {
     59e:	1f 92       	push	r1
     5a0:	0f 92       	push	r0
     5a2:	0f b6       	in	r0, 0x3f	; 63
     5a4:	0f 92       	push	r0
     5a6:	11 24       	eor	r1, r1
     5a8:	8f 93       	push	r24
     5aa:	9f 93       	push	r25
     5ac:	af 93       	push	r26
     5ae:	bf 93       	push	r27
C:\Users\Utilizador\Desktop\RAFA\UNI\LABSI-LUMINOSIDADE\LABSI\PROG\PROGv1/PROGv1.ino:258
	g_flag_2ms = 1;
     5b0:	81 e0       	ldi	r24, 0x01	; 1
     5b2:	80 93 9b 04 	sts	0x049B, r24	; 0x80049b <g_flag_2ms>
C:\Users\Utilizador\Desktop\RAFA\UNI\LABSI-LUMINOSIDADE\LABSI\PROG\PROGv1/PROGv1.ino:259
	g_millis += 2;
     5b6:	80 91 0e 04 	lds	r24, 0x040E	; 0x80040e <g_millis>
     5ba:	90 91 0f 04 	lds	r25, 0x040F	; 0x80040f <g_millis+0x1>
     5be:	a0 91 10 04 	lds	r26, 0x0410	; 0x800410 <g_millis+0x2>
     5c2:	b0 91 11 04 	lds	r27, 0x0411	; 0x800411 <g_millis+0x3>
     5c6:	02 96       	adiw	r24, 0x02	; 2
     5c8:	a1 1d       	adc	r26, r1
     5ca:	b1 1d       	adc	r27, r1
     5cc:	80 93 0e 04 	sts	0x040E, r24	; 0x80040e <g_millis>
     5d0:	90 93 0f 04 	sts	0x040F, r25	; 0x80040f <g_millis+0x1>
     5d4:	a0 93 10 04 	sts	0x0410, r26	; 0x800410 <g_millis+0x2>
     5d8:	b0 93 11 04 	sts	0x0411, r27	; 0x800411 <g_millis+0x3>
C:\Users\Utilizador\Desktop\RAFA\UNI\LABSI-LUMINOSIDADE\LABSI\PROG\PROGv1/PROGv1.ino:261
    
	if(g_delay_counter_2ms > 0) g_delay_counter_2ms--;
     5dc:	80 91 1c 04 	lds	r24, 0x041C	; 0x80041c <g_delay_counter_2ms>
     5e0:	90 91 1d 04 	lds	r25, 0x041D	; 0x80041d <g_delay_counter_2ms+0x1>
     5e4:	89 2b       	or	r24, r25
     5e6:	49 f0       	breq	.+18     	; 0x5fa <__vector_14+0x5c>
     5e8:	80 91 1c 04 	lds	r24, 0x041C	; 0x80041c <g_delay_counter_2ms>
     5ec:	90 91 1d 04 	lds	r25, 0x041D	; 0x80041d <g_delay_counter_2ms+0x1>
     5f0:	01 97       	sbiw	r24, 0x01	; 1
     5f2:	90 93 1d 04 	sts	0x041D, r25	; 0x80041d <g_delay_counter_2ms+0x1>
     5f6:	80 93 1c 04 	sts	0x041C, r24	; 0x80041c <g_delay_counter_2ms>
C:\Users\Utilizador\Desktop\RAFA\UNI\LABSI-LUMINOSIDADE\LABSI\PROG\PROGv1/PROGv1.ino:262
	if(g_fix_state == 2 && g_fix_timer > 0) g_fix_timer--;
     5fa:	80 91 9c 04 	lds	r24, 0x049C	; 0x80049c <g_fix_state>
     5fe:	82 30       	cpi	r24, 0x02	; 2
     600:	79 f4       	brne	.+30     	; 0x620 <__vector_14+0x82>
     602:	80 91 87 04 	lds	r24, 0x0487	; 0x800487 <g_fix_timer>
     606:	90 91 88 04 	lds	r25, 0x0488	; 0x800488 <g_fix_timer+0x1>
     60a:	89 2b       	or	r24, r25
     60c:	49 f0       	breq	.+18     	; 0x620 <__vector_14+0x82>
     60e:	80 91 87 04 	lds	r24, 0x0487	; 0x800487 <g_fix_timer>
     612:	90 91 88 04 	lds	r25, 0x0488	; 0x800488 <g_fix_timer+0x1>
     616:	01 97       	sbiw	r24, 0x01	; 1
     618:	90 93 88 04 	sts	0x0488, r25	; 0x800488 <g_fix_timer+0x1>
     61c:	80 93 87 04 	sts	0x0487, r24	; 0x800487 <g_fix_timer>
C:\Users\Utilizador\Desktop\RAFA\UNI\LABSI-LUMINOSIDADE\LABSI\PROG\PROGv1/PROGv1.ino:263
	if(g_gesture_timer > 0) g_gesture_timer--; 	// Timer de gesto (sonares)
     620:	80 91 94 04 	lds	r24, 0x0494	; 0x800494 <g_gesture_timer>
     624:	90 91 95 04 	lds	r25, 0x0495	; 0x800495 <g_gesture_timer+0x1>
     628:	89 2b       	or	r24, r25
     62a:	49 f0       	breq	.+18     	; 0x63e <__vector_14+0xa0>
     62c:	80 91 94 04 	lds	r24, 0x0494	; 0x800494 <g_gesture_timer>
     630:	90 91 95 04 	lds	r25, 0x0495	; 0x800495 <g_gesture_timer+0x1>
     634:	01 97       	sbiw	r24, 0x01	; 1
     636:	90 93 95 04 	sts	0x0495, r25	; 0x800495 <g_gesture_timer+0x1>
     63a:	80 93 94 04 	sts	0x0494, r24	; 0x800494 <g_gesture_timer>
C:\Users\Utilizador\Desktop\RAFA\UNI\LABSI-LUMINOSIDADE\LABSI\PROG\PROGv1/PROGv1.ino:265
	
}
     63e:	bf 91       	pop	r27
     640:	af 91       	pop	r26
     642:	9f 91       	pop	r25
     644:	8f 91       	pop	r24
     646:	0f 90       	pop	r0
     648:	0f be       	out	0x3f, r0	; 63
     64a:	0f 90       	pop	r0
     64c:	1f 90       	pop	r1
     64e:	18 95       	reti

00000650 <main>:
main():
C:\Users\Utilizador\Desktop\RAFA\UNI\LABSI-LUMINOSIDADE\LABSI\PROG\PROGv1/PROGv1.ino:999
            buzzer_bips(3);
        }
        break;
  }
}
int main(void) {
     650:	cf 93       	push	r28
     652:	df 93       	push	r29
     654:	cd b7       	in	r28, 0x3d	; 61
     656:	de b7       	in	r29, 0x3e	; 62
     658:	a8 97       	sbiw	r28, 0x28	; 40
     65a:	0f b6       	in	r0, 0x3f	; 63
     65c:	f8 94       	cli
     65e:	de bf       	out	0x3e, r29	; 62
     660:	0f be       	out	0x3f, r0	; 63
     662:	cd bf       	out	0x3d, r28	; 61
load_position_from_eeprom():
C:\Users\Utilizador\Desktop\RAFA\UNI\LABSI-LUMINOSIDADE\LABSI\PROG\PROGv1/PROGv1.ino:771
			break;
	}
	OCR1A = valor_pwm;
}
void load_position_from_eeprom(void) {
    uint16_t val1 = eeprom_read_word(EEP_POS1_ADDR);
     664:	90 e0       	ldi	r25, 0x00	; 0
     666:	80 e0       	ldi	r24, 0x00	; 0
     668:	0e 94 96 0a 	call	0x152c	; 0x152c <eeprom_read_word>
C:\Users\Utilizador\Desktop\RAFA\UNI\LABSI-LUMINOSIDADE\LABSI\PROG\PROGv1/PROGv1.ino:773
    if (val1 > BLIND1_MAX_TICKS) val1 = 0;
    g_blind1_pos = val1;
     66c:	b0 e0       	ldi	r27, 0x00	; 0
     66e:	a0 e0       	ldi	r26, 0x00	; 0
     670:	80 93 a4 04 	sts	0x04A4, r24	; 0x8004a4 <g_blind1_pos>
     674:	90 93 a5 04 	sts	0x04A5, r25	; 0x8004a5 <g_blind1_pos+0x1>
     678:	a0 93 a6 04 	sts	0x04A6, r26	; 0x8004a6 <g_blind1_pos+0x2>
     67c:	b0 93 a7 04 	sts	0x04A7, r27	; 0x8004a7 <g_blind1_pos+0x3>
C:\Users\Utilizador\Desktop\RAFA\UNI\LABSI-LUMINOSIDADE\LABSI\PROG\PROGv1/PROGv1.ino:775

    uint16_t val2 = eeprom_read_word(EEP_POS2_ADDR);
     680:	82 e0       	ldi	r24, 0x02	; 2
     682:	90 e0       	ldi	r25, 0x00	; 0
     684:	0e 94 96 0a 	call	0x152c	; 0x152c <eeprom_read_word>
C:\Users\Utilizador\Desktop\RAFA\UNI\LABSI-LUMINOSIDADE\LABSI\PROG\PROGv1/PROGv1.ino:777
    if (val2 > BLIND2_MAX_TICKS) val2 = 0;
    g_blind2_pos = val2;
     688:	b0 e0       	ldi	r27, 0x00	; 0
     68a:	a0 e0       	ldi	r26, 0x00	; 0
     68c:	80 93 a0 04 	sts	0x04A0, r24	; 0x8004a0 <g_blind2_pos>
     690:	90 93 a1 04 	sts	0x04A1, r25	; 0x8004a1 <g_blind2_pos+0x1>
     694:	a0 93 a2 04 	sts	0x04A2, r26	; 0x8004a2 <g_blind2_pos+0x2>
     698:	b0 93 a3 04 	sts	0x04A3, r27	; 0x8004a3 <g_blind2_pos+0x3>
uart_init():
C:\Users\Utilizador\Desktop\RAFA\UNI\LABSI-LUMINOSIDADE\LABSI\PROG\PROGv1/PROGv1.ino:292
	g_prev_pc1_state = current_state;
}
// --- UART (ESP32) ---
void uart_init(void) {
    // Configura Baud Rate (9600)
    UBRR0H = (unsigned char)(UBRR_VAL >> 8);
     69c:	10 92 c5 00 	sts	0x00C5, r1	; 0x8000c5 <__DATA_REGION_ORIGIN__+0x65>
C:\Users\Utilizador\Desktop\RAFA\UNI\LABSI-LUMINOSIDADE\LABSI\PROG\PROGv1/PROGv1.ino:293
    UBRR0L = (unsigned char)UBRR_VAL;
     6a0:	87 e6       	ldi	r24, 0x67	; 103
     6a2:	80 93 c4 00 	sts	0x00C4, r24	; 0x8000c4 <__DATA_REGION_ORIGIN__+0x64>
C:\Users\Utilizador\Desktop\RAFA\UNI\LABSI-LUMINOSIDADE\LABSI\PROG\PROGv1/PROGv1.ino:295
    // Habilita RX e TX
    UCSR0B = (1 << RXEN0) | (1 << TXEN0);
     6a6:	88 e1       	ldi	r24, 0x18	; 24
     6a8:	80 93 c1 00 	sts	0x00C1, r24	; 0x8000c1 <__DATA_REGION_ORIGIN__+0x61>
C:\Users\Utilizador\Desktop\RAFA\UNI\LABSI-LUMINOSIDADE\LABSI\PROG\PROGv1/PROGv1.ino:297
    // Formato: 8 dados, 1 stop bit
    UCSR0C = (1 << UCSZ01) | (1 << UCSZ00);
     6ac:	86 e0       	ldi	r24, 0x06	; 6
     6ae:	80 93 c2 00 	sts	0x00C2, r24	; 0x8000c2 <__DATA_REGION_ORIGIN__+0x62>
onda1Hz_init():
C:\Users\Utilizador\Desktop\RAFA\UNI\LABSI-LUMINOSIDADE\LABSI\PROG\PROGv1/PROGv1.ino:696
	}
	return sum / AVG_SAMPLES;
}
// --- Timer 0 for 2ms interrupt ---
void onda1Hz_init(void) {
	DDRD |= (1 << PD6);
     6b2:	56 9a       	sbi	0x0a, 6	; 10
C:\Users\Utilizador\Desktop\RAFA\UNI\LABSI-LUMINOSIDADE\LABSI\PROG\PROGv1/PROGv1.ino:697
	PORTD &= ~(1 << PD6);
     6b4:	5e 98       	cbi	0x0b, 6	; 11
C:\Users\Utilizador\Desktop\RAFA\UNI\LABSI-LUMINOSIDADE\LABSI\PROG\PROGv1/PROGv1.ino:698
	TCCR0A = (1 << WGM01); // CTC Mode
     6b6:	82 e0       	ldi	r24, 0x02	; 2
     6b8:	84 bd       	out	0x24, r24	; 36
C:\Users\Utilizador\Desktop\RAFA\UNI\LABSI-LUMINOSIDADE\LABSI\PROG\PROGv1/PROGv1.ino:699
	TCCR0B = (1 << CS02) | (1 << CS00); // Prescaler 1024
     6ba:	95 e0       	ldi	r25, 0x05	; 5
     6bc:	95 bd       	out	0x25, r25	; 37
C:\Users\Utilizador\Desktop\RAFA\UNI\LABSI-LUMINOSIDADE\LABSI\PROG\PROGv1/PROGv1.ino:700
	OCR0A = 31; // (16M / 1024) / (31+1) = 500 Hz (2ms)
     6be:	9f e1       	ldi	r25, 0x1F	; 31
     6c0:	97 bd       	out	0x27, r25	; 39
C:\Users\Utilizador\Desktop\RAFA\UNI\LABSI-LUMINOSIDADE\LABSI\PROG\PROGv1/PROGv1.ino:701
	TIMSK0 = (1 << OCIE0A);
     6c2:	80 93 6e 00 	sts	0x006E, r24	; 0x80006e <__DATA_REGION_ORIGIN__+0xe>
pwm_led_init():
C:\Users\Utilizador\Desktop\RAFA\UNI\LABSI-LUMINOSIDADE\LABSI\PROG\PROGv1/PROGv1.ino:704
}
void pwm_led_init(void){
	DDRB |= (1 << GATE_PIN);
     6c6:	23 9a       	sbi	0x04, 3	; 4
C:\Users\Utilizador\Desktop\RAFA\UNI\LABSI-LUMINOSIDADE\LABSI\PROG\PROGv1/PROGv1.ino:705
	PORTB &= ~(1 << GATE_PIN);
     6c8:	2b 98       	cbi	0x05, 3	; 5
C:\Users\Utilizador\Desktop\RAFA\UNI\LABSI-LUMINOSIDADE\LABSI\PROG\PROGv1/PROGv1.ino:706
	TCCR2A = (1 << WGM20) | (1 << COM2A1);
     6ca:	81 e8       	ldi	r24, 0x81	; 129
     6cc:	80 93 b0 00 	sts	0x00B0, r24	; 0x8000b0 <__DATA_REGION_ORIGIN__+0x50>
C:\Users\Utilizador\Desktop\RAFA\UNI\LABSI-LUMINOSIDADE\LABSI\PROG\PROGv1/PROGv1.ino:707
	TCCR2B =  (1 << CS20) | (1 << CS21);
     6d0:	83 e0       	ldi	r24, 0x03	; 3
     6d2:	80 93 b1 00 	sts	0x00B1, r24	; 0x8000b1 <__DATA_REGION_ORIGIN__+0x51>
C:\Users\Utilizador\Desktop\RAFA\UNI\LABSI-LUMINOSIDADE\LABSI\PROG\PROGv1/PROGv1.ino:708
	OCR2A = 0;
     6d6:	10 92 b3 00 	sts	0x00B3, r1	; 0x8000b3 <__DATA_REGION_ORIGIN__+0x53>
pwm_Servo_init():
C:\Users\Utilizador\Desktop\RAFA\UNI\LABSI-LUMINOSIDADE\LABSI\PROG\PROGv1/PROGv1.ino:711
}
void pwm_Servo_init(void) {
	DDRB |= (1 << PB1) | (1 << PB2);
     6da:	84 b1       	in	r24, 0x04	; 4
     6dc:	86 60       	ori	r24, 0x06	; 6
     6de:	84 b9       	out	0x04, r24	; 4
C:\Users\Utilizador\Desktop\RAFA\UNI\LABSI-LUMINOSIDADE\LABSI\PROG\PROGv1/PROGv1.ino:712
	TCCR1A |= (1 << COM1A1) | (1 << COM1B1)| (1 << WGM11);//PC
     6e0:	80 91 80 00 	lds	r24, 0x0080	; 0x800080 <__DATA_REGION_ORIGIN__+0x20>
     6e4:	82 6a       	ori	r24, 0xA2	; 162
     6e6:	80 93 80 00 	sts	0x0080, r24	; 0x800080 <__DATA_REGION_ORIGIN__+0x20>
C:\Users\Utilizador\Desktop\RAFA\UNI\LABSI-LUMINOSIDADE\LABSI\PROG\PROGv1/PROGv1.ino:713
	TCCR1B |= (1 << WGM13) | (1 << CS11) | (1 << CS10) | (1 << ICNC1); // prescaler 64, noise cancelling
     6ea:	80 91 81 00 	lds	r24, 0x0081	; 0x800081 <__DATA_REGION_ORIGIN__+0x21>
     6ee:	83 69       	ori	r24, 0x93	; 147
     6f0:	80 93 81 00 	sts	0x0081, r24	; 0x800081 <__DATA_REGION_ORIGIN__+0x21>
C:\Users\Utilizador\Desktop\RAFA\UNI\LABSI-LUMINOSIDADE\LABSI\PROG\PROGv1/PROGv1.ino:714
	ICR1 = 2500; // 20 ms (50 Hz)
     6f4:	84 ec       	ldi	r24, 0xC4	; 196
     6f6:	99 e0       	ldi	r25, 0x09	; 9
     6f8:	90 93 87 00 	sts	0x0087, r25	; 0x800087 <__DATA_REGION_ORIGIN__+0x27>
     6fc:	80 93 86 00 	sts	0x0086, r24	; 0x800086 <__DATA_REGION_ORIGIN__+0x26>
C:\Users\Utilizador\Desktop\RAFA\UNI\LABSI-LUMINOSIDADE\LABSI\PROG\PROGv1/PROGv1.ino:715
	OCR1A = 188;
     700:	8c eb       	ldi	r24, 0xBC	; 188
     702:	90 e0       	ldi	r25, 0x00	; 0
     704:	90 93 89 00 	sts	0x0089, r25	; 0x800089 <__DATA_REGION_ORIGIN__+0x29>
     708:	80 93 88 00 	sts	0x0088, r24	; 0x800088 <__DATA_REGION_ORIGIN__+0x28>
C:\Users\Utilizador\Desktop\RAFA\UNI\LABSI-LUMINOSIDADE\LABSI\PROG\PROGv1/PROGv1.ino:716
	OCR1B = 188;
     70c:	90 93 8b 00 	sts	0x008B, r25	; 0x80008b <__DATA_REGION_ORIGIN__+0x2b>
     710:	80 93 8a 00 	sts	0x008A, r24	; 0x80008a <__DATA_REGION_ORIGIN__+0x2a>
buttons_inic():
C:\Users\Utilizador\Desktop\RAFA\UNI\LABSI-LUMINOSIDADE\LABSI\PROG\PROGv1/PROGv1.ino:720
}
void buttons_inic(void) {
	// Botão touch PC1
	DDRC &= ~(1 << BOTAO_TOUCH);
     714:	39 98       	cbi	0x07, 1	; 7
C:\Users\Utilizador\Desktop\RAFA\UNI\LABSI-LUMINOSIDADE\LABSI\PROG\PROGv1/PROGv1.ino:721
	PORTC &= ~(1 << BOTAO_TOUCH);
     716:	41 98       	cbi	0x08, 1	; 8
C:\Users\Utilizador\Desktop\RAFA\UNI\LABSI-LUMINOSIDADE\LABSI\PROG\PROGv1/PROGv1.ino:723
	// Botões +/- em PD4 e PD7
	DDRD &= ~((1 << BOTAO_MAIS) | (1 << BOTAO_MENOS));
     718:	8a b1       	in	r24, 0x0a	; 10
     71a:	8f 76       	andi	r24, 0x6F	; 111
     71c:	8a b9       	out	0x0a, r24	; 10
C:\Users\Utilizador\Desktop\RAFA\UNI\LABSI-LUMINOSIDADE\LABSI\PROG\PROGv1/PROGv1.ino:724
	PORTD &= ~((1 << BOTAO_MAIS) | (1 << BOTAO_MENOS));
     71e:	8b b1       	in	r24, 0x0b	; 11
     720:	8f 76       	andi	r24, 0x6F	; 111
     722:	8b b9       	out	0x0b, r24	; 11
C:\Users\Utilizador\Desktop\RAFA\UNI\LABSI-LUMINOSIDADE\LABSI\PROG\PROGv1/PROGv1.ino:726
	// BUZZER
	DDRC |= (1 << BUZZER_PIN);
     724:	38 9a       	sbi	0x07, 0	; 7
C:\Users\Utilizador\Desktop\RAFA\UNI\LABSI-LUMINOSIDADE\LABSI\PROG\PROGv1/PROGv1.ino:727
	PORTC &= ~(1 << BUZZER_PIN);
     726:	40 98       	cbi	0x08, 0	; 8
C:\Users\Utilizador\Desktop\RAFA\UNI\LABSI-LUMINOSIDADE\LABSI\PROG\PROGv1/PROGv1.ino:729
	// Sonares: TRIG como saída, ECHO como entrada
	DDRC |= (1 << SONAR1_TRIG) | (1 << SONAR2_TRIG);
     728:	87 b1       	in	r24, 0x07	; 7
     72a:	8c 60       	ori	r24, 0x0C	; 12
     72c:	87 b9       	out	0x07, r24	; 7
C:\Users\Utilizador\Desktop\RAFA\UNI\LABSI-LUMINOSIDADE\LABSI\PROG\PROGv1/PROGv1.ino:730
	DDRD &= ~((1 << SONAR1_ECHO) | (1 << SONAR2_ECHO));
     72e:	8a b1       	in	r24, 0x0a	; 10
     730:	83 7f       	andi	r24, 0xF3	; 243
     732:	8a b9       	out	0x0a, r24	; 10
C:\Users\Utilizador\Desktop\RAFA\UNI\LABSI-LUMINOSIDADE\LABSI\PROG\PROGv1/PROGv1.ino:731
	PORTD &= ~((1 << SONAR1_ECHO) | (1 << SONAR2_ECHO)); // sem pull-up
     734:	8b b1       	in	r24, 0x0b	; 11
     736:	83 7f       	andi	r24, 0xF3	; 243
     738:	8b b9       	out	0x0b, r24	; 11
C:\Users\Utilizador\Desktop\RAFA\UNI\LABSI-LUMINOSIDADE\LABSI\PROG\PROGv1/PROGv1.ino:733
	// Interrupção de PC1 (botão touch)
	PCICR |= (1 << PCIE1);
     73a:	80 91 68 00 	lds	r24, 0x0068	; 0x800068 <__DATA_REGION_ORIGIN__+0x8>
     73e:	82 60       	ori	r24, 0x02	; 2
     740:	80 93 68 00 	sts	0x0068, r24	; 0x800068 <__DATA_REGION_ORIGIN__+0x8>
C:\Users\Utilizador\Desktop\RAFA\UNI\LABSI-LUMINOSIDADE\LABSI\PROG\PROGv1/PROGv1.ino:734
	PCMSK1 |= (1 << PCINT9);
     744:	80 91 6c 00 	lds	r24, 0x006C	; 0x80006c <__DATA_REGION_ORIGIN__+0xc>
     748:	82 60       	ori	r24, 0x02	; 2
     74a:	80 93 6c 00 	sts	0x006C, r24	; 0x80006c <__DATA_REGION_ORIGIN__+0xc>
inic():
C:\Users\Utilizador\Desktop\RAFA\UNI\LABSI-LUMINOSIDADE\LABSI\PROG\PROGv1/PROGv1.ino:949
	uart_init();
	onda1Hz_init();
	pwm_led_init();
	pwm_Servo_init();
	buttons_inic();
	sei();
     74e:	78 94       	sei
control_motor_2():
C:\Users\Utilizador\Desktop\RAFA\UNI\LABSI-LUMINOSIDADE\LABSI\PROG\PROGv1/PROGv1.ino:754
            break;
    }
    OCR1B = valor_pwm;
}
void control_motor_2(Servo_pos action) {
    g_motor2_action = action;
     750:	ee 24       	eor	r14, r14
     752:	e3 94       	inc	r14
     754:	f1 2c       	mov	r15, r1
C:\Users\Utilizador\Desktop\RAFA\UNI\LABSI-LUMINOSIDADE\LABSI\PROG\PROGv1/PROGv1.ino:768
			break;
		case FECHAR:
			valor_pwm = 197;
			break;
	}
	OCR1A = valor_pwm;
     756:	0c eb       	ldi	r16, 0xBC	; 188
     758:	10 e0       	ldi	r17, 0x00	; 0
C:\Users\Utilizador\Desktop\RAFA\UNI\LABSI-LUMINOSIDADE\LABSI\PROG\PROGv1/PROGv1.ino:754
            break;
    }
    OCR1B = valor_pwm;
}
void control_motor_2(Servo_pos action) {
    g_motor2_action = action;
     75a:	72 e0       	ldi	r23, 0x02	; 2
     75c:	a7 2e       	mov	r10, r23
     75e:	b1 2c       	mov	r11, r1
update_manual_gestures():
C:\Users\Utilizador\Desktop\RAFA\UNI\LABSI-LUMINOSIDADE\LABSI\PROG\PROGv1/PROGv1.ino:913
        case 1:
            if (s2) { // Não precisa de borda, basta presença
                control_motor_1(ABRIR); // Ou FECHAR, dependendo da tua lógica
                control_motor_2(ABRIR);
                g_gesture_state = 3;    // Vai para Bloqueio
                g_gesture_timer = GESTURE_TIMEOUT_TICKS; 
     760:	e4 ef       	ldi	r30, 0xF4	; 244
     762:	6e 2e       	mov	r6, r30
     764:	77 24       	eor	r7, r7
     766:	73 94       	inc	r7
oled_update_status():
C:\Users\Utilizador\Desktop\RAFA\UNI\LABSI-LUMINOSIDADE\LABSI\PROG\PROGv1/PROGv1.ino:593
}
void oled_update_status(void) {
    char line[20];

    // --- Linha 0: Lux atual ---
    sprintf(line, "LUX: %4u lx", g_averaged_lux);
     768:	9e 01       	movw	r18, r28
     76a:	2f 5f       	subi	r18, 0xFF	; 255
     76c:	3f 4f       	sbci	r19, 0xFF	; 255
     76e:	69 01       	movw	r12, r18
main():
C:\Users\Utilizador\Desktop\RAFA\UNI\LABSI-LUMINOSIDADE\LABSI\PROG\PROGv1/PROGv1.ino:1003
}
int main(void) {
inic();
char buffer[32];
while(1) {
	if(!g_setup_done) {
     770:	80 91 a8 04 	lds	r24, 0x04A8	; 0x8004a8 <g_setup_done>
     774:	81 11       	cpse	r24, r1
     776:	c6 c0       	rjmp	.+396    	; 0x904 <__stack+0x5>
inic_non_blocking():
C:\Users\Utilizador\Desktop\RAFA\UNI\LABSI-LUMINOSIDADE\LABSI\PROG\PROGv1/PROGv1.ino:954
	sei();

}
// --- MÁQUINA DE ESTADOS PRINCIPAL (NON-BLOCKING) ---
void inic_non_blocking(void) {
  switch(g_init_state) {
     778:	80 91 8d 04 	lds	r24, 0x048D	; 0x80048d <g_init_state>
     77c:	81 30       	cpi	r24, 0x01	; 1
     77e:	91 f1       	breq	.+100    	; 0x7e4 <main+0x194>
     780:	b8 f0       	brcs	.+46     	; 0x7b0 <main+0x160>
     782:	82 30       	cpi	r24, 0x02	; 2
     784:	09 f4       	brne	.+2      	; 0x788 <main+0x138>
     786:	79 c0       	rjmp	.+242    	; 0x87a <main+0x22a>
     788:	83 30       	cpi	r24, 0x03	; 3
     78a:	91 f7       	brne	.-28     	; 0x770 <main+0x120>
IS_DELAY_FINISHED():
C:\Users\Utilizador\Desktop\RAFA\UNI\LABSI-LUMINOSIDADE\LABSI\PROG\PROGv1/PROGv1.ino:247
// --- ATRASO NON-BLOCKING (BASEADO EM 2MS) ---
void START_NB_DELAY_MS(uint16_t ms) {
	g_delay_counter_2ms = (ms / 2) + 1;
}
uint8_t IS_DELAY_FINISHED() {
	if(g_delay_counter_2ms == 0) return 1;
     78c:	80 91 1c 04 	lds	r24, 0x041C	; 0x80041c <g_delay_counter_2ms>
     790:	90 91 1d 04 	lds	r25, 0x041D	; 0x80041d <g_delay_counter_2ms+0x1>
     794:	89 2b       	or	r24, r25
     796:	61 f7       	brne	.-40     	; 0x770 <main+0x120>
inic_non_blocking():
C:\Users\Utilizador\Desktop\RAFA\UNI\LABSI-LUMINOSIDADE\LABSI\PROG\PROGv1/PROGv1.ino:991
            g_init_state = 3;
        }
        break;
    case 3:
        if(IS_DELAY_FINISHED()) {
            ssd1306_clear();
     798:	0e 94 33 01 	call	0x266	; 0x266 <ssd1306_clear()>
C:\Users\Utilizador\Desktop\RAFA\UNI\LABSI-LUMINOSIDADE\LABSI\PROG\PROGv1/PROGv1.ino:992
            g_setup_done = 1;
     79c:	81 e0       	ldi	r24, 0x01	; 1
     79e:	80 93 a8 04 	sts	0x04A8, r24	; 0x8004a8 <g_setup_done>
C:\Users\Utilizador\Desktop\RAFA\UNI\LABSI-LUMINOSIDADE\LABSI\PROG\PROGv1/PROGv1.ino:993
            g_init_state = 255;
     7a2:	8f ef       	ldi	r24, 0xFF	; 255
     7a4:	80 93 8d 04 	sts	0x048D, r24	; 0x80048d <g_init_state>
C:\Users\Utilizador\Desktop\RAFA\UNI\LABSI-LUMINOSIDADE\LABSI\PROG\PROGv1/PROGv1.ino:994
            buzzer_bips(3);
     7a8:	83 e0       	ldi	r24, 0x03	; 3
     7aa:	0e 94 4c 01 	call	0x298	; 0x298 <buzzer_bips(unsigned char)>
     7ae:	e0 cf       	rjmp	.-64     	; 0x770 <main+0x120>
inic_i2c():
C:\Users\Utilizador\Desktop\RAFA\UNI\LABSI-LUMINOSIDADE\LABSI\PROG\PROGv1/PROGv1.ino:467
        }
    }
}
// --- I2C Functions ---
void inic_i2c(void) {
	TWCR |= (1 << TWEN);
     7b0:	80 91 bc 00 	lds	r24, 0x00BC	; 0x8000bc <__DATA_REGION_ORIGIN__+0x5c>
     7b4:	84 60       	ori	r24, 0x04	; 4
     7b6:	80 93 bc 00 	sts	0x00BC, r24	; 0x8000bc <__DATA_REGION_ORIGIN__+0x5c>
C:\Users\Utilizador\Desktop\RAFA\UNI\LABSI-LUMINOSIDADE\LABSI\PROG\PROGv1/PROGv1.ino:468
	TWSR = 0;
     7ba:	10 92 b9 00 	sts	0x00B9, r1	; 0x8000b9 <__DATA_REGION_ORIGIN__+0x59>
C:\Users\Utilizador\Desktop\RAFA\UNI\LABSI-LUMINOSIDADE\LABSI\PROG\PROGv1/PROGv1.ino:469
	TWBR = 12;
     7be:	8c e0       	ldi	r24, 0x0C	; 12
     7c0:	80 93 b8 00 	sts	0x00B8, r24	; 0x8000b8 <__DATA_REGION_ORIGIN__+0x58>
C:\Users\Utilizador\Desktop\RAFA\UNI\LABSI-LUMINOSIDADE\LABSI\PROG\PROGv1/PROGv1.ino:470
	DDRC &= ~((1 << PC4) | (1 << PC5));
     7c4:	87 b1       	in	r24, 0x07	; 7
     7c6:	8f 7c       	andi	r24, 0xCF	; 207
     7c8:	87 b9       	out	0x07, r24	; 7
C:\Users\Utilizador\Desktop\RAFA\UNI\LABSI-LUMINOSIDADE\LABSI\PROG\PROGv1/PROGv1.ino:471
	PORTC |= (1 << PC4) | (1 << PC5);
     7ca:	88 b1       	in	r24, 0x08	; 8
     7cc:	80 63       	ori	r24, 0x30	; 48
     7ce:	88 b9       	out	0x08, r24	; 8
START_NB_DELAY_MS():
C:\Users\Utilizador\Desktop\RAFA\UNI\LABSI-LUMINOSIDADE\LABSI\PROG\PROGv1/PROGv1.ino:244
		}
	}
}
// --- ATRASO NON-BLOCKING (BASEADO EM 2MS) ---
void START_NB_DELAY_MS(uint16_t ms) {
	g_delay_counter_2ms = (ms / 2) + 1;
     7d0:	86 e0       	ldi	r24, 0x06	; 6
     7d2:	90 e0       	ldi	r25, 0x00	; 0
     7d4:	90 93 1d 04 	sts	0x041D, r25	; 0x80041d <g_delay_counter_2ms+0x1>
     7d8:	80 93 1c 04 	sts	0x041C, r24	; 0x80041c <g_delay_counter_2ms>
inic_non_blocking():
C:\Users\Utilizador\Desktop\RAFA\UNI\LABSI-LUMINOSIDADE\LABSI\PROG\PROGv1/PROGv1.ino:959
  switch(g_init_state) {

    case 0:
        inic_i2c();
        START_NB_DELAY_MS(10);   // pequeno delay opcional
        g_init_state = 1;
     7dc:	81 e0       	ldi	r24, 0x01	; 1
C:\Users\Utilizador\Desktop\RAFA\UNI\LABSI-LUMINOSIDADE\LABSI\PROG\PROGv1/PROGv1.ino:968
            ssd1306_init();
            ssd1306_clear();
            ssd1306_set_cursor(0, 0);
            ssd1306_print("Projeto LABSI");
            START_NB_DELAY_MS(1500);
            g_init_state = 2;
     7de:	80 93 8d 04 	sts	0x048D, r24	; 0x80048d <g_init_state>
     7e2:	c6 cf       	rjmp	.-116    	; 0x770 <main+0x120>
IS_DELAY_FINISHED():
C:\Users\Utilizador\Desktop\RAFA\UNI\LABSI-LUMINOSIDADE\LABSI\PROG\PROGv1/PROGv1.ino:247
// --- ATRASO NON-BLOCKING (BASEADO EM 2MS) ---
void START_NB_DELAY_MS(uint16_t ms) {
	g_delay_counter_2ms = (ms / 2) + 1;
}
uint8_t IS_DELAY_FINISHED() {
	if(g_delay_counter_2ms == 0) return 1;
     7e4:	80 91 1c 04 	lds	r24, 0x041C	; 0x80041c <g_delay_counter_2ms>
     7e8:	90 91 1d 04 	lds	r25, 0x041D	; 0x80041d <g_delay_counter_2ms+0x1>
     7ec:	89 2b       	or	r24, r25
     7ee:	09 f0       	breq	.+2      	; 0x7f2 <main+0x1a2>
     7f0:	bf cf       	rjmp	.-130    	; 0x770 <main+0x120>
ssd1306_init():
C:\Users\Utilizador\Desktop\RAFA\UNI\LABSI-LUMINOSIDADE\LABSI\PROG\PROGv1/PROGv1.ino:525
	i2c_write(0x40); 
	i2c_write(data); 
	i2c_stop(); 
}
void ssd1306_init(void) {
    ssd1306_cmd(0xAE); // Display OFF
     7f2:	8e ea       	ldi	r24, 0xAE	; 174
     7f4:	0e 94 18 01 	call	0x230	; 0x230 <ssd1306_cmd(unsigned char)>
C:\Users\Utilizador\Desktop\RAFA\UNI\LABSI-LUMINOSIDADE\LABSI\PROG\PROGv1/PROGv1.ino:526
    ssd1306_cmd(0x20); ssd1306_cmd(0x02); // Page Addressing
     7f8:	80 e2       	ldi	r24, 0x20	; 32
     7fa:	0e 94 18 01 	call	0x230	; 0x230 <ssd1306_cmd(unsigned char)>
     7fe:	82 e0       	ldi	r24, 0x02	; 2
     800:	0e 94 18 01 	call	0x230	; 0x230 <ssd1306_cmd(unsigned char)>
C:\Users\Utilizador\Desktop\RAFA\UNI\LABSI-LUMINOSIDADE\LABSI\PROG\PROGv1/PROGv1.ino:527
    ssd1306_cmd(0xB0); // Start Page 0
     804:	80 eb       	ldi	r24, 0xB0	; 176
     806:	0e 94 18 01 	call	0x230	; 0x230 <ssd1306_cmd(unsigned char)>
C:\Users\Utilizador\Desktop\RAFA\UNI\LABSI-LUMINOSIDADE\LABSI\PROG\PROGv1/PROGv1.ino:528
    ssd1306_cmd(0xC8); // COM Output Scan Dec
     80a:	88 ec       	ldi	r24, 0xC8	; 200
     80c:	0e 94 18 01 	call	0x230	; 0x230 <ssd1306_cmd(unsigned char)>
C:\Users\Utilizador\Desktop\RAFA\UNI\LABSI-LUMINOSIDADE\LABSI\PROG\PROGv1/PROGv1.ino:529
    ssd1306_cmd(0x00); // Low Col
     810:	80 e0       	ldi	r24, 0x00	; 0
     812:	0e 94 18 01 	call	0x230	; 0x230 <ssd1306_cmd(unsigned char)>
C:\Users\Utilizador\Desktop\RAFA\UNI\LABSI-LUMINOSIDADE\LABSI\PROG\PROGv1/PROGv1.ino:530
    ssd1306_cmd(0x10); // High Col
     816:	80 e1       	ldi	r24, 0x10	; 16
     818:	0e 94 18 01 	call	0x230	; 0x230 <ssd1306_cmd(unsigned char)>
C:\Users\Utilizador\Desktop\RAFA\UNI\LABSI-LUMINOSIDADE\LABSI\PROG\PROGv1/PROGv1.ino:531
    ssd1306_cmd(0x40); // Start Line 0
     81c:	80 e4       	ldi	r24, 0x40	; 64
     81e:	0e 94 18 01 	call	0x230	; 0x230 <ssd1306_cmd(unsigned char)>
C:\Users\Utilizador\Desktop\RAFA\UNI\LABSI-LUMINOSIDADE\LABSI\PROG\PROGv1/PROGv1.ino:532
    ssd1306_cmd(0x81); ssd1306_cmd(0xCF); // Contrast
     822:	81 e8       	ldi	r24, 0x81	; 129
     824:	0e 94 18 01 	call	0x230	; 0x230 <ssd1306_cmd(unsigned char)>
     828:	8f ec       	ldi	r24, 0xCF	; 207
     82a:	0e 94 18 01 	call	0x230	; 0x230 <ssd1306_cmd(unsigned char)>
C:\Users\Utilizador\Desktop\RAFA\UNI\LABSI-LUMINOSIDADE\LABSI\PROG\PROGv1/PROGv1.ino:533
    ssd1306_cmd(0xA1); // Segment Remap
     82e:	81 ea       	ldi	r24, 0xA1	; 161
     830:	0e 94 18 01 	call	0x230	; 0x230 <ssd1306_cmd(unsigned char)>
C:\Users\Utilizador\Desktop\RAFA\UNI\LABSI-LUMINOSIDADE\LABSI\PROG\PROGv1/PROGv1.ino:534
    ssd1306_cmd(0xA6); // Normal
     834:	86 ea       	ldi	r24, 0xA6	; 166
     836:	0e 94 18 01 	call	0x230	; 0x230 <ssd1306_cmd(unsigned char)>
C:\Users\Utilizador\Desktop\RAFA\UNI\LABSI-LUMINOSIDADE\LABSI\PROG\PROGv1/PROGv1.ino:535
    ssd1306_cmd(0xA8); ssd1306_cmd(0x3F); // Mux
     83a:	88 ea       	ldi	r24, 0xA8	; 168
     83c:	0e 94 18 01 	call	0x230	; 0x230 <ssd1306_cmd(unsigned char)>
     840:	8f e3       	ldi	r24, 0x3F	; 63
     842:	0e 94 18 01 	call	0x230	; 0x230 <ssd1306_cmd(unsigned char)>
C:\Users\Utilizador\Desktop\RAFA\UNI\LABSI-LUMINOSIDADE\LABSI\PROG\PROGv1/PROGv1.ino:536
    ssd1306_cmd(0x8D); ssd1306_cmd(0x14); // Charge Pump
     846:	8d e8       	ldi	r24, 0x8D	; 141
     848:	0e 94 18 01 	call	0x230	; 0x230 <ssd1306_cmd(unsigned char)>
     84c:	84 e1       	ldi	r24, 0x14	; 20
     84e:	0e 94 18 01 	call	0x230	; 0x230 <ssd1306_cmd(unsigned char)>
C:\Users\Utilizador\Desktop\RAFA\UNI\LABSI-LUMINOSIDADE\LABSI\PROG\PROGv1/PROGv1.ino:537
    ssd1306_cmd(0xAF); // Display ON
     852:	8f ea       	ldi	r24, 0xAF	; 175
     854:	0e 94 18 01 	call	0x230	; 0x230 <ssd1306_cmd(unsigned char)>
inic_non_blocking():
C:\Users\Utilizador\Desktop\RAFA\UNI\LABSI-LUMINOSIDADE\LABSI\PROG\PROGv1/PROGv1.ino:964
        g_init_state = 1;
        break;
    case 1:
        if(IS_DELAY_FINISHED()) {
            ssd1306_init();
            ssd1306_clear();
     858:	0e 94 33 01 	call	0x266	; 0x266 <ssd1306_clear()>
C:\Users\Utilizador\Desktop\RAFA\UNI\LABSI-LUMINOSIDADE\LABSI\PROG\PROGv1/PROGv1.ino:965
            ssd1306_set_cursor(0, 0);
     85c:	80 e0       	ldi	r24, 0x00	; 0
     85e:	0e 94 2a 01 	call	0x254	; 0x254 <ssd1306_set_cursor(unsigned char, unsigned char) [clone .constprop.0]>
C:\Users\Utilizador\Desktop\RAFA\UNI\LABSI-LUMINOSIDADE\LABSI\PROG\PROGv1/PROGv1.ino:966
            ssd1306_print("Projeto LABSI");
     862:	8c e5       	ldi	r24, 0x5C	; 92
     864:	93 e0       	ldi	r25, 0x03	; 3
     866:	0e 94 ee 00 	call	0x1dc	; 0x1dc <ssd1306_print(char const*)>
START_NB_DELAY_MS():
C:\Users\Utilizador\Desktop\RAFA\UNI\LABSI-LUMINOSIDADE\LABSI\PROG\PROGv1/PROGv1.ino:244
		}
	}
}
// --- ATRASO NON-BLOCKING (BASEADO EM 2MS) ---
void START_NB_DELAY_MS(uint16_t ms) {
	g_delay_counter_2ms = (ms / 2) + 1;
     86a:	8f ee       	ldi	r24, 0xEF	; 239
     86c:	92 e0       	ldi	r25, 0x02	; 2
     86e:	90 93 1d 04 	sts	0x041D, r25	; 0x80041d <g_delay_counter_2ms+0x1>
     872:	80 93 1c 04 	sts	0x041C, r24	; 0x80041c <g_delay_counter_2ms>
inic_non_blocking():
C:\Users\Utilizador\Desktop\RAFA\UNI\LABSI-LUMINOSIDADE\LABSI\PROG\PROGv1/PROGv1.ino:968
            ssd1306_init();
            ssd1306_clear();
            ssd1306_set_cursor(0, 0);
            ssd1306_print("Projeto LABSI");
            START_NB_DELAY_MS(1500);
            g_init_state = 2;
     876:	82 e0       	ldi	r24, 0x02	; 2
     878:	b2 cf       	rjmp	.-156    	; 0x7de <main+0x18e>
IS_DELAY_FINISHED():
C:\Users\Utilizador\Desktop\RAFA\UNI\LABSI-LUMINOSIDADE\LABSI\PROG\PROGv1/PROGv1.ino:247
// --- ATRASO NON-BLOCKING (BASEADO EM 2MS) ---
void START_NB_DELAY_MS(uint16_t ms) {
	g_delay_counter_2ms = (ms / 2) + 1;
}
uint8_t IS_DELAY_FINISHED() {
	if(g_delay_counter_2ms == 0) return 1;
     87a:	80 91 1c 04 	lds	r24, 0x041C	; 0x80041c <g_delay_counter_2ms>
     87e:	90 91 1d 04 	lds	r25, 0x041D	; 0x80041d <g_delay_counter_2ms+0x1>
     882:	89 2b       	or	r24, r25
     884:	09 f0       	breq	.+2      	; 0x888 <main+0x238>
     886:	74 cf       	rjmp	.-280    	; 0x770 <main+0x120>
detect_sensors():
C:\Users\Utilizador\Desktop\RAFA\UNI\LABSI-LUMINOSIDADE\LABSI\PROG\PROGv1/PROGv1.ino:669
	uint16_t lux = (uint16_t)((float) data / 1.2);
	if(lux > 65500) lux = 65500;
	return lux;
}
void detect_sensors(void) {
	g_sensor1_present = bh1750_send(BH1750_ADDR1, BH1750_POWER_ON) && bh1750_send(BH1750_ADDR1, BH1750_CONT_HIGH_RES_MODE2);
     888:	61 e0       	ldi	r22, 0x01	; 1
     88a:	83 e2       	ldi	r24, 0x23	; 35
     88c:	0e 94 b9 00 	call	0x172	; 0x172 <bh1750_send(unsigned char, unsigned char)>
     890:	88 23       	and	r24, r24
     892:	41 f0       	breq	.+16     	; 0x8a4 <main+0x254>
     894:	61 e1       	ldi	r22, 0x11	; 17
     896:	83 e2       	ldi	r24, 0x23	; 35
     898:	0e 94 b9 00 	call	0x172	; 0x172 <bh1750_send(unsigned char, unsigned char)>
     89c:	99 24       	eor	r9, r9
     89e:	93 94       	inc	r9
     8a0:	81 11       	cpse	r24, r1
     8a2:	01 c0       	rjmp	.+2      	; 0x8a6 <main+0x256>
main():
     8a4:	91 2c       	mov	r9, r1
detect_sensors():
     8a6:	90 92 1f 04 	sts	0x041F, r9	; 0x80041f <g_sensor1_present>
C:\Users\Utilizador\Desktop\RAFA\UNI\LABSI-LUMINOSIDADE\LABSI\PROG\PROGv1/PROGv1.ino:670
	g_sensor2_present = bh1750_send(BH1750_ADDR2, BH1750_POWER_ON) && bh1750_send(BH1750_ADDR2, BH1750_CONT_HIGH_RES_MODE2);
     8aa:	61 e0       	ldi	r22, 0x01	; 1
     8ac:	8c e5       	ldi	r24, 0x5C	; 92
     8ae:	0e 94 b9 00 	call	0x172	; 0x172 <bh1750_send(unsigned char, unsigned char)>
     8b2:	88 23       	and	r24, r24
     8b4:	39 f0       	breq	.+14     	; 0x8c4 <main+0x274>
     8b6:	61 e1       	ldi	r22, 0x11	; 17
     8b8:	8c e5       	ldi	r24, 0x5C	; 92
     8ba:	0e 94 b9 00 	call	0x172	; 0x172 <bh1750_send(unsigned char, unsigned char)>
     8be:	91 e0       	ldi	r25, 0x01	; 1
     8c0:	81 11       	cpse	r24, r1
     8c2:	01 c0       	rjmp	.+2      	; 0x8c6 <main+0x276>
main():
     8c4:	90 e0       	ldi	r25, 0x00	; 0
detect_sensors():
     8c6:	90 93 1e 04 	sts	0x041E, r25	; 0x80041e <g_sensor2_present>
C:\Users\Utilizador\Desktop\RAFA\UNI\LABSI-LUMINOSIDADE\LABSI\PROG\PROGv1/PROGv1.ino:671
	g_sensor_count = g_sensor1_present + g_sensor2_present;
     8ca:	99 0e       	add	r9, r25
     8cc:	90 92 8e 04 	sts	0x048E, r9	; 0x80048e <g_sensor_count>
inic_non_blocking():
C:\Users\Utilizador\Desktop\RAFA\UNI\LABSI-LUMINOSIDADE\LABSI\PROG\PROGv1/PROGv1.ino:974
        }
        break;
    case 2:
        if(IS_DELAY_FINISHED()) {
            detect_sensors();
            ssd1306_clear();
     8d0:	0e 94 33 01 	call	0x266	; 0x266 <ssd1306_clear()>
C:\Users\Utilizador\Desktop\RAFA\UNI\LABSI-LUMINOSIDADE\LABSI\PROG\PROGv1/PROGv1.ino:975
            ssd1306_set_cursor(0, 0);
     8d4:	80 e0       	ldi	r24, 0x00	; 0
     8d6:	0e 94 2a 01 	call	0x254	; 0x254 <ssd1306_set_cursor(unsigned char, unsigned char) [clone .constprop.0]>
C:\Users\Utilizador\Desktop\RAFA\UNI\LABSI-LUMINOSIDADE\LABSI\PROG\PROGv1/PROGv1.ino:977
            if(g_sensor_count == 0) {
                ssd1306_print("Sem Sensores");
     8da:	8a e6       	ldi	r24, 0x6A	; 106
     8dc:	93 e0       	ldi	r25, 0x03	; 3
C:\Users\Utilizador\Desktop\RAFA\UNI\LABSI-LUMINOSIDADE\LABSI\PROG\PROGv1/PROGv1.ino:976
    case 2:
        if(IS_DELAY_FINISHED()) {
            detect_sensors();
            ssd1306_clear();
            ssd1306_set_cursor(0, 0);
            if(g_sensor_count == 0) {
     8de:	99 20       	and	r9, r9
     8e0:	39 f0       	breq	.+14     	; 0x8f0 <main+0x2a0>
C:\Users\Utilizador\Desktop\RAFA\UNI\LABSI-LUMINOSIDADE\LABSI\PROG\PROGv1/PROGv1.ino:979
                ssd1306_print("Sem Sensores");
            } 
            else if(g_sensor_count == 1) {
     8e2:	31 e0       	ldi	r19, 0x01	; 1
C:\Users\Utilizador\Desktop\RAFA\UNI\LABSI-LUMINOSIDADE\LABSI\PROG\PROGv1/PROGv1.ino:980
                ssd1306_print("1 Sensor Pronto");
     8e4:	87 e7       	ldi	r24, 0x77	; 119
     8e6:	93 e0       	ldi	r25, 0x03	; 3
C:\Users\Utilizador\Desktop\RAFA\UNI\LABSI-LUMINOSIDADE\LABSI\PROG\PROGv1/PROGv1.ino:979
            ssd1306_clear();
            ssd1306_set_cursor(0, 0);
            if(g_sensor_count == 0) {
                ssd1306_print("Sem Sensores");
            } 
            else if(g_sensor_count == 1) {
     8e8:	93 16       	cp	r9, r19
     8ea:	11 f0       	breq	.+4      	; 0x8f0 <main+0x2a0>
C:\Users\Utilizador\Desktop\RAFA\UNI\LABSI-LUMINOSIDADE\LABSI\PROG\PROGv1/PROGv1.ino:983
                ssd1306_print("1 Sensor Pronto");
            } 
            else {
                ssd1306_print("2 Sensores Prontos");
     8ec:	87 e8       	ldi	r24, 0x87	; 135
     8ee:	93 e0       	ldi	r25, 0x03	; 3
     8f0:	0e 94 ee 00 	call	0x1dc	; 0x1dc <ssd1306_print(char const*)>
START_NB_DELAY_MS():
C:\Users\Utilizador\Desktop\RAFA\UNI\LABSI-LUMINOSIDADE\LABSI\PROG\PROGv1/PROGv1.ino:244
		}
	}
}
// --- ATRASO NON-BLOCKING (BASEADO EM 2MS) ---
void START_NB_DELAY_MS(uint16_t ms) {
	g_delay_counter_2ms = (ms / 2) + 1;
     8f4:	8f ee       	ldi	r24, 0xEF	; 239
     8f6:	92 e0       	ldi	r25, 0x02	; 2
     8f8:	90 93 1d 04 	sts	0x041D, r25	; 0x80041d <g_delay_counter_2ms+0x1>
     8fc:	80 93 1c 04 	sts	0x041C, r24	; 0x80041c <g_delay_counter_2ms>
inic_non_blocking():
C:\Users\Utilizador\Desktop\RAFA\UNI\LABSI-LUMINOSIDADE\LABSI\PROG\PROGv1/PROGv1.ino:986
            } 
            else {
                ssd1306_print("2 Sensores Prontos");
            }
            START_NB_DELAY_MS(1500);
            g_init_state = 3;
     900:	83 e0       	ldi	r24, 0x03	; 3
     902:	6d cf       	rjmp	.-294    	; 0x7de <main+0x18e>
main():
C:\Users\Utilizador\Desktop\RAFA\UNI\LABSI-LUMINOSIDADE\LABSI\PROG\PROGv1/PROGv1.ino:1007
while(1) {
	if(!g_setup_done) {
		inic_non_blocking();
	} else {
            // Rastreamento Posição
            if(g_motor1_action==ABRIR && g_blind1_pos<BLIND1_MAX_TICKS) g_blind1_pos+=STEP_OPEN;
     904:	20 91 0d 01 	lds	r18, 0x010D	; 0x80010d <g_motor1_action>
     908:	30 91 0e 01 	lds	r19, 0x010E	; 0x80010e <g_motor1_action+0x1>
     90c:	80 91 a4 04 	lds	r24, 0x04A4	; 0x8004a4 <g_blind1_pos>
     910:	90 91 a5 04 	lds	r25, 0x04A5	; 0x8004a5 <g_blind1_pos+0x1>
     914:	a0 91 a6 04 	lds	r26, 0x04A6	; 0x8004a6 <g_blind1_pos+0x2>
     918:	b0 91 a7 04 	lds	r27, 0x04A7	; 0x8004a7 <g_blind1_pos+0x3>
     91c:	22 30       	cpi	r18, 0x02	; 2
     91e:	31 05       	cpc	r19, r1
     920:	09 f0       	breq	.+2      	; 0x924 <__stack+0x25>
     922:	4b c0       	rjmp	.+150    	; 0x9ba <__stack+0xbb>
     924:	80 38       	cpi	r24, 0x80	; 128
     926:	6d e8       	ldi	r22, 0x8D	; 141
     928:	96 07       	cpc	r25, r22
     92a:	6b e5       	ldi	r22, 0x5B	; 91
     92c:	a6 07       	cpc	r26, r22
     92e:	b1 05       	cpc	r27, r1
     930:	5c f4       	brge	.+22     	; 0x948 <__stack+0x49>
     932:	0d 96       	adiw	r24, 0x0d	; 13
     934:	a1 1d       	adc	r26, r1
     936:	b1 1d       	adc	r27, r1
C:\Users\Utilizador\Desktop\RAFA\UNI\LABSI-LUMINOSIDADE\LABSI\PROG\PROGv1/PROGv1.ino:1008
            else if(g_motor1_action==FECHAR && g_blind1_pos>0) g_blind1_pos-=STEP_CLOSE;
     938:	80 93 a4 04 	sts	0x04A4, r24	; 0x8004a4 <g_blind1_pos>
     93c:	90 93 a5 04 	sts	0x04A5, r25	; 0x8004a5 <g_blind1_pos+0x1>
     940:	a0 93 a6 04 	sts	0x04A6, r26	; 0x8004a6 <g_blind1_pos+0x2>
     944:	b0 93 a7 04 	sts	0x04A7, r27	; 0x8004a7 <g_blind1_pos+0x3>
C:\Users\Utilizador\Desktop\RAFA\UNI\LABSI-LUMINOSIDADE\LABSI\PROG\PROGv1/PROGv1.ino:1010
    
            if(g_motor2_action==ABRIR && g_blind2_pos<BLIND2_MAX_TICKS) g_blind2_pos+=STEP_OPEN;
     948:	20 91 0b 01 	lds	r18, 0x010B	; 0x80010b <g_motor2_action>
     94c:	30 91 0c 01 	lds	r19, 0x010C	; 0x80010c <g_motor2_action+0x1>
     950:	80 91 a0 04 	lds	r24, 0x04A0	; 0x8004a0 <g_blind2_pos>
     954:	90 91 a1 04 	lds	r25, 0x04A1	; 0x8004a1 <g_blind2_pos+0x1>
     958:	a0 91 a2 04 	lds	r26, 0x04A2	; 0x8004a2 <g_blind2_pos+0x2>
     95c:	b0 91 a3 04 	lds	r27, 0x04A3	; 0x8004a3 <g_blind2_pos+0x3>
     960:	22 30       	cpi	r18, 0x02	; 2
     962:	31 05       	cpc	r19, r1
     964:	b1 f5       	brne	.+108    	; 0x9d2 <__stack+0xd3>
     966:	80 3a       	cpi	r24, 0xA0	; 160
     968:	2a e5       	ldi	r18, 0x5A	; 90
     96a:	92 07       	cpc	r25, r18
     96c:	22 e3       	ldi	r18, 0x32	; 50
     96e:	a2 07       	cpc	r26, r18
     970:	b1 05       	cpc	r27, r1
     972:	5c f4       	brge	.+22     	; 0x98a <__stack+0x8b>
     974:	0d 96       	adiw	r24, 0x0d	; 13
     976:	a1 1d       	adc	r26, r1
     978:	b1 1d       	adc	r27, r1
C:\Users\Utilizador\Desktop\RAFA\UNI\LABSI-LUMINOSIDADE\LABSI\PROG\PROGv1/PROGv1.ino:1011
            else if(g_motor2_action==FECHAR && g_blind2_pos>0) g_blind2_pos-=STEP_CLOSE;
     97a:	80 93 a0 04 	sts	0x04A0, r24	; 0x8004a0 <g_blind2_pos>
     97e:	90 93 a1 04 	sts	0x04A1, r25	; 0x8004a1 <g_blind2_pos+0x1>
     982:	a0 93 a2 04 	sts	0x04A2, r26	; 0x8004a2 <g_blind2_pos+0x2>
     986:	b0 93 a3 04 	sts	0x04A3, r27	; 0x8004a3 <g_blind2_pos+0x3>
C:\Users\Utilizador\Desktop\RAFA\UNI\LABSI-LUMINOSIDADE\LABSI\PROG\PROGv1/PROGv1.ino:1013

            if (g_blind1_pos >= BLIND1_MAX_TICKS) control_motor_1(PARAR);
     98a:	80 91 a4 04 	lds	r24, 0x04A4	; 0x8004a4 <g_blind1_pos>
     98e:	90 91 a5 04 	lds	r25, 0x04A5	; 0x8004a5 <g_blind1_pos+0x1>
     992:	a0 91 a6 04 	lds	r26, 0x04A6	; 0x8004a6 <g_blind1_pos+0x2>
     996:	b0 91 a7 04 	lds	r27, 0x04A7	; 0x8004a7 <g_blind1_pos+0x3>
     99a:	80 38       	cpi	r24, 0x80	; 128
     99c:	3d e8       	ldi	r19, 0x8D	; 141
     99e:	93 07       	cpc	r25, r19
     9a0:	3b e5       	ldi	r19, 0x5B	; 91
     9a2:	a3 07       	cpc	r26, r19
     9a4:	b1 05       	cpc	r27, r1
     9a6:	04 f1       	brlt	.+64     	; 0x9e8 <__stack+0xe9>
control_motor_1():
C:\Users\Utilizador\Desktop\RAFA\UNI\LABSI-LUMINOSIDADE\LABSI\PROG\PROGv1/PROGv1.ino:737
	// Interrupção de PC1 (botão touch)
	PCICR |= (1 << PCIE1);
	PCMSK1 |= (1 << PCINT9);
}
void control_motor_1(Servo_pos action) {
    g_motor1_action = action;
     9a8:	f0 92 0e 01 	sts	0x010E, r15	; 0x80010e <g_motor1_action+0x1>
     9ac:	e0 92 0d 01 	sts	0x010D, r14	; 0x80010d <g_motor1_action>
C:\Users\Utilizador\Desktop\RAFA\UNI\LABSI-LUMINOSIDADE\LABSI\PROG\PROGv1/PROGv1.ino:751
            break;
        case FECHAR:
            valor_pwm = 196;
            break;
    }
    OCR1B = valor_pwm;
     9b0:	10 93 8b 00 	sts	0x008B, r17	; 0x80008b <__DATA_REGION_ORIGIN__+0x2b>
     9b4:	00 93 8a 00 	sts	0x008A, r16	; 0x80008a <__DATA_REGION_ORIGIN__+0x2a>
     9b8:	1c c0       	rjmp	.+56     	; 0x9f2 <__stack+0xf3>
main():
C:\Users\Utilizador\Desktop\RAFA\UNI\LABSI-LUMINOSIDADE\LABSI\PROG\PROGv1/PROGv1.ino:1008
	if(!g_setup_done) {
		inic_non_blocking();
	} else {
            // Rastreamento Posição
            if(g_motor1_action==ABRIR && g_blind1_pos<BLIND1_MAX_TICKS) g_blind1_pos+=STEP_OPEN;
            else if(g_motor1_action==FECHAR && g_blind1_pos>0) g_blind1_pos-=STEP_CLOSE;
     9ba:	23 2b       	or	r18, r19
     9bc:	29 f6       	brne	.-118    	; 0x948 <__stack+0x49>
     9be:	18 16       	cp	r1, r24
     9c0:	19 06       	cpc	r1, r25
     9c2:	1a 06       	cpc	r1, r26
     9c4:	1b 06       	cpc	r1, r27
     9c6:	0c f0       	brlt	.+2      	; 0x9ca <__stack+0xcb>
     9c8:	bf cf       	rjmp	.-130    	; 0x948 <__stack+0x49>
     9ca:	0a 97       	sbiw	r24, 0x0a	; 10
     9cc:	a1 09       	sbc	r26, r1
     9ce:	b1 09       	sbc	r27, r1
     9d0:	b3 cf       	rjmp	.-154    	; 0x938 <__stack+0x39>
C:\Users\Utilizador\Desktop\RAFA\UNI\LABSI-LUMINOSIDADE\LABSI\PROG\PROGv1/PROGv1.ino:1011
    
            if(g_motor2_action==ABRIR && g_blind2_pos<BLIND2_MAX_TICKS) g_blind2_pos+=STEP_OPEN;
            else if(g_motor2_action==FECHAR && g_blind2_pos>0) g_blind2_pos-=STEP_CLOSE;
     9d2:	23 2b       	or	r18, r19
     9d4:	d1 f6       	brne	.-76     	; 0x98a <__stack+0x8b>
     9d6:	18 16       	cp	r1, r24
     9d8:	19 06       	cpc	r1, r25
     9da:	1a 06       	cpc	r1, r26
     9dc:	1b 06       	cpc	r1, r27
     9de:	ac f6       	brge	.-86     	; 0x98a <__stack+0x8b>
     9e0:	0a 97       	sbiw	r24, 0x0a	; 10
     9e2:	a1 09       	sbc	r26, r1
     9e4:	b1 09       	sbc	r27, r1
     9e6:	c9 cf       	rjmp	.-110    	; 0x97a <__stack+0x7b>
C:\Users\Utilizador\Desktop\RAFA\UNI\LABSI-LUMINOSIDADE\LABSI\PROG\PROGv1/PROGv1.ino:1014

            if (g_blind1_pos >= BLIND1_MAX_TICKS) control_motor_1(PARAR);
            if (g_blind1_pos <= 0)                control_motor_1(PARAR);
     9e8:	18 16       	cp	r1, r24
     9ea:	19 06       	cpc	r1, r25
     9ec:	1a 06       	cpc	r1, r26
     9ee:	1b 06       	cpc	r1, r27
     9f0:	dc f6       	brge	.-74     	; 0x9a8 <__stack+0xa9>
C:\Users\Utilizador\Desktop\RAFA\UNI\LABSI-LUMINOSIDADE\LABSI\PROG\PROGv1/PROGv1.ino:1015
            if (g_blind2_pos >= BLIND2_MAX_TICKS) control_motor_2(PARAR);
     9f2:	40 91 a0 04 	lds	r20, 0x04A0	; 0x8004a0 <g_blind2_pos>
     9f6:	50 91 a1 04 	lds	r21, 0x04A1	; 0x8004a1 <g_blind2_pos+0x1>
     9fa:	60 91 a2 04 	lds	r22, 0x04A2	; 0x8004a2 <g_blind2_pos+0x2>
     9fe:	70 91 a3 04 	lds	r23, 0x04A3	; 0x8004a3 <g_blind2_pos+0x3>
     a02:	40 3a       	cpi	r20, 0xA0	; 160
     a04:	2a e5       	ldi	r18, 0x5A	; 90
     a06:	52 07       	cpc	r21, r18
     a08:	22 e3       	ldi	r18, 0x32	; 50
     a0a:	62 07       	cpc	r22, r18
     a0c:	71 05       	cpc	r23, r1
     a0e:	4c f0       	brlt	.+18     	; 0xa22 <__stack+0x123>
control_motor_2():
C:\Users\Utilizador\Desktop\RAFA\UNI\LABSI-LUMINOSIDADE\LABSI\PROG\PROGv1/PROGv1.ino:754
            break;
    }
    OCR1B = valor_pwm;
}
void control_motor_2(Servo_pos action) {
    g_motor2_action = action;
     a10:	f0 92 0c 01 	sts	0x010C, r15	; 0x80010c <g_motor2_action+0x1>
     a14:	e0 92 0b 01 	sts	0x010B, r14	; 0x80010b <g_motor2_action>
C:\Users\Utilizador\Desktop\RAFA\UNI\LABSI-LUMINOSIDADE\LABSI\PROG\PROGv1/PROGv1.ino:768
			break;
		case FECHAR:
			valor_pwm = 197;
			break;
	}
	OCR1A = valor_pwm;
     a18:	10 93 89 00 	sts	0x0089, r17	; 0x800089 <__DATA_REGION_ORIGIN__+0x29>
     a1c:	00 93 88 00 	sts	0x0088, r16	; 0x800088 <__DATA_REGION_ORIGIN__+0x28>
     a20:	05 c0       	rjmp	.+10     	; 0xa2c <__stack+0x12d>
main():
C:\Users\Utilizador\Desktop\RAFA\UNI\LABSI-LUMINOSIDADE\LABSI\PROG\PROGv1/PROGv1.ino:1016
            else if(g_motor2_action==FECHAR && g_blind2_pos>0) g_blind2_pos-=STEP_CLOSE;

            if (g_blind1_pos >= BLIND1_MAX_TICKS) control_motor_1(PARAR);
            if (g_blind1_pos <= 0)                control_motor_1(PARAR);
            if (g_blind2_pos >= BLIND2_MAX_TICKS) control_motor_2(PARAR);
            if (g_blind2_pos <= 0)                control_motor_2(PARAR);
     a22:	14 16       	cp	r1, r20
     a24:	15 06       	cpc	r1, r21
     a26:	16 06       	cpc	r1, r22
     a28:	17 06       	cpc	r1, r23
     a2a:	94 f7       	brge	.-28     	; 0xa10 <__stack+0x111>
C:\Users\Utilizador\Desktop\RAFA\UNI\LABSI-LUMINOSIDADE\LABSI\PROG\PROGv1/PROGv1.ino:1018

            if (g_motor1_action == PARAR && g_last_motor1_action != PARAR) {
     a2c:	20 91 0d 01 	lds	r18, 0x010D	; 0x80010d <g_motor1_action>
     a30:	30 91 0e 01 	lds	r19, 0x010E	; 0x80010e <g_motor1_action+0x1>
     a34:	21 30       	cpi	r18, 0x01	; 1
     a36:	31 05       	cpc	r19, r1
     a38:	61 f5       	brne	.+88     	; 0xa92 <__stack+0x193>
     a3a:	20 91 09 01 	lds	r18, 0x0109	; 0x800109 <g_last_motor1_action>
     a3e:	30 91 0a 01 	lds	r19, 0x010A	; 0x80010a <g_last_motor1_action+0x1>
     a42:	21 30       	cpi	r18, 0x01	; 1
     a44:	31 05       	cpc	r19, r1
     a46:	29 f1       	breq	.+74     	; 0xa92 <__stack+0x193>
C:\Users\Utilizador\Desktop\RAFA\UNI\LABSI-LUMINOSIDADE\LABSI\PROG\PROGv1/PROGv1.ino:1019
            if (g_blind1_pos < 0) g_blind1_pos = 0;
     a48:	b7 ff       	sbrs	r27, 7
     a4a:	08 c0       	rjmp	.+16     	; 0xa5c <__stack+0x15d>
     a4c:	10 92 a4 04 	sts	0x04A4, r1	; 0x8004a4 <g_blind1_pos>
     a50:	10 92 a5 04 	sts	0x04A5, r1	; 0x8004a5 <g_blind1_pos+0x1>
     a54:	10 92 a6 04 	sts	0x04A6, r1	; 0x8004a6 <g_blind1_pos+0x2>
     a58:	10 92 a7 04 	sts	0x04A7, r1	; 0x8004a7 <g_blind1_pos+0x3>
C:\Users\Utilizador\Desktop\RAFA\UNI\LABSI-LUMINOSIDADE\LABSI\PROG\PROGv1/PROGv1.ino:1020
            if (g_blind1_pos > BLIND1_MAX_TICKS) g_blind1_pos = BLIND1_MAX_TICKS;
     a5c:	80 91 a4 04 	lds	r24, 0x04A4	; 0x8004a4 <g_blind1_pos>
     a60:	90 91 a5 04 	lds	r25, 0x04A5	; 0x8004a5 <g_blind1_pos+0x1>
     a64:	a0 91 a6 04 	lds	r26, 0x04A6	; 0x8004a6 <g_blind1_pos+0x2>
     a68:	b0 91 a7 04 	lds	r27, 0x04A7	; 0x8004a7 <g_blind1_pos+0x3>
     a6c:	81 38       	cpi	r24, 0x81	; 129
     a6e:	9d 48       	sbci	r25, 0x8D	; 141
     a70:	ab 45       	sbci	r26, 0x5B	; 91
     a72:	b1 05       	cpc	r27, r1
     a74:	64 f0       	brlt	.+24     	; 0xa8e <__stack+0x18f>
     a76:	80 e8       	ldi	r24, 0x80	; 128
     a78:	9d e8       	ldi	r25, 0x8D	; 141
     a7a:	ab e5       	ldi	r26, 0x5B	; 91
     a7c:	b0 e0       	ldi	r27, 0x00	; 0
     a7e:	80 93 a4 04 	sts	0x04A4, r24	; 0x8004a4 <g_blind1_pos>
     a82:	90 93 a5 04 	sts	0x04A5, r25	; 0x8004a5 <g_blind1_pos+0x1>
     a86:	a0 93 a6 04 	sts	0x04A6, r26	; 0x8004a6 <g_blind1_pos+0x2>
     a8a:	b0 93 a7 04 	sts	0x04A7, r27	; 0x8004a7 <g_blind1_pos+0x3>
C:\Users\Utilizador\Desktop\RAFA\UNI\LABSI-LUMINOSIDADE\LABSI\PROG\PROGv1/PROGv1.ino:1021
            save_position_to_eeprom();
     a8e:	0e 94 df 01 	call	0x3be	; 0x3be <save_position_to_eeprom()>
C:\Users\Utilizador\Desktop\RAFA\UNI\LABSI-LUMINOSIDADE\LABSI\PROG\PROGv1/PROGv1.ino:1023
            }
            if (g_motor2_action == PARAR && g_last_motor2_action != PARAR) {
     a92:	80 91 0b 01 	lds	r24, 0x010B	; 0x80010b <g_motor2_action>
     a96:	90 91 0c 01 	lds	r25, 0x010C	; 0x80010c <g_motor2_action+0x1>
     a9a:	01 97       	sbiw	r24, 0x01	; 1
     a9c:	99 f5       	brne	.+102    	; 0xb04 <__stack+0x205>
     a9e:	80 91 07 01 	lds	r24, 0x0107	; 0x800107 <g_last_motor2_action>
     aa2:	90 91 08 01 	lds	r25, 0x0108	; 0x800108 <g_last_motor2_action+0x1>
     aa6:	01 97       	sbiw	r24, 0x01	; 1
     aa8:	69 f1       	breq	.+90     	; 0xb04 <__stack+0x205>
C:\Users\Utilizador\Desktop\RAFA\UNI\LABSI-LUMINOSIDADE\LABSI\PROG\PROGv1/PROGv1.ino:1024
            if (g_blind2_pos < 0) g_blind2_pos = 0;
     aaa:	80 91 a0 04 	lds	r24, 0x04A0	; 0x8004a0 <g_blind2_pos>
     aae:	90 91 a1 04 	lds	r25, 0x04A1	; 0x8004a1 <g_blind2_pos+0x1>
     ab2:	a0 91 a2 04 	lds	r26, 0x04A2	; 0x8004a2 <g_blind2_pos+0x2>
     ab6:	b0 91 a3 04 	lds	r27, 0x04A3	; 0x8004a3 <g_blind2_pos+0x3>
     aba:	b7 ff       	sbrs	r27, 7
     abc:	08 c0       	rjmp	.+16     	; 0xace <__stack+0x1cf>
     abe:	10 92 a0 04 	sts	0x04A0, r1	; 0x8004a0 <g_blind2_pos>
     ac2:	10 92 a1 04 	sts	0x04A1, r1	; 0x8004a1 <g_blind2_pos+0x1>
     ac6:	10 92 a2 04 	sts	0x04A2, r1	; 0x8004a2 <g_blind2_pos+0x2>
     aca:	10 92 a3 04 	sts	0x04A3, r1	; 0x8004a3 <g_blind2_pos+0x3>
C:\Users\Utilizador\Desktop\RAFA\UNI\LABSI-LUMINOSIDADE\LABSI\PROG\PROGv1/PROGv1.ino:1025
            if (g_blind2_pos > BLIND2_MAX_TICKS) g_blind2_pos = BLIND2_MAX_TICKS;
     ace:	80 91 a0 04 	lds	r24, 0x04A0	; 0x8004a0 <g_blind2_pos>
     ad2:	90 91 a1 04 	lds	r25, 0x04A1	; 0x8004a1 <g_blind2_pos+0x1>
     ad6:	a0 91 a2 04 	lds	r26, 0x04A2	; 0x8004a2 <g_blind2_pos+0x2>
     ada:	b0 91 a3 04 	lds	r27, 0x04A3	; 0x8004a3 <g_blind2_pos+0x3>
     ade:	81 3a       	cpi	r24, 0xA1	; 161
     ae0:	9a 45       	sbci	r25, 0x5A	; 90
     ae2:	a2 43       	sbci	r26, 0x32	; 50
     ae4:	b1 05       	cpc	r27, r1
     ae6:	64 f0       	brlt	.+24     	; 0xb00 <__stack+0x201>
     ae8:	80 ea       	ldi	r24, 0xA0	; 160
     aea:	9a e5       	ldi	r25, 0x5A	; 90
     aec:	a2 e3       	ldi	r26, 0x32	; 50
     aee:	b0 e0       	ldi	r27, 0x00	; 0
     af0:	80 93 a0 04 	sts	0x04A0, r24	; 0x8004a0 <g_blind2_pos>
     af4:	90 93 a1 04 	sts	0x04A1, r25	; 0x8004a1 <g_blind2_pos+0x1>
     af8:	a0 93 a2 04 	sts	0x04A2, r26	; 0x8004a2 <g_blind2_pos+0x2>
     afc:	b0 93 a3 04 	sts	0x04A3, r27	; 0x8004a3 <g_blind2_pos+0x3>
C:\Users\Utilizador\Desktop\RAFA\UNI\LABSI-LUMINOSIDADE\LABSI\PROG\PROGv1/PROGv1.ino:1026
            save_position_to_eeprom();
     b00:	0e 94 df 01 	call	0x3be	; 0x3be <save_position_to_eeprom()>
C:\Users\Utilizador\Desktop\RAFA\UNI\LABSI-LUMINOSIDADE\LABSI\PROG\PROGv1/PROGv1.ino:1028
            }
            g_last_motor1_action = g_motor1_action;
     b04:	80 91 0d 01 	lds	r24, 0x010D	; 0x80010d <g_motor1_action>
     b08:	90 91 0e 01 	lds	r25, 0x010E	; 0x80010e <g_motor1_action+0x1>
     b0c:	90 93 0a 01 	sts	0x010A, r25	; 0x80010a <g_last_motor1_action+0x1>
     b10:	80 93 09 01 	sts	0x0109, r24	; 0x800109 <g_last_motor1_action>
C:\Users\Utilizador\Desktop\RAFA\UNI\LABSI-LUMINOSIDADE\LABSI\PROG\PROGv1/PROGv1.ino:1029
            g_last_motor2_action = g_motor2_action;
     b14:	80 91 0b 01 	lds	r24, 0x010B	; 0x80010b <g_motor2_action>
     b18:	90 91 0c 01 	lds	r25, 0x010C	; 0x80010c <g_motor2_action+0x1>
     b1c:	90 93 08 01 	sts	0x0108, r25	; 0x800108 <g_last_motor2_action+0x1>
     b20:	80 93 07 01 	sts	0x0107, r24	; 0x800107 <g_last_motor2_action>
C:\Users\Utilizador\Desktop\RAFA\UNI\LABSI-LUMINOSIDADE\LABSI\PROG\PROGv1/PROGv1.ino:1031

        if(g_flag_50ms){
     b24:	80 91 9f 04 	lds	r24, 0x049F	; 0x80049f <g_flag_50ms>
     b28:	88 23       	and	r24, r24
     b2a:	09 f4       	brne	.+2      	; 0xb2e <__stack+0x22f>
     b2c:	6b c1       	rjmp	.+726    	; 0xe04 <__stack+0x505>
C:\Users\Utilizador\Desktop\RAFA\UNI\LABSI-LUMINOSIDADE\LABSI\PROG\PROGv1/PROGv1.ino:1032
            g_flag_50ms = 0;
     b2e:	10 92 9f 04 	sts	0x049F, r1	; 0x80049f <g_flag_50ms>
bh1750_read_sensors():
C:\Users\Utilizador\Desktop\RAFA\UNI\LABSI-LUMINOSIDADE\LABSI\PROG\PROGv1/PROGv1.ino:675
	g_sensor2_present = bh1750_send(BH1750_ADDR2, BH1750_POWER_ON) && bh1750_send(BH1750_ADDR2, BH1750_CONT_HIGH_RES_MODE2);
	g_sensor_count = g_sensor1_present + g_sensor2_present;
}
uint16_t bh1750_read_sensors(void) {
	uint16_t lux1 = 0, lux2 = 0;
	if(g_sensor1_present) lux1 = bh1750_read(BH1750_ADDR1);
     b32:	80 91 1f 04 	lds	r24, 0x041F	; 0x80041f <g_sensor1_present>
main():
C:\Users\Utilizador\Desktop\RAFA\UNI\LABSI-LUMINOSIDADE\LABSI\PROG\PROGv1/PROGv1.ino:674
	g_sensor1_present = bh1750_send(BH1750_ADDR1, BH1750_POWER_ON) && bh1750_send(BH1750_ADDR1, BH1750_CONT_HIGH_RES_MODE2);
	g_sensor2_present = bh1750_send(BH1750_ADDR2, BH1750_POWER_ON) && bh1750_send(BH1750_ADDR2, BH1750_CONT_HIGH_RES_MODE2);
	g_sensor_count = g_sensor1_present + g_sensor2_present;
}
uint16_t bh1750_read_sensors(void) {
	uint16_t lux1 = 0, lux2 = 0;
     b36:	91 2c       	mov	r9, r1
     b38:	81 2c       	mov	r8, r1
bh1750_read_sensors():
C:\Users\Utilizador\Desktop\RAFA\UNI\LABSI-LUMINOSIDADE\LABSI\PROG\PROGv1/PROGv1.ino:675
	if(g_sensor1_present) lux1 = bh1750_read(BH1750_ADDR1);
     b3a:	88 23       	and	r24, r24
     b3c:	21 f0       	breq	.+8      	; 0xb46 <__stack+0x247>
     b3e:	83 e2       	ldi	r24, 0x23	; 35
     b40:	0e 94 6d 00 	call	0xda	; 0xda <bh1750_read(unsigned char)>
     b44:	4c 01       	movw	r8, r24
C:\Users\Utilizador\Desktop\RAFA\UNI\LABSI-LUMINOSIDADE\LABSI\PROG\PROGv1/PROGv1.ino:676
	if(g_sensor2_present) lux2 = bh1750_read(BH1750_ADDR2);
     b46:	80 91 1e 04 	lds	r24, 0x041E	; 0x80041e <g_sensor2_present>
     b4a:	88 23       	and	r24, r24
     b4c:	09 f4       	brne	.+2      	; 0xb50 <__stack+0x251>
     b4e:	3e c1       	rjmp	.+636    	; 0xdcc <__stack+0x4cd>
     b50:	8c e5       	ldi	r24, 0x5C	; 92
     b52:	0e 94 6d 00 	call	0xda	; 0xda <bh1750_read(unsigned char)>
C:\Users\Utilizador\Desktop\RAFA\UNI\LABSI-LUMINOSIDADE\LABSI\PROG\PROGv1/PROGv1.ino:677
	if(g_sensor_count == 1) {
     b56:	20 91 8e 04 	lds	r18, 0x048E	; 0x80048e <g_sensor_count>
     b5a:	21 30       	cpi	r18, 0x01	; 1
     b5c:	09 f0       	breq	.+2      	; 0xb60 <__stack+0x261>
     b5e:	39 c1       	rjmp	.+626    	; 0xdd2 <__stack+0x4d3>
C:\Users\Utilizador\Desktop\RAFA\UNI\LABSI-LUMINOSIDADE\LABSI\PROG\PROGv1/PROGv1.ino:678
		if(lux1 > 0) return lux1;
     b60:	81 14       	cp	r8, r1
     b62:	91 04       	cpc	r9, r1
     b64:	09 f0       	breq	.+2      	; 0xb68 <__stack+0x269>
     b66:	c4 01       	movw	r24, r8
average_lux():
C:\Users\Utilizador\Desktop\RAFA\UNI\LABSI-LUMINOSIDADE\LABSI\PROG\PROGv1/PROGv1.ino:686
	if(g_sensor_count == 2) return (uint16_t)((float)(lux1 + lux2)) / 2;
	return 0;
}
// --- Averaging Function ---
uint16_t average_lux(uint16_t new_reading) {
	lux_buffer[g_buffer_index] = new_reading;
     b68:	20 91 34 04 	lds	r18, 0x0434	; 0x800434 <g_buffer_index>
     b6c:	30 e0       	ldi	r19, 0x00	; 0
     b6e:	f9 01       	movw	r30, r18
     b70:	ee 0f       	add	r30, r30
     b72:	ff 1f       	adc	r31, r31
     b74:	e0 5e       	subi	r30, 0xE0	; 224
     b76:	fb 4f       	sbci	r31, 0xFB	; 251
     b78:	91 83       	std	Z+1, r25	; 0x01
     b7a:	80 83       	st	Z, r24
C:\Users\Utilizador\Desktop\RAFA\UNI\LABSI-LUMINOSIDADE\LABSI\PROG\PROGv1/PROGv1.ino:687
	g_buffer_index = (g_buffer_index + 1) % AVG_SAMPLES;
     b7c:	c9 01       	movw	r24, r18
     b7e:	01 96       	adiw	r24, 0x01	; 1
     b80:	6a e0       	ldi	r22, 0x0A	; 10
     b82:	70 e0       	ldi	r23, 0x00	; 0
     b84:	0e 94 ff 0b 	call	0x17fe	; 0x17fe <__divmodhi4>
     b88:	80 93 34 04 	sts	0x0434, r24	; 0x800434 <g_buffer_index>
     b8c:	e0 e2       	ldi	r30, 0x20	; 32
     b8e:	f4 e0       	ldi	r31, 0x04	; 4
     b90:	44 e3       	ldi	r20, 0x34	; 52
     b92:	54 e0       	ldi	r21, 0x04	; 4
main():
C:\Users\Utilizador\Desktop\RAFA\UNI\LABSI-LUMINOSIDADE\LABSI\PROG\PROGv1/PROGv1.ino:688
	uint32_t sum = 0;
     b94:	60 e0       	ldi	r22, 0x00	; 0
     b96:	70 e0       	ldi	r23, 0x00	; 0
     b98:	cb 01       	movw	r24, r22
average_lux():
C:\Users\Utilizador\Desktop\RAFA\UNI\LABSI-LUMINOSIDADE\LABSI\PROG\PROGv1/PROGv1.ino:690
	for(uint8_t i = 0; i < AVG_SAMPLES; i++) {
		sum += lux_buffer[i];
     b9a:	21 91       	ld	r18, Z+
     b9c:	31 91       	ld	r19, Z+
     b9e:	62 0f       	add	r22, r18
     ba0:	73 1f       	adc	r23, r19
     ba2:	81 1d       	adc	r24, r1
     ba4:	91 1d       	adc	r25, r1
C:\Users\Utilizador\Desktop\RAFA\UNI\LABSI-LUMINOSIDADE\LABSI\PROG\PROGv1/PROGv1.ino:689
// --- Averaging Function ---
uint16_t average_lux(uint16_t new_reading) {
	lux_buffer[g_buffer_index] = new_reading;
	g_buffer_index = (g_buffer_index + 1) % AVG_SAMPLES;
	uint32_t sum = 0;
	for(uint8_t i = 0; i < AVG_SAMPLES; i++) {
     ba6:	4e 17       	cp	r20, r30
     ba8:	5f 07       	cpc	r21, r31
     baa:	b9 f7       	brne	.-18     	; 0xb9a <__stack+0x29b>
C:\Users\Utilizador\Desktop\RAFA\UNI\LABSI-LUMINOSIDADE\LABSI\PROG\PROGv1/PROGv1.ino:692
		sum += lux_buffer[i];
	}
	return sum / AVG_SAMPLES;
     bac:	2a e0       	ldi	r18, 0x0A	; 10
     bae:	30 e0       	ldi	r19, 0x00	; 0
     bb0:	40 e0       	ldi	r20, 0x00	; 0
     bb2:	50 e0       	ldi	r21, 0x00	; 0
     bb4:	0e 94 13 0c 	call	0x1826	; 0x1826 <__udivmodsi4>
main():
C:\Users\Utilizador\Desktop\RAFA\UNI\LABSI-LUMINOSIDADE\LABSI\PROG\PROGv1/PROGv1.ino:1035

        if(g_flag_50ms){
            g_flag_50ms = 0;
                // 1. LEITURA DE LUX e MÉDIA
			    g_lux_value = bh1750_read_sensors();
			    g_averaged_lux = average_lux(g_lux_value);
     bb8:	20 93 9d 04 	sts	0x049D, r18	; 0x80049d <g_averaged_lux>
     bbc:	30 93 9e 04 	sts	0x049E, r19	; 0x80049e <g_averaged_lux+0x1>
oled_update_status():
C:\Users\Utilizador\Desktop\RAFA\UNI\LABSI-LUMINOSIDADE\LABSI\PROG\PROGv1/PROGv1.ino:593
}
void oled_update_status(void) {
    char line[20];

    // --- Linha 0: Lux atual ---
    sprintf(line, "LUX: %4u lx", g_averaged_lux);
     bc0:	3f 93       	push	r19
     bc2:	2f 93       	push	r18
     bc4:	8a e9       	ldi	r24, 0x9A	; 154
     bc6:	93 e0       	ldi	r25, 0x03	; 3
     bc8:	9f 93       	push	r25
     bca:	8f 93       	push	r24
     bcc:	df 92       	push	r13
     bce:	cf 92       	push	r12
     bd0:	0e 94 5f 0c 	call	0x18be	; 0x18be <sprintf>
C:\Users\Utilizador\Desktop\RAFA\UNI\LABSI-LUMINOSIDADE\LABSI\PROG\PROGv1/PROGv1.ino:594
    oled_write_line(0, line, last_line0);
     bd4:	43 e7       	ldi	r20, 0x73	; 115
     bd6:	54 e0       	ldi	r21, 0x04	; 4
     bd8:	b6 01       	movw	r22, r12
     bda:	80 e0       	ldi	r24, 0x00	; 0
     bdc:	0e 94 45 02 	call	0x48a	; 0x48a <oled_write_line(unsigned char, char const*, char*)>
C:\Users\Utilizador\Desktop\RAFA\UNI\LABSI-LUMINOSIDADE\LABSI\PROG\PROGv1/PROGv1.ino:597

    // --- Linha 1: Modo ---
    if(g_operating_mode == MODE_AUTOMATIC)
     be0:	80 91 06 01 	lds	r24, 0x0106	; 0x800106 <g_operating_mode>
     be4:	0f 90       	pop	r0
     be6:	0f 90       	pop	r0
     be8:	0f 90       	pop	r0
     bea:	0f 90       	pop	r0
     bec:	0f 90       	pop	r0
     bee:	0f 90       	pop	r0
C:\Users\Utilizador\Desktop\RAFA\UNI\LABSI-LUMINOSIDADE\LABSI\PROG\PROGv1/PROGv1.ino:598
        oled_write_line(1, "MODO: AUTOMATICO", last_line1);
     bf0:	4f e5       	ldi	r20, 0x5F	; 95
     bf2:	54 e0       	ldi	r21, 0x04	; 4
     bf4:	66 ea       	ldi	r22, 0xA6	; 166
     bf6:	73 e0       	ldi	r23, 0x03	; 3
C:\Users\Utilizador\Desktop\RAFA\UNI\LABSI-LUMINOSIDADE\LABSI\PROG\PROGv1/PROGv1.ino:597
    // --- Linha 0: Lux atual ---
    sprintf(line, "LUX: %4u lx", g_averaged_lux);
    oled_write_line(0, line, last_line0);

    // --- Linha 1: Modo ---
    if(g_operating_mode == MODE_AUTOMATIC)
     bf8:	88 23       	and	r24, r24
     bfa:	11 f0       	breq	.+4      	; 0xc00 <__stack+0x301>
C:\Users\Utilizador\Desktop\RAFA\UNI\LABSI-LUMINOSIDADE\LABSI\PROG\PROGv1/PROGv1.ino:600
        oled_write_line(1, "MODO: AUTOMATICO", last_line1);
    else
        oled_write_line(1, "MODO: MANUAL    ", last_line1);
     bfc:	67 eb       	ldi	r22, 0xB7	; 183
     bfe:	73 e0       	ldi	r23, 0x03	; 3
     c00:	81 e0       	ldi	r24, 0x01	; 1
     c02:	0e 94 45 02 	call	0x48a	; 0x48a <oled_write_line(unsigned char, char const*, char*)>
motor_state_to_str():
C:\Users\Utilizador\Desktop\RAFA\UNI\LABSI-LUMINOSIDADE\LABSI\PROG\PROGv1/PROGv1.ino:575
    ssd1306_cmd(0xB0 + row);          // page (0–7)
    ssd1306_cmd(0x00 + (col & 0x0F)); // low column
    ssd1306_cmd(0x10 + (col >> 4));   // high column
}
const char* motor_state_to_str(Servo_pos s) {
  switch(s) {
     c06:	80 91 0b 01 	lds	r24, 0x010B	; 0x80010b <g_motor2_action>
     c0a:	90 91 0c 01 	lds	r25, 0x010C	; 0x80010c <g_motor2_action+0x1>
main():
C:\Users\Utilizador\Desktop\RAFA\UNI\LABSI-LUMINOSIDADE\LABSI\PROG\PROGv1/PROGv1.ino:577
    case ABRIR:  return "ABRIR";
    case FECHAR: return "FECHAR";
     c0e:	2f e4       	ldi	r18, 0x4F	; 79
     c10:	33 e0       	ldi	r19, 0x03	; 3
motor_state_to_str():
C:\Users\Utilizador\Desktop\RAFA\UNI\LABSI-LUMINOSIDADE\LABSI\PROG\PROGv1/PROGv1.ino:575
    ssd1306_cmd(0xB0 + row);          // page (0–7)
    ssd1306_cmd(0x00 + (col & 0x0F)); // low column
    ssd1306_cmd(0x10 + (col >> 4));   // high column
}
const char* motor_state_to_str(Servo_pos s) {
  switch(s) {
     c12:	00 97       	sbiw	r24, 0x00	; 0
     c14:	31 f0       	breq	.+12     	; 0xc22 <__stack+0x323>
main():
C:\Users\Utilizador\Desktop\RAFA\UNI\LABSI-LUMINOSIDADE\LABSI\PROG\PROGv1/PROGv1.ino:576
    case ABRIR:  return "ABRIR";
     c16:	29 e4       	ldi	r18, 0x49	; 73
     c18:	33 e0       	ldi	r19, 0x03	; 3
motor_state_to_str():
C:\Users\Utilizador\Desktop\RAFA\UNI\LABSI-LUMINOSIDADE\LABSI\PROG\PROGv1/PROGv1.ino:575
    ssd1306_cmd(0xB0 + row);          // page (0–7)
    ssd1306_cmd(0x00 + (col & 0x0F)); // low column
    ssd1306_cmd(0x10 + (col >> 4));   // high column
}
const char* motor_state_to_str(Servo_pos s) {
  switch(s) {
     c1a:	02 97       	sbiw	r24, 0x02	; 2
     c1c:	11 f0       	breq	.+4      	; 0xc22 <__stack+0x323>
main():
C:\Users\Utilizador\Desktop\RAFA\UNI\LABSI-LUMINOSIDADE\LABSI\PROG\PROGv1/PROGv1.ino:578
    case ABRIR:  return "ABRIR";
    case FECHAR: return "FECHAR";
    default:     return "PARAR";
     c1e:	26 e5       	ldi	r18, 0x56	; 86
     c20:	33 e0       	ldi	r19, 0x03	; 3
motor_state_to_str():
C:\Users\Utilizador\Desktop\RAFA\UNI\LABSI-LUMINOSIDADE\LABSI\PROG\PROGv1/PROGv1.ino:575
    ssd1306_cmd(0xB0 + row);          // page (0–7)
    ssd1306_cmd(0x00 + (col & 0x0F)); // low column
    ssd1306_cmd(0x10 + (col >> 4));   // high column
}
const char* motor_state_to_str(Servo_pos s) {
  switch(s) {
     c22:	80 91 0d 01 	lds	r24, 0x010D	; 0x80010d <g_motor1_action>
     c26:	90 91 0e 01 	lds	r25, 0x010E	; 0x80010e <g_motor1_action+0x1>
     c2a:	00 97       	sbiw	r24, 0x00	; 0
     c2c:	09 f4       	brne	.+2      	; 0xc30 <__stack+0x331>
     c2e:	de c0       	rjmp	.+444    	; 0xdec <__stack+0x4ed>
     c30:	02 97       	sbiw	r24, 0x02	; 2
     c32:	09 f0       	breq	.+2      	; 0xc36 <__stack+0x337>
     c34:	d8 c0       	rjmp	.+432    	; 0xde6 <__stack+0x4e7>
main():
C:\Users\Utilizador\Desktop\RAFA\UNI\LABSI-LUMINOSIDADE\LABSI\PROG\PROGv1/PROGv1.ino:576
    case ABRIR:  return "ABRIR";
     c36:	89 e4       	ldi	r24, 0x49	; 73
     c38:	93 e0       	ldi	r25, 0x03	; 3
oled_update_status():
C:\Users\Utilizador\Desktop\RAFA\UNI\LABSI-LUMINOSIDADE\LABSI\PROG\PROGv1/PROGv1.ino:603
        oled_write_line(1, "MODO: AUTOMATICO", last_line1);
    else
        oled_write_line(1, "MODO: MANUAL    ", last_line1);

    // --- Linha 2: Estado dos motores ---
    sprintf(line, "M1:%s M2:%s",
     c3a:	3f 93       	push	r19
     c3c:	2f 93       	push	r18
     c3e:	9f 93       	push	r25
     c40:	8f 93       	push	r24
     c42:	88 ec       	ldi	r24, 0xC8	; 200
     c44:	93 e0       	ldi	r25, 0x03	; 3
     c46:	9f 93       	push	r25
     c48:	8f 93       	push	r24
     c4a:	df 92       	push	r13
     c4c:	cf 92       	push	r12
     c4e:	0e 94 5f 0c 	call	0x18be	; 0x18be <sprintf>
C:\Users\Utilizador\Desktop\RAFA\UNI\LABSI-LUMINOSIDADE\LABSI\PROG\PROGv1/PROGv1.ino:607
        motor_state_to_str(g_motor1_action),
        motor_state_to_str(g_motor2_action)
    );
    oled_write_line(2, line, last_line2);
     c52:	4b e4       	ldi	r20, 0x4B	; 75
     c54:	54 e0       	ldi	r21, 0x04	; 4
     c56:	b6 01       	movw	r22, r12
     c58:	82 e0       	ldi	r24, 0x02	; 2
     c5a:	0e 94 45 02 	call	0x48a	; 0x48a <oled_write_line(unsigned char, char const*, char*)>
C:\Users\Utilizador\Desktop\RAFA\UNI\LABSI-LUMINOSIDADE\LABSI\PROG\PROGv1/PROGv1.ino:609
    // Linha 3: separador
    ssd1306_set_cursor(3, 0);
     c5e:	83 e0       	ldi	r24, 0x03	; 3
     c60:	0e 94 2a 01 	call	0x254	; 0x254 <ssd1306_set_cursor(unsigned char, unsigned char) [clone .constprop.0]>
C:\Users\Utilizador\Desktop\RAFA\UNI\LABSI-LUMINOSIDADE\LABSI\PROG\PROGv1/PROGv1.ino:610
    ssd1306_print("----------------");
     c64:	84 ed       	ldi	r24, 0xD4	; 212
     c66:	93 e0       	ldi	r25, 0x03	; 3
     c68:	0e 94 ee 00 	call	0x1dc	; 0x1dc <ssd1306_print(char const*)>
oled_draw_lux_bar():
C:\Users\Utilizador\Desktop\RAFA\UNI\LABSI-LUMINOSIDADE\LABSI\PROG\PROGv1/PROGv1.ino:618

    sprintf(line, "Ciclos: %4u", g_debug_ciclos);
    oled_write_line(4, line, last_line3);
}
void oled_draw_lux_bar(uint16_t lux) {
    uint32_t scaled = (uint32_t)lux * 128;
     c6c:	60 91 9d 04 	lds	r22, 0x049D	; 0x80049d <g_averaged_lux>
     c70:	70 91 9e 04 	lds	r23, 0x049E	; 0x80049e <g_averaged_lux+0x1>
     c74:	90 e0       	ldi	r25, 0x00	; 0
     c76:	80 e0       	ldi	r24, 0x00	; 0
     c78:	27 e0       	ldi	r18, 0x07	; 7
     c7a:	66 0f       	add	r22, r22
     c7c:	77 1f       	adc	r23, r23
     c7e:	88 1f       	adc	r24, r24
     c80:	99 1f       	adc	r25, r25
     c82:	2a 95       	dec	r18
     c84:	d1 f7       	brne	.-12     	; 0xc7a <__stack+0x37b>
C:\Users\Utilizador\Desktop\RAFA\UNI\LABSI-LUMINOSIDADE\LABSI\PROG\PROGv1/PROGv1.ino:619
    uint8_t width = scaled / LUX_MAX;
     c86:	0f b6       	in	r0, 0x3f	; 63
     c88:	f8 94       	cli
     c8a:	de bf       	out	0x3e, r29	; 62
     c8c:	0f be       	out	0x3f, r0	; 63
     c8e:	cd bf       	out	0x3d, r28	; 61
     c90:	28 ee       	ldi	r18, 0xE8	; 232
     c92:	33 e0       	ldi	r19, 0x03	; 3
     c94:	40 e0       	ldi	r20, 0x00	; 0
     c96:	50 e0       	ldi	r21, 0x00	; 0
     c98:	0e 94 13 0c 	call	0x1826	; 0x1826 <__udivmodsi4>
     c9c:	92 2e       	mov	r9, r18
C:\Users\Utilizador\Desktop\RAFA\UNI\LABSI-LUMINOSIDADE\LABSI\PROG\PROGv1/PROGv1.ino:620
    if(width > 127) width = 127;
     c9e:	27 ff       	sbrs	r18, 7
     ca0:	02 c0       	rjmp	.+4      	; 0xca6 <__stack+0x3a7>
     ca2:	8f e7       	ldi	r24, 0x7F	; 127
     ca4:	98 2e       	mov	r9, r24
C:\Users\Utilizador\Desktop\RAFA\UNI\LABSI-LUMINOSIDADE\LABSI\PROG\PROGv1/PROGv1.ino:622

    if(width == last_bar_width)
     ca6:	80 91 00 01 	lds	r24, 0x0100	; 0x800100 <__data_start>
     caa:	89 15       	cp	r24, r9
     cac:	89 f0       	breq	.+34     	; 0xcd0 <__stack+0x3d1>
C:\Users\Utilizador\Desktop\RAFA\UNI\LABSI-LUMINOSIDADE\LABSI\PROG\PROGv1/PROGv1.ino:625
        return; // barra igual → não redesenha

    last_bar_width = width;
     cae:	90 92 00 01 	sts	0x0100, r9	; 0x800100 <__data_start>
C:\Users\Utilizador\Desktop\RAFA\UNI\LABSI-LUMINOSIDADE\LABSI\PROG\PROGv1/PROGv1.ino:627

    ssd1306_set_cursor(5, 0);
     cb2:	85 e0       	ldi	r24, 0x05	; 5
     cb4:	0e 94 2a 01 	call	0x254	; 0x254 <ssd1306_set_cursor(unsigned char, unsigned char) [clone .constprop.0]>
main():
C:\Users\Utilizador\Desktop\RAFA\UNI\LABSI-LUMINOSIDADE\LABSI\PROG\PROGv1/PROGv1.ino:628
    for(uint8_t i = 0; i < 128; i++) {
     cb8:	81 2c       	mov	r8, r1
oled_draw_lux_bar():
C:\Users\Utilizador\Desktop\RAFA\UNI\LABSI-LUMINOSIDADE\LABSI\PROG\PROGv1/PROGv1.ino:629
        ssd1306_data(i < width ? 0xFF : 0x00);
     cba:	81 e0       	ldi	r24, 0x01	; 1
     cbc:	89 14       	cp	r8, r9
     cbe:	08 f0       	brcs	.+2      	; 0xcc2 <__stack+0x3c3>
     cc0:	80 e0       	ldi	r24, 0x00	; 0
     cc2:	81 95       	neg	r24
     cc4:	0e 94 dc 00 	call	0x1b8	; 0x1b8 <ssd1306_data(unsigned char)>
C:\Users\Utilizador\Desktop\RAFA\UNI\LABSI-LUMINOSIDADE\LABSI\PROG\PROGv1/PROGv1.ino:628
        return; // barra igual → não redesenha

    last_bar_width = width;

    ssd1306_set_cursor(5, 0);
    for(uint8_t i = 0; i < 128; i++) {
     cc8:	83 94       	inc	r8
     cca:	b0 e8       	ldi	r27, 0x80	; 128
     ccc:	8b 12       	cpse	r8, r27
     cce:	f5 cf       	rjmp	.-22     	; 0xcba <__stack+0x3bb>
oled_update_status():
C:\Users\Utilizador\Desktop\RAFA\UNI\LABSI-LUMINOSIDADE\LABSI\PROG\PROGv1/PROGv1.ino:614
    ssd1306_set_cursor(3, 0);
    ssd1306_print("----------------");
    // --- Linha 4: Barra de luz ---
    oled_draw_lux_bar(g_averaged_lux);

    sprintf(line, "Ciclos: %4u", g_debug_ciclos);
     cd0:	80 91 49 04 	lds	r24, 0x0449	; 0x800449 <g_debug_ciclos>
     cd4:	90 91 4a 04 	lds	r25, 0x044A	; 0x80044a <g_debug_ciclos+0x1>
     cd8:	9f 93       	push	r25
     cda:	8f 93       	push	r24
     cdc:	85 ee       	ldi	r24, 0xE5	; 229
     cde:	93 e0       	ldi	r25, 0x03	; 3
     ce0:	9f 93       	push	r25
     ce2:	8f 93       	push	r24
     ce4:	df 92       	push	r13
     ce6:	cf 92       	push	r12
     ce8:	0e 94 5f 0c 	call	0x18be	; 0x18be <sprintf>
C:\Users\Utilizador\Desktop\RAFA\UNI\LABSI-LUMINOSIDADE\LABSI\PROG\PROGv1/PROGv1.ino:615
    oled_write_line(4, line, last_line3);
     cec:	45 e3       	ldi	r20, 0x35	; 53
     cee:	54 e0       	ldi	r21, 0x04	; 4
     cf0:	b6 01       	movw	r22, r12
     cf2:	84 e0       	ldi	r24, 0x04	; 4
     cf4:	0e 94 45 02 	call	0x48a	; 0x48a <oled_write_line(unsigned char, char const*, char*)>
main():
C:\Users\Utilizador\Desktop\RAFA\UNI\LABSI-LUMINOSIDADE\LABSI\PROG\PROGv1/PROGv1.ino:1038
                // 1. LEITURA DE LUX e MÉDIA
			    g_lux_value = bh1750_read_sensors();
			    g_averaged_lux = average_lux(g_lux_value);
            
				oled_update_status();
				char op_mode_char = (g_operating_mode == MODE_AUTOMATIC) ? 'A' : 'M';
     cf8:	80 91 06 01 	lds	r24, 0x0106	; 0x800106 <g_operating_mode>
     cfc:	0f 90       	pop	r0
     cfe:	0f 90       	pop	r0
     d00:	0f 90       	pop	r0
     d02:	0f 90       	pop	r0
     d04:	0f 90       	pop	r0
     d06:	0f 90       	pop	r0
     d08:	41 e4       	ldi	r20, 0x41	; 65
     d0a:	81 11       	cpse	r24, r1
     d0c:	4d e4       	ldi	r20, 0x4D	; 77
C:\Users\Utilizador\Desktop\RAFA\UNI\LABSI-LUMINOSIDADE\LABSI\PROG\PROGv1/PROGv1.ino:1039
				uint16_t disp_set = (g_fix_state != 0) ? g_last_setpoint_value : g_target_lux;
     d0e:	80 91 9c 04 	lds	r24, 0x049C	; 0x80049c <g_fix_state>
     d12:	88 23       	and	r24, r24
     d14:	09 f4       	brne	.+2      	; 0xd18 <__stack+0x419>
     d16:	6d c0       	rjmp	.+218    	; 0xdf2 <__stack+0x4f3>
     d18:	80 91 04 01 	lds	r24, 0x0104	; 0x800104 <g_last_setpoint_value>
     d1c:	90 91 05 01 	lds	r25, 0x0105	; 0x800105 <g_last_setpoint_value+0x1>
C:\Users\Utilizador\Desktop\RAFA\UNI\LABSI-LUMINOSIDADE\LABSI\PROG\PROGv1/PROGv1.ino:1042
				
				char motor1_char = 'E';
				if (g_motor1_action == ABRIR) motor1_char = 'A';
     d20:	20 91 0d 01 	lds	r18, 0x010D	; 0x80010d <g_motor1_action>
     d24:	30 91 0e 01 	lds	r19, 0x010E	; 0x80010e <g_motor1_action+0x1>
     d28:	22 30       	cpi	r18, 0x02	; 2
     d2a:	31 05       	cpc	r19, r1
     d2c:	09 f4       	brne	.+2      	; 0xd30 <__stack+0x431>
     d2e:	66 c0       	rjmp	.+204    	; 0xdfc <__stack+0x4fd>
C:\Users\Utilizador\Desktop\RAFA\UNI\LABSI-LUMINOSIDADE\LABSI\PROG\PROGv1/PROGv1.ino:1043
				else if (g_motor1_action == FECHAR) motor1_char = 'F';
     d30:	23 2b       	or	r18, r19
     d32:	09 f0       	breq	.+2      	; 0xd36 <__stack+0x437>
     d34:	65 c0       	rjmp	.+202    	; 0xe00 <__stack+0x501>
     d36:	26 e4       	ldi	r18, 0x46	; 70
C:\Users\Utilizador\Desktop\RAFA\UNI\LABSI-LUMINOSIDADE\LABSI\PROG\PROGv1/PROGv1.ino:1046
				else motor1_char = 'P';
				char motor2_char = 'E';
				if (g_motor2_action == ABRIR) motor2_char = 'A';
     d38:	60 91 0b 01 	lds	r22, 0x010B	; 0x80010b <g_motor2_action>
     d3c:	70 91 0c 01 	lds	r23, 0x010C	; 0x80010c <g_motor2_action+0x1>
     d40:	31 e4       	ldi	r19, 0x41	; 65
     d42:	62 30       	cpi	r22, 0x02	; 2
     d44:	71 05       	cpc	r23, r1
     d46:	21 f0       	breq	.+8      	; 0xd50 <__stack+0x451>
C:\Users\Utilizador\Desktop\RAFA\UNI\LABSI-LUMINOSIDADE\LABSI\PROG\PROGv1/PROGv1.ino:1047
				else if (g_motor2_action == FECHAR) motor2_char = 'F';
     d48:	36 e4       	ldi	r19, 0x46	; 70
     d4a:	67 2b       	or	r22, r23
     d4c:	09 f0       	breq	.+2      	; 0xd50 <__stack+0x451>
C:\Users\Utilizador\Desktop\RAFA\UNI\LABSI-LUMINOSIDADE\LABSI\PROG\PROGv1/PROGv1.ino:1048
				else motor2_char = 'P';
     d4e:	30 e5       	ldi	r19, 0x50	; 80
C:\Users\Utilizador\Desktop\RAFA\UNI\LABSI-LUMINOSIDADE\LABSI\PROG\PROGv1/PROGv1.ino:1051
				// 2. Envia para o ESP32 (Protocolo: D:Modo,Set,Lux,Motor1,Motor2,Ticks1,Ticks2)
				char serial_buffer[40];
				sprintf(serial_buffer, "D:%c,%u,%u,%c,%c,%ld,%ld\n", 
     d50:	50 91 a3 04 	lds	r21, 0x04A3	; 0x8004a3 <g_blind2_pos+0x3>
     d54:	5f 93       	push	r21
     d56:	50 91 a2 04 	lds	r21, 0x04A2	; 0x8004a2 <g_blind2_pos+0x2>
     d5a:	5f 93       	push	r21
     d5c:	50 91 a1 04 	lds	r21, 0x04A1	; 0x8004a1 <g_blind2_pos+0x1>
     d60:	5f 93       	push	r21
     d62:	50 91 a0 04 	lds	r21, 0x04A0	; 0x8004a0 <g_blind2_pos>
     d66:	5f 93       	push	r21
     d68:	50 91 a7 04 	lds	r21, 0x04A7	; 0x8004a7 <g_blind1_pos+0x3>
     d6c:	5f 93       	push	r21
     d6e:	50 91 a6 04 	lds	r21, 0x04A6	; 0x8004a6 <g_blind1_pos+0x2>
     d72:	5f 93       	push	r21
     d74:	50 91 a5 04 	lds	r21, 0x04A5	; 0x8004a5 <g_blind1_pos+0x1>
     d78:	5f 93       	push	r21
     d7a:	50 91 a4 04 	lds	r21, 0x04A4	; 0x8004a4 <g_blind1_pos>
     d7e:	5f 93       	push	r21
     d80:	1f 92       	push	r1
     d82:	3f 93       	push	r19
     d84:	1f 92       	push	r1
     d86:	2f 93       	push	r18
     d88:	20 91 9e 04 	lds	r18, 0x049E	; 0x80049e <g_averaged_lux+0x1>
     d8c:	2f 93       	push	r18
     d8e:	20 91 9d 04 	lds	r18, 0x049D	; 0x80049d <g_averaged_lux>
     d92:	2f 93       	push	r18
     d94:	9f 93       	push	r25
     d96:	8f 93       	push	r24
     d98:	1f 92       	push	r1
     d9a:	4f 93       	push	r20
     d9c:	81 ef       	ldi	r24, 0xF1	; 241
     d9e:	93 e0       	ldi	r25, 0x03	; 3
     da0:	9f 93       	push	r25
     da2:	8f 93       	push	r24
     da4:	df 92       	push	r13
     da6:	cf 92       	push	r12
     da8:	0e 94 5f 0c 	call	0x18be	; 0x18be <sprintf>
     dac:	f6 01       	movw	r30, r12
     dae:	0f b6       	in	r0, 0x3f	; 63
     db0:	f8 94       	cli
     db2:	de bf       	out	0x3e, r29	; 62
     db4:	0f be       	out	0x3f, r0	; 63
     db6:	cd bf       	out	0x3d, r28	; 61
uart_write_string():
C:\Users\Utilizador\Desktop\RAFA\UNI\LABSI-LUMINOSIDADE\LABSI\PROG\PROGv1/PROGv1.ino:305
    // Espera até que o registrador de dados esteja vazio
    while (!(UCSR0A & (1 << UDRE0))); // espera
    UDR0 = c;
}
void uart_write_string(const char* str) {
    while (*str) {
     db8:	81 91       	ld	r24, Z+
     dba:	88 23       	and	r24, r24
     dbc:	19 f1       	breq	.+70     	; 0xe04 <__stack+0x505>
uart_write():
C:\Users\Utilizador\Desktop\RAFA\UNI\LABSI-LUMINOSIDADE\LABSI\PROG\PROGv1/PROGv1.ino:301
    // Formato: 8 dados, 1 stop bit
    UCSR0C = (1 << UCSZ01) | (1 << UCSZ00);
}
void uart_write(char c) {
    // Espera até que o registrador de dados esteja vazio
    while (!(UCSR0A & (1 << UDRE0))); // espera
     dbe:	90 91 c0 00 	lds	r25, 0x00C0	; 0x8000c0 <__DATA_REGION_ORIGIN__+0x60>
     dc2:	95 ff       	sbrs	r25, 5
     dc4:	fc cf       	rjmp	.-8      	; 0xdbe <__stack+0x4bf>
C:\Users\Utilizador\Desktop\RAFA\UNI\LABSI-LUMINOSIDADE\LABSI\PROG\PROGv1/PROGv1.ino:302
    UDR0 = c;
     dc6:	80 93 c6 00 	sts	0x00C6, r24	; 0x8000c6 <__DATA_REGION_ORIGIN__+0x66>
     dca:	f6 cf       	rjmp	.-20     	; 0xdb8 <__stack+0x4b9>
main():
C:\Users\Utilizador\Desktop\RAFA\UNI\LABSI-LUMINOSIDADE\LABSI\PROG\PROGv1/PROGv1.ino:674
	g_sensor1_present = bh1750_send(BH1750_ADDR1, BH1750_POWER_ON) && bh1750_send(BH1750_ADDR1, BH1750_CONT_HIGH_RES_MODE2);
	g_sensor2_present = bh1750_send(BH1750_ADDR2, BH1750_POWER_ON) && bh1750_send(BH1750_ADDR2, BH1750_CONT_HIGH_RES_MODE2);
	g_sensor_count = g_sensor1_present + g_sensor2_present;
}
uint16_t bh1750_read_sensors(void) {
	uint16_t lux1 = 0, lux2 = 0;
     dcc:	90 e0       	ldi	r25, 0x00	; 0
     dce:	80 e0       	ldi	r24, 0x00	; 0
     dd0:	c2 ce       	rjmp	.-636    	; 0xb56 <__stack+0x257>
bh1750_read_sensors():
C:\Users\Utilizador\Desktop\RAFA\UNI\LABSI-LUMINOSIDADE\LABSI\PROG\PROGv1/PROGv1.ino:681
	if(g_sensor2_present) lux2 = bh1750_read(BH1750_ADDR2);
	if(g_sensor_count == 1) {
		if(lux1 > 0) return lux1;
		else return lux2;
	}
	if(g_sensor_count == 2) return (uint16_t)((float)(lux1 + lux2)) / 2;
     dd2:	22 30       	cpi	r18, 0x02	; 2
     dd4:	29 f4       	brne	.+10     	; 0xde0 <__stack+0x4e1>
     dd6:	88 0d       	add	r24, r8
     dd8:	99 1d       	adc	r25, r9
     dda:	96 95       	lsr	r25
     ddc:	87 95       	ror	r24
     dde:	c4 ce       	rjmp	.-632    	; 0xb68 <__stack+0x269>
main():
C:\Users\Utilizador\Desktop\RAFA\UNI\LABSI-LUMINOSIDADE\LABSI\PROG\PROGv1/PROGv1.ino:682
	return 0;
     de0:	90 e0       	ldi	r25, 0x00	; 0
     de2:	80 e0       	ldi	r24, 0x00	; 0
     de4:	c1 ce       	rjmp	.-638    	; 0xb68 <__stack+0x269>
C:\Users\Utilizador\Desktop\RAFA\UNI\LABSI-LUMINOSIDADE\LABSI\PROG\PROGv1/PROGv1.ino:578
}
const char* motor_state_to_str(Servo_pos s) {
  switch(s) {
    case ABRIR:  return "ABRIR";
    case FECHAR: return "FECHAR";
    default:     return "PARAR";
     de6:	86 e5       	ldi	r24, 0x56	; 86
     de8:	93 e0       	ldi	r25, 0x03	; 3
     dea:	27 cf       	rjmp	.-434    	; 0xc3a <__stack+0x33b>
C:\Users\Utilizador\Desktop\RAFA\UNI\LABSI-LUMINOSIDADE\LABSI\PROG\PROGv1/PROGv1.ino:577
    ssd1306_cmd(0x10 + (col >> 4));   // high column
}
const char* motor_state_to_str(Servo_pos s) {
  switch(s) {
    case ABRIR:  return "ABRIR";
    case FECHAR: return "FECHAR";
     dec:	8f e4       	ldi	r24, 0x4F	; 79
     dee:	93 e0       	ldi	r25, 0x03	; 3
     df0:	24 cf       	rjmp	.-440    	; 0xc3a <__stack+0x33b>
C:\Users\Utilizador\Desktop\RAFA\UNI\LABSI-LUMINOSIDADE\LABSI\PROG\PROGv1/PROGv1.ino:1039
			    g_lux_value = bh1750_read_sensors();
			    g_averaged_lux = average_lux(g_lux_value);
            
				oled_update_status();
				char op_mode_char = (g_operating_mode == MODE_AUTOMATIC) ? 'A' : 'M';
				uint16_t disp_set = (g_fix_state != 0) ? g_last_setpoint_value : g_target_lux;
     df2:	80 91 02 01 	lds	r24, 0x0102	; 0x800102 <g_target_lux>
     df6:	90 91 03 01 	lds	r25, 0x0103	; 0x800103 <g_target_lux+0x1>
     dfa:	92 cf       	rjmp	.-220    	; 0xd20 <__stack+0x421>
C:\Users\Utilizador\Desktop\RAFA\UNI\LABSI-LUMINOSIDADE\LABSI\PROG\PROGv1/PROGv1.ino:1042
				
				char motor1_char = 'E';
				if (g_motor1_action == ABRIR) motor1_char = 'A';
     dfc:	21 e4       	ldi	r18, 0x41	; 65
     dfe:	9c cf       	rjmp	.-200    	; 0xd38 <__stack+0x439>
C:\Users\Utilizador\Desktop\RAFA\UNI\LABSI-LUMINOSIDADE\LABSI\PROG\PROGv1/PROGv1.ino:1044
				else if (g_motor1_action == FECHAR) motor1_char = 'F';
				else motor1_char = 'P';
     e00:	20 e5       	ldi	r18, 0x50	; 80
     e02:	9a cf       	rjmp	.-204    	; 0xd38 <__stack+0x439>
C:\Users\Utilizador\Desktop\RAFA\UNI\LABSI-LUMINOSIDADE\LABSI\PROG\PROGv1/PROGv1.ino:1056
				sprintf(serial_buffer, "D:%c,%u,%u,%c,%c,%ld,%ld\n", 
				        op_mode_char, disp_set, g_averaged_lux, motor1_char,motor2_char, g_blind1_pos, g_blind2_pos);
				uart_write_string(serial_buffer);
			
        }
		if(g_flag_2ms) {
     e04:	80 91 9b 04 	lds	r24, 0x049B	; 0x80049b <g_flag_2ms>
     e08:	88 23       	and	r24, r24
     e0a:	09 f4       	brne	.+2      	; 0xe0e <__stack+0x50f>
     e0c:	b1 cc       	rjmp	.-1694   	; 0x770 <main+0x120>
C:\Users\Utilizador\Desktop\RAFA\UNI\LABSI-LUMINOSIDADE\LABSI\PROG\PROGv1/PROGv1.ino:1057
			g_flag_2ms = 0;
     e0e:	10 92 9b 04 	sts	0x049B, r1	; 0x80049b <g_flag_2ms>
C:\Users\Utilizador\Desktop\RAFA\UNI\LABSI-LUMINOSIDADE\LABSI\PROG\PROGv1/PROGv1.ino:1058
            g_display_counter++;
     e12:	80 91 9a 04 	lds	r24, 0x049A	; 0x80049a <g_display_counter>
     e16:	8f 5f       	subi	r24, 0xFF	; 255
     e18:	80 93 9a 04 	sts	0x049A, r24	; 0x80049a <g_display_counter>
C:\Users\Utilizador\Desktop\RAFA\UNI\LABSI-LUMINOSIDADE\LABSI\PROG\PROGv1/PROGv1.ino:1059
            g_contador++;
     e1c:	80 91 99 04 	lds	r24, 0x0499	; 0x800499 <g_contador>
     e20:	8f 5f       	subi	r24, 0xFF	; 255
     e22:	80 93 99 04 	sts	0x0499, r24	; 0x800499 <g_contador>
C:\Users\Utilizador\Desktop\RAFA\UNI\LABSI-LUMINOSIDADE\LABSI\PROG\PROGv1/PROGv1.ino:1060
	        if(g_contador >= 250) {
     e26:	80 91 99 04 	lds	r24, 0x0499	; 0x800499 <g_contador>
     e2a:	8a 3f       	cpi	r24, 0xFA	; 250
     e2c:	30 f0       	brcs	.+12     	; 0xe3a <__stack+0x53b>
C:\Users\Utilizador\Desktop\RAFA\UNI\LABSI-LUMINOSIDADE\LABSI\PROG\PROGv1/PROGv1.ino:1061
		        PORTD ^= (1 << PD6);
     e2e:	8b b1       	in	r24, 0x0b	; 11
     e30:	90 e4       	ldi	r25, 0x40	; 64
     e32:	89 27       	eor	r24, r25
     e34:	8b b9       	out	0x0b, r24	; 11
C:\Users\Utilizador\Desktop\RAFA\UNI\LABSI-LUMINOSIDADE\LABSI\PROG\PROGv1/PROGv1.ino:1062
		        g_contador = 0;
     e36:	10 92 99 04 	sts	0x0499, r1	; 0x800499 <g_contador>
C:\Users\Utilizador\Desktop\RAFA\UNI\LABSI-LUMINOSIDADE\LABSI\PROG\PROGv1/PROGv1.ino:1064
	        }   
            g_contador_50ms++;
     e3a:	80 91 98 04 	lds	r24, 0x0498	; 0x800498 <g_contador_50ms>
     e3e:	8f 5f       	subi	r24, 0xFF	; 255
     e40:	80 93 98 04 	sts	0x0498, r24	; 0x800498 <g_contador_50ms>
C:\Users\Utilizador\Desktop\RAFA\UNI\LABSI-LUMINOSIDADE\LABSI\PROG\PROGv1/PROGv1.ino:1065
            if(g_contador_50ms >= 25){
     e44:	80 91 98 04 	lds	r24, 0x0498	; 0x800498 <g_contador_50ms>
     e48:	89 31       	cpi	r24, 0x19	; 25
     e4a:	28 f0       	brcs	.+10     	; 0xe56 <__stack+0x557>
C:\Users\Utilizador\Desktop\RAFA\UNI\LABSI-LUMINOSIDADE\LABSI\PROG\PROGv1/PROGv1.ino:1066
                g_flag_50ms = 1;
     e4c:	81 e0       	ldi	r24, 0x01	; 1
     e4e:	80 93 9f 04 	sts	0x049F, r24	; 0x80049f <g_flag_50ms>
C:\Users\Utilizador\Desktop\RAFA\UNI\LABSI-LUMINOSIDADE\LABSI\PROG\PROGv1/PROGv1.ino:1067
                g_contador_50ms = 0;
     e52:	10 92 98 04 	sts	0x0498, r1	; 0x800498 <g_contador_50ms>
C:\Users\Utilizador\Desktop\RAFA\UNI\LABSI-LUMINOSIDADE\LABSI\PROG\PROGv1/PROGv1.ino:1070
            }
            // Controlo do Buzzer
	        if(g_buzzer_counter > 0) {
     e56:	80 91 97 04 	lds	r24, 0x0497	; 0x800497 <g_buzzer_counter>
     e5a:	88 23       	and	r24, r24
     e5c:	09 f4       	brne	.+2      	; 0xe60 <__stack+0x561>
     e5e:	3b c0       	rjmp	.+118    	; 0xed6 <__stack+0x5d7>
C:\Users\Utilizador\Desktop\RAFA\UNI\LABSI-LUMINOSIDADE\LABSI\PROG\PROGv1/PROGv1.ino:1071
	        	g_buzzer_counter--;
     e60:	80 91 97 04 	lds	r24, 0x0497	; 0x800497 <g_buzzer_counter>
     e64:	81 50       	subi	r24, 0x01	; 1
     e66:	80 93 97 04 	sts	0x0497, r24	; 0x800497 <g_buzzer_counter>
C:\Users\Utilizador\Desktop\RAFA\UNI\LABSI-LUMINOSIDADE\LABSI\PROG\PROGv1/PROGv1.ino:1073
	        	// Alterna o Buzzer (PC0) a cada 50ms (25 ticks)
	        	if(g_buzzer_counter % 25 == 0) {
     e6a:	80 91 97 04 	lds	r24, 0x0497	; 0x800497 <g_buzzer_counter>
     e6e:	69 e1       	ldi	r22, 0x19	; 25
     e70:	0e 94 f3 0b 	call	0x17e6	; 0x17e6 <__udivmodqi4>
     e74:	91 11       	cpse	r25, r1
     e76:	04 c0       	rjmp	.+8      	; 0xe80 <__stack+0x581>
C:\Users\Utilizador\Desktop\RAFA\UNI\LABSI-LUMINOSIDADE\LABSI\PROG\PROGv1/PROGv1.ino:1074
	        		PORTC ^= (1 << BUZZER_PIN);
     e78:	88 b1       	in	r24, 0x08	; 8
     e7a:	91 e0       	ldi	r25, 0x01	; 1
     e7c:	89 27       	eor	r24, r25
     e7e:	88 b9       	out	0x08, r24	; 8
uart_available():
C:\Users\Utilizador\Desktop\RAFA\UNI\LABSI-LUMINOSIDADE\LABSI\PROG\PROGv1/PROGv1.ino:310
    while (*str) {
        uart_write(*str++); 
    }
}
uint8_t uart_available(void) {
    return (UCSR0A & (1 << RXC0));
     e80:	80 91 c0 00 	lds	r24, 0x00C0	; 0x8000c0 <__DATA_REGION_ORIGIN__+0x60>
check_uart_cmds():
C:\Users\Utilizador\Desktop\RAFA\UNI\LABSI-LUMINOSIDADE\LABSI\PROG\PROGv1/PROGv1.ino:317
char uart_read(void) {
		while (!(UCSR0A & (1<<RXC0)));
    return UDR0;
}
void check_uart_cmds(void) {
    if (uart_available()) {
     e84:	87 ff       	sbrs	r24, 7
     e86:	82 c0       	rjmp	.+260    	; 0xf8c <__stack+0x68d>
uart_read():
C:\Users\Utilizador\Desktop\RAFA\UNI\LABSI-LUMINOSIDADE\LABSI\PROG\PROGv1/PROGv1.ino:313
}
uint8_t uart_available(void) {
    return (UCSR0A & (1 << RXC0));
}
char uart_read(void) {
		while (!(UCSR0A & (1<<RXC0)));
     e88:	80 91 c0 00 	lds	r24, 0x00C0	; 0x8000c0 <__DATA_REGION_ORIGIN__+0x60>
     e8c:	87 ff       	sbrs	r24, 7
     e8e:	fc cf       	rjmp	.-8      	; 0xe88 <__stack+0x589>
C:\Users\Utilizador\Desktop\RAFA\UNI\LABSI-LUMINOSIDADE\LABSI\PROG\PROGv1/PROGv1.ino:314
    return UDR0;
     e90:	e0 91 c6 00 	lds	r30, 0x00C6	; 0x8000c6 <__DATA_REGION_ORIGIN__+0x66>
check_uart_cmds():
C:\Users\Utilizador\Desktop\RAFA\UNI\LABSI-LUMINOSIDADE\LABSI\PROG\PROGv1/PROGv1.ino:319
}
void check_uart_cmds(void) {
    if (uart_available()) {
        char cmd = uart_read();
        switch(cmd) {
     e94:	e1 54       	subi	r30, 0x41	; 65
     e96:	e8 31       	cpi	r30, 0x18	; 24
     e98:	08 f0       	brcs	.+2      	; 0xe9c <__stack+0x59d>
     e9a:	78 c0       	rjmp	.+240    	; 0xf8c <__stack+0x68d>
     e9c:	f0 e0       	ldi	r31, 0x00	; 0
     e9e:	ed 5a       	subi	r30, 0xAD	; 173
     ea0:	f8 4f       	sbci	r31, 0xF8	; 248
     ea2:	0c 94 35 0c 	jmp	0x186a	; 0x186a <__tablejump2__>
     ea6:	6d 07       	cpc	r22, r29
     ea8:	c6 07       	cpc	r28, r22
     eaa:	8b 08       	sbc	r8, r11
     eac:	63 08       	sbc	r6, r3
     eae:	c6 07       	cpc	r28, r22
     eb0:	b9 08       	sbc	r11, r9
     eb2:	c6 07       	cpc	r28, r22
     eb4:	c6 07       	cpc	r28, r22
     eb6:	c6 07       	cpc	r28, r22
     eb8:	c6 07       	cpc	r28, r22
     eba:	c6 07       	cpc	r28, r22
     ebc:	c6 07       	cpc	r28, r22
     ebe:	8a 07       	cpc	r24, r26
     ec0:	c6 07       	cpc	r28, r22
     ec2:	7b 08       	sbc	r7, r11
     ec4:	c9 08       	sbc	r12, r9
     ec6:	c6 07       	cpc	r28, r22
     ec8:	c6 07       	cpc	r28, r22
     eca:	9b 08       	sbc	r9, r11
     ecc:	c6 07       	cpc	r28, r22
     ece:	aa 07       	cpc	r26, r26
     ed0:	c6 07       	cpc	r28, r22
     ed2:	c6 07       	cpc	r28, r22
     ed4:	a9 08       	sbc	r10, r9
main():
C:\Users\Utilizador\Desktop\RAFA\UNI\LABSI-LUMINOSIDADE\LABSI\PROG\PROGv1/PROGv1.ino:1077
	        	// Alterna o Buzzer (PC0) a cada 50ms (25 ticks)
	        	if(g_buzzer_counter % 25 == 0) {
	        		PORTC ^= (1 << BUZZER_PIN);
	        	}
	        } else {
	        	PORTC &= ~(1 << BUZZER_PIN); // Desliga o Buzzer
     ed6:	40 98       	cbi	0x08, 0	; 8
     ed8:	d3 cf       	rjmp	.-90     	; 0xe80 <__stack+0x581>
check_uart_cmds():
C:\Users\Utilizador\Desktop\RAFA\UNI\LABSI-LUMINOSIDADE\LABSI\PROG\PROGv1/PROGv1.ino:320
}
void check_uart_cmds(void) {
    if (uart_available()) {
        char cmd = uart_read();
        switch(cmd) {
            case 'A': if(g_operating_mode!=0){g_operating_mode=0;g_mode_changed=1;buzzer_bips(1);control_motor_1(PARAR);control_motor_2(PARAR);} break;
     eda:	80 91 06 01 	lds	r24, 0x0106	; 0x800106 <g_operating_mode>
     ede:	88 23       	and	r24, r24
     ee0:	09 f4       	brne	.+2      	; 0xee4 <__stack+0x5e5>
     ee2:	54 c0       	rjmp	.+168    	; 0xf8c <__stack+0x68d>
     ee4:	10 92 06 01 	sts	0x0106, r1	; 0x800106 <g_operating_mode>
     ee8:	81 e0       	ldi	r24, 0x01	; 1
     eea:	80 93 01 01 	sts	0x0101, r24	; 0x800101 <g_mode_changed>
     eee:	0e 94 4c 01 	call	0x298	; 0x298 <buzzer_bips(unsigned char)>
control_motor_1():
C:\Users\Utilizador\Desktop\RAFA\UNI\LABSI-LUMINOSIDADE\LABSI\PROG\PROGv1/PROGv1.ino:737
	// Interrupção de PC1 (botão touch)
	PCICR |= (1 << PCIE1);
	PCMSK1 |= (1 << PCINT9);
}
void control_motor_1(Servo_pos action) {
    g_motor1_action = action;
     ef2:	f0 92 0e 01 	sts	0x010E, r15	; 0x80010e <g_motor1_action+0x1>
     ef6:	e0 92 0d 01 	sts	0x010D, r14	; 0x80010d <g_motor1_action>
C:\Users\Utilizador\Desktop\RAFA\UNI\LABSI-LUMINOSIDADE\LABSI\PROG\PROGv1/PROGv1.ino:751
            break;
        case FECHAR:
            valor_pwm = 196;
            break;
    }
    OCR1B = valor_pwm;
     efa:	10 93 8b 00 	sts	0x008B, r17	; 0x80008b <__DATA_REGION_ORIGIN__+0x2b>
     efe:	00 93 8a 00 	sts	0x008A, r16	; 0x80008a <__DATA_REGION_ORIGIN__+0x2a>
control_motor_2():
C:\Users\Utilizador\Desktop\RAFA\UNI\LABSI-LUMINOSIDADE\LABSI\PROG\PROGv1/PROGv1.ino:754
}
void control_motor_2(Servo_pos action) {
    g_motor2_action = action;
     f02:	f0 92 0c 01 	sts	0x010C, r15	; 0x80010c <g_motor2_action+0x1>
     f06:	e0 92 0b 01 	sts	0x010B, r14	; 0x80010b <g_motor2_action>
C:\Users\Utilizador\Desktop\RAFA\UNI\LABSI-LUMINOSIDADE\LABSI\PROG\PROGv1/PROGv1.ino:768
			break;
		case FECHAR:
			valor_pwm = 197;
			break;
	}
	OCR1A = valor_pwm;
     f0a:	10 93 89 00 	sts	0x0089, r17	; 0x800089 <__DATA_REGION_ORIGIN__+0x29>
     f0e:	00 93 88 00 	sts	0x0088, r16	; 0x800088 <__DATA_REGION_ORIGIN__+0x28>
     f12:	3c c0       	rjmp	.+120    	; 0xf8c <__stack+0x68d>
check_uart_cmds():
C:\Users\Utilizador\Desktop\RAFA\UNI\LABSI-LUMINOSIDADE\LABSI\PROG\PROGv1/PROGv1.ino:321
void check_uart_cmds(void) {
    if (uart_available()) {
        char cmd = uart_read();
        switch(cmd) {
            case 'A': if(g_operating_mode!=0){g_operating_mode=0;g_mode_changed=1;buzzer_bips(1);control_motor_1(PARAR);control_motor_2(PARAR);} break;
            case 'M': if(g_operating_mode!=1){g_operating_mode=1;g_mode_changed=1;buzzer_bips(1);control_motor_1(PARAR);control_motor_2(PARAR);set_led_brightness(0);} break;
     f14:	80 91 06 01 	lds	r24, 0x0106	; 0x800106 <g_operating_mode>
     f18:	81 30       	cpi	r24, 0x01	; 1
     f1a:	c1 f1       	breq	.+112    	; 0xf8c <__stack+0x68d>
     f1c:	81 e0       	ldi	r24, 0x01	; 1
     f1e:	80 93 06 01 	sts	0x0106, r24	; 0x800106 <g_operating_mode>
     f22:	80 93 01 01 	sts	0x0101, r24	; 0x800101 <g_mode_changed>
     f26:	0e 94 4c 01 	call	0x298	; 0x298 <buzzer_bips(unsigned char)>
control_motor_1():
C:\Users\Utilizador\Desktop\RAFA\UNI\LABSI-LUMINOSIDADE\LABSI\PROG\PROGv1/PROGv1.ino:737
	// Interrupção de PC1 (botão touch)
	PCICR |= (1 << PCIE1);
	PCMSK1 |= (1 << PCINT9);
}
void control_motor_1(Servo_pos action) {
    g_motor1_action = action;
     f2a:	f0 92 0e 01 	sts	0x010E, r15	; 0x80010e <g_motor1_action+0x1>
     f2e:	e0 92 0d 01 	sts	0x010D, r14	; 0x80010d <g_motor1_action>
C:\Users\Utilizador\Desktop\RAFA\UNI\LABSI-LUMINOSIDADE\LABSI\PROG\PROGv1/PROGv1.ino:751
            break;
        case FECHAR:
            valor_pwm = 196;
            break;
    }
    OCR1B = valor_pwm;
     f32:	10 93 8b 00 	sts	0x008B, r17	; 0x80008b <__DATA_REGION_ORIGIN__+0x2b>
     f36:	00 93 8a 00 	sts	0x008A, r16	; 0x80008a <__DATA_REGION_ORIGIN__+0x2a>
control_motor_2():
C:\Users\Utilizador\Desktop\RAFA\UNI\LABSI-LUMINOSIDADE\LABSI\PROG\PROGv1/PROGv1.ino:754
}
void control_motor_2(Servo_pos action) {
    g_motor2_action = action;
     f3a:	f0 92 0c 01 	sts	0x010C, r15	; 0x80010c <g_motor2_action+0x1>
     f3e:	e0 92 0b 01 	sts	0x010B, r14	; 0x80010b <g_motor2_action>
C:\Users\Utilizador\Desktop\RAFA\UNI\LABSI-LUMINOSIDADE\LABSI\PROG\PROGv1/PROGv1.ino:768
			break;
		case FECHAR:
			valor_pwm = 197;
			break;
	}
	OCR1A = valor_pwm;
     f42:	10 93 89 00 	sts	0x0089, r17	; 0x800089 <__DATA_REGION_ORIGIN__+0x29>
     f46:	00 93 88 00 	sts	0x0088, r16	; 0x800088 <__DATA_REGION_ORIGIN__+0x28>
set_led_brightness():
C:\Users\Utilizador\Desktop\RAFA\UNI\LABSI-LUMINOSIDADE\LABSI\PROG\PROGv1/PROGv1.ino:813
				}else set_led_brightness(0);
    }
}
void set_led_brightness(uint8_t brightness) {
    if (brightness > MAX_LED_PWM) brightness = MAX_LED_PWM;
    OCR2A = brightness;
     f4a:	10 92 b3 00 	sts	0x00B3, r1	; 0x8000b3 <__DATA_REGION_ORIGIN__+0x53>
C:\Users\Utilizador\Desktop\RAFA\UNI\LABSI-LUMINOSIDADE\LABSI\PROG\PROGv1/PROGv1.ino:814
    g_led_brightness = brightness;
     f4e:	10 92 8f 04 	sts	0x048F, r1	; 0x80048f <g_led_brightness>
     f52:	1c c0       	rjmp	.+56     	; 0xf8c <__stack+0x68d>
check_uart_cmds():
C:\Users\Utilizador\Desktop\RAFA\UNI\LABSI-LUMINOSIDADE\LABSI\PROG\PROGv1/PROGv1.ino:322
    if (uart_available()) {
        char cmd = uart_read();
        switch(cmd) {
            case 'A': if(g_operating_mode!=0){g_operating_mode=0;g_mode_changed=1;buzzer_bips(1);control_motor_1(PARAR);control_motor_2(PARAR);} break;
            case 'M': if(g_operating_mode!=1){g_operating_mode=1;g_mode_changed=1;buzzer_bips(1);control_motor_1(PARAR);control_motor_2(PARAR);set_led_brightness(0);} break;
            case 'U': if(g_operating_mode==0){
     f54:	80 91 06 01 	lds	r24, 0x0106	; 0x800106 <g_operating_mode>
     f58:	81 11       	cpse	r24, r1
     f5a:	ab c0       	rjmp	.+342    	; 0x10b2 <__stack+0x7b3>
C:\Users\Utilizador\Desktop\RAFA\UNI\LABSI-LUMINOSIDADE\LABSI\PROG\PROGv1/PROGv1.ino:323
							if(g_target_lux<LUX_MAX)g_target_lux+=LUX_STEP;
     f5c:	80 91 02 01 	lds	r24, 0x0102	; 0x800102 <g_target_lux>
     f60:	90 91 03 01 	lds	r25, 0x0103	; 0x800103 <g_target_lux+0x1>
     f64:	88 3e       	cpi	r24, 0xE8	; 232
     f66:	93 40       	sbci	r25, 0x03	; 3
     f68:	48 f4       	brcc	.+18     	; 0xf7c <__stack+0x67d>
     f6a:	80 91 02 01 	lds	r24, 0x0102	; 0x800102 <g_target_lux>
     f6e:	90 91 03 01 	lds	r25, 0x0103	; 0x800103 <g_target_lux+0x1>
     f72:	c2 96       	adiw	r24, 0x32	; 50
C:\Users\Utilizador\Desktop\RAFA\UNI\LABSI-LUMINOSIDADE\LABSI\PROG\PROGv1/PROGv1.ino:329
							g_last_setpoint_value=g_target_lux;
							}else{
								if(g_led_brightness<255)set_led_brightness(g_led_brightness+10);
								else set_led_brightness(255);}
								break;
            case 'D': if(g_operating_mode==0){if(g_target_lux>LUX_MIN)g_target_lux-=LUX_STEP;g_last_setpoint_value=g_target_lux;}else{if(g_led_brightness>25)set_led_brightness(g_led_brightness-10);else set_led_brightness(0);} break;
     f74:	90 93 03 01 	sts	0x0103, r25	; 0x800103 <g_target_lux+0x1>
     f78:	80 93 02 01 	sts	0x0102, r24	; 0x800102 <g_target_lux>
     f7c:	80 91 02 01 	lds	r24, 0x0102	; 0x800102 <g_target_lux>
     f80:	90 91 03 01 	lds	r25, 0x0103	; 0x800103 <g_target_lux+0x1>
     f84:	90 93 05 01 	sts	0x0105, r25	; 0x800105 <g_last_setpoint_value+0x1>
     f88:	80 93 04 01 	sts	0x0104, r24	; 0x800104 <g_last_setpoint_value>
main():
C:\Users\Utilizador\Desktop\RAFA\UNI\LABSI-LUMINOSIDADE\LABSI\PROG\PROGv1/PROGv1.ino:1082
	        	PORTC &= ~(1 << BUZZER_PIN); // Desliga o Buzzer
	        }
			// 2. Controlo dependendo do modo
			static uint8_t sonar_tick = 0;
            check_uart_cmds();
			if(g_operating_mode == MODE_AUTOMATIC) {
     f8c:	80 91 06 01 	lds	r24, 0x0106	; 0x800106 <g_operating_mode>
     f90:	81 11       	cpse	r24, r1
     f92:	14 c2       	rjmp	.+1064   	; 0x13bc <__stack+0xabd>
adjust_setpoint_control():
C:\Users\Utilizador\Desktop\RAFA\UNI\LABSI-LUMINOSIDADE\LABSI\PROG\PROGv1/PROGv1.ino:341
        }
    }
}
void adjust_setpoint_control(void) {
    // --- BOTÃO MAIS (UP) COM DEBOUNCE ---
    if (PIND & (1 << BOTAO_MAIS)) {
     f94:	4c 9b       	sbis	0x09, 4	; 9
     f96:	03 c1       	rjmp	.+518    	; 0x119e <__stack+0x89f>
C:\Users\Utilizador\Desktop\RAFA\UNI\LABSI-LUMINOSIDADE\LABSI\PROG\PROGv1/PROGv1.ino:342
        if (g_up_debounce < DEBOUNCE_TICKS + 1) g_up_debounce++;
     f98:	80 91 8a 04 	lds	r24, 0x048A	; 0x80048a <g_up_debounce>
     f9c:	8b 30       	cpi	r24, 0x0B	; 11
     f9e:	18 f4       	brcc	.+6      	; 0xfa6 <__stack+0x6a7>
     fa0:	8f 5f       	subi	r24, 0xFF	; 255
     fa2:	80 93 8a 04 	sts	0x048A, r24	; 0x80048a <g_up_debounce>
C:\Users\Utilizador\Desktop\RAFA\UNI\LABSI-LUMINOSIDADE\LABSI\PROG\PROGv1/PROGv1.ino:348
    } else {
        g_up_debounce = 0;
    }

    // Dispara ação APENAS quando atinge o limiar (Single Shot)
    if (g_up_debounce == DEBOUNCE_TICKS) {
     fa6:	80 91 8a 04 	lds	r24, 0x048A	; 0x80048a <g_up_debounce>
     faa:	8a 30       	cpi	r24, 0x0A	; 10
     fac:	f1 f4       	brne	.+60     	; 0xfea <__stack+0x6eb>
C:\Users\Utilizador\Desktop\RAFA\UNI\LABSI-LUMINOSIDADE\LABSI\PROG\PROGv1/PROGv1.ino:349
			g_up_debounce = DEBOUNCE_TICKS + 1;
     fae:	8b e0       	ldi	r24, 0x0B	; 11
     fb0:	80 93 8a 04 	sts	0x048A, r24	; 0x80048a <g_up_debounce>
C:\Users\Utilizador\Desktop\RAFA\UNI\LABSI-LUMINOSIDADE\LABSI\PROG\PROGv1/PROGv1.ino:350
        if (g_fix_state != 2) {
     fb4:	80 91 9c 04 	lds	r24, 0x049C	; 0x80049c <g_fix_state>
     fb8:	82 30       	cpi	r24, 0x02	; 2
     fba:	b9 f0       	breq	.+46     	; 0xfea <__stack+0x6eb>
C:\Users\Utilizador\Desktop\RAFA\UNI\LABSI-LUMINOSIDADE\LABSI\PROG\PROGv1/PROGv1.ino:351
            if (g_last_setpoint_value < LUX_MAX) g_last_setpoint_value += LUX_STEP;
     fbc:	80 91 04 01 	lds	r24, 0x0104	; 0x800104 <g_last_setpoint_value>
     fc0:	90 91 05 01 	lds	r25, 0x0105	; 0x800105 <g_last_setpoint_value+0x1>
     fc4:	88 3e       	cpi	r24, 0xE8	; 232
     fc6:	93 40       	sbci	r25, 0x03	; 3
     fc8:	48 f4       	brcc	.+18     	; 0xfdc <__stack+0x6dd>
     fca:	80 91 04 01 	lds	r24, 0x0104	; 0x800104 <g_last_setpoint_value>
     fce:	90 91 05 01 	lds	r25, 0x0105	; 0x800105 <g_last_setpoint_value+0x1>
     fd2:	c2 96       	adiw	r24, 0x32	; 50
     fd4:	90 93 05 01 	sts	0x0105, r25	; 0x800105 <g_last_setpoint_value+0x1>
     fd8:	80 93 04 01 	sts	0x0104, r24	; 0x800104 <g_last_setpoint_value>
C:\Users\Utilizador\Desktop\RAFA\UNI\LABSI-LUMINOSIDADE\LABSI\PROG\PROGv1/PROGv1.ino:352
            if (g_fix_state == 0) g_fix_state = 1; // Ativa modo de ajuste
     fdc:	80 91 9c 04 	lds	r24, 0x049C	; 0x80049c <g_fix_state>
     fe0:	81 11       	cpse	r24, r1
     fe2:	03 c0       	rjmp	.+6      	; 0xfea <__stack+0x6eb>
     fe4:	81 e0       	ldi	r24, 0x01	; 1
     fe6:	80 93 9c 04 	sts	0x049C, r24	; 0x80049c <g_fix_state>
C:\Users\Utilizador\Desktop\RAFA\UNI\LABSI-LUMINOSIDADE\LABSI\PROG\PROGv1/PROGv1.ino:357
        }
    }

    // --- BOTÃO MENOS (DOWN) COM DEBOUNCE ---
    if (PIND & (1 << BOTAO_MENOS)) {
     fea:	4f 9b       	sbis	0x09, 7	; 9
     fec:	db c0       	rjmp	.+438    	; 0x11a4 <__stack+0x8a5>
C:\Users\Utilizador\Desktop\RAFA\UNI\LABSI-LUMINOSIDADE\LABSI\PROG\PROGv1/PROGv1.ino:358
        if (g_down_debounce < DEBOUNCE_TICKS + 1) g_down_debounce++;
     fee:	80 91 89 04 	lds	r24, 0x0489	; 0x800489 <g_down_debounce>
     ff2:	8b 30       	cpi	r24, 0x0B	; 11
     ff4:	18 f4       	brcc	.+6      	; 0xffc <__stack+0x6fd>
     ff6:	8f 5f       	subi	r24, 0xFF	; 255
     ff8:	80 93 89 04 	sts	0x0489, r24	; 0x800489 <g_down_debounce>
C:\Users\Utilizador\Desktop\RAFA\UNI\LABSI-LUMINOSIDADE\LABSI\PROG\PROGv1/PROGv1.ino:363
    } else {
        g_down_debounce = 0;
    }

    if (g_down_debounce == DEBOUNCE_TICKS) {
     ffc:	80 91 89 04 	lds	r24, 0x0489	; 0x800489 <g_down_debounce>
    1000:	8a 30       	cpi	r24, 0x0A	; 10
    1002:	e9 f4       	brne	.+58     	; 0x103e <__stack+0x73f>
C:\Users\Utilizador\Desktop\RAFA\UNI\LABSI-LUMINOSIDADE\LABSI\PROG\PROGv1/PROGv1.ino:364
			g_down_debounce = DEBOUNCE_TICKS + 1;
    1004:	8b e0       	ldi	r24, 0x0B	; 11
    1006:	80 93 89 04 	sts	0x0489, r24	; 0x800489 <g_down_debounce>
C:\Users\Utilizador\Desktop\RAFA\UNI\LABSI-LUMINOSIDADE\LABSI\PROG\PROGv1/PROGv1.ino:365
        if (g_fix_state != 2) {
    100a:	80 91 9c 04 	lds	r24, 0x049C	; 0x80049c <g_fix_state>
    100e:	82 30       	cpi	r24, 0x02	; 2
    1010:	b1 f0       	breq	.+44     	; 0x103e <__stack+0x73f>
C:\Users\Utilizador\Desktop\RAFA\UNI\LABSI-LUMINOSIDADE\LABSI\PROG\PROGv1/PROGv1.ino:366
            if (g_last_setpoint_value > LUX_MIN) g_last_setpoint_value -= LUX_STEP;
    1012:	80 91 04 01 	lds	r24, 0x0104	; 0x800104 <g_last_setpoint_value>
    1016:	90 91 05 01 	lds	r25, 0x0105	; 0x800105 <g_last_setpoint_value+0x1>
    101a:	89 2b       	or	r24, r25
    101c:	49 f0       	breq	.+18     	; 0x1030 <__stack+0x731>
    101e:	80 91 04 01 	lds	r24, 0x0104	; 0x800104 <g_last_setpoint_value>
    1022:	90 91 05 01 	lds	r25, 0x0105	; 0x800105 <g_last_setpoint_value+0x1>
    1026:	c2 97       	sbiw	r24, 0x32	; 50
    1028:	90 93 05 01 	sts	0x0105, r25	; 0x800105 <g_last_setpoint_value+0x1>
    102c:	80 93 04 01 	sts	0x0104, r24	; 0x800104 <g_last_setpoint_value>
C:\Users\Utilizador\Desktop\RAFA\UNI\LABSI-LUMINOSIDADE\LABSI\PROG\PROGv1/PROGv1.ino:367
            if (g_fix_state == 0) g_fix_state = 1;
    1030:	80 91 9c 04 	lds	r24, 0x049C	; 0x80049c <g_fix_state>
    1034:	81 11       	cpse	r24, r1
    1036:	03 c0       	rjmp	.+6      	; 0x103e <__stack+0x73f>
    1038:	81 e0       	ldi	r24, 0x01	; 1
    103a:	80 93 9c 04 	sts	0x049C, r24	; 0x80049c <g_fix_state>
C:\Users\Utilizador\Desktop\RAFA\UNI\LABSI-LUMINOSIDADE\LABSI\PROG\PROGv1/PROGv1.ino:373
        }
    }

    // --- MÁQUINA DE ESTADOS DE FIXAÇÃO (2s) ---
    // Se estiver em ajuste (1) e soltar os botões -> Conta tempo (2)
    if (g_fix_state == 1) {
    103e:	80 91 9c 04 	lds	r24, 0x049C	; 0x80049c <g_fix_state>
    1042:	81 30       	cpi	r24, 0x01	; 1
    1044:	09 f0       	breq	.+2      	; 0x1048 <__stack+0x749>
    1046:	b1 c0       	rjmp	.+354    	; 0x11aa <__stack+0x8ab>
C:\Users\Utilizador\Desktop\RAFA\UNI\LABSI-LUMINOSIDADE\LABSI\PROG\PROGv1/PROGv1.ino:374
        if (!(PIND & (1 << BOTAO_MAIS)) && !(PIND & (1 << BOTAO_MENOS))) {
    1048:	4c 99       	sbic	0x09, 4	; 9
    104a:	0b c0       	rjmp	.+22     	; 0x1062 <__stack+0x763>
    104c:	4f 99       	sbic	0x09, 7	; 9
    104e:	09 c0       	rjmp	.+18     	; 0x1062 <__stack+0x763>
C:\Users\Utilizador\Desktop\RAFA\UNI\LABSI-LUMINOSIDADE\LABSI\PROG\PROGv1/PROGv1.ino:375
            g_fix_timer = FIX_TIME_TICKS;
    1050:	88 ee       	ldi	r24, 0xE8	; 232
    1052:	93 e0       	ldi	r25, 0x03	; 3
    1054:	90 93 88 04 	sts	0x0488, r25	; 0x800488 <g_fix_timer+0x1>
    1058:	80 93 87 04 	sts	0x0487, r24	; 0x800487 <g_fix_timer>
C:\Users\Utilizador\Desktop\RAFA\UNI\LABSI-LUMINOSIDADE\LABSI\PROG\PROGv1/PROGv1.ino:376
            g_fix_state = 2;
    105c:	82 e0       	ldi	r24, 0x02	; 2
C:\Users\Utilizador\Desktop\RAFA\UNI\LABSI-LUMINOSIDADE\LABSI\PROG\PROGv1/PROGv1.ino:382
        }
    } 
    // Se estiver a contar (2) e carregar num botão -> Cancela contagem (1)
    else if (g_fix_state == 2) {
        if ((PIND & (1 << BOTAO_MAIS)) || (PIND & (1 << BOTAO_MENOS))) {
            g_fix_state = 1;
    105e:	80 93 9c 04 	sts	0x049C, r24	; 0x80049c <g_fix_state>
servo_led_hybrid_control():
C:\Users\Utilizador\Desktop\RAFA\UNI\LABSI-LUMINOSIDADE\LABSI\PROG\PROGv1/PROGv1.ino:393
            g_fix_state = 0;
        }
    }
}	
void servo_led_hybrid_control(void) {
    int16_t error = (int16_t)g_target_lux - (int16_t)g_averaged_lux;
    1062:	20 91 02 01 	lds	r18, 0x0102	; 0x800102 <g_target_lux>
    1066:	30 91 03 01 	lds	r19, 0x0103	; 0x800103 <g_target_lux+0x1>
C:\Users\Utilizador\Desktop\RAFA\UNI\LABSI-LUMINOSIDADE\LABSI\PROG\PROGv1/PROGv1.ino:396
    static uint16_t led_timer = 0;

    if(g_sensor_count == 0 || g_init_state != 255) return;
    106a:	80 91 8e 04 	lds	r24, 0x048E	; 0x80048e <g_sensor_count>
    106e:	88 23       	and	r24, r24
    1070:	09 f4       	brne	.+2      	; 0x1074 <__stack+0x775>
    1072:	7e cb       	rjmp	.-2308   	; 0x770 <main+0x120>
    1074:	80 91 8d 04 	lds	r24, 0x048D	; 0x80048d <g_init_state>
    1078:	8f 3f       	cpi	r24, 0xFF	; 255
    107a:	09 f0       	breq	.+2      	; 0x107e <__stack+0x77f>
    107c:	79 cb       	rjmp	.-2318   	; 0x770 <main+0x120>
C:\Users\Utilizador\Desktop\RAFA\UNI\LABSI-LUMINOSIDADE\LABSI\PROG\PROGv1/PROGv1.ino:393
            g_fix_state = 0;
        }
    }
}	
void servo_led_hybrid_control(void) {
    int16_t error = (int16_t)g_target_lux - (int16_t)g_averaged_lux;
    107e:	40 91 9d 04 	lds	r20, 0x049D	; 0x80049d <g_averaged_lux>
    1082:	50 91 9e 04 	lds	r21, 0x049E	; 0x80049e <g_averaged_lux+0x1>
C:\Users\Utilizador\Desktop\RAFA\UNI\LABSI-LUMINOSIDADE\LABSI\PROG\PROGv1/PROGv1.ino:399
    static uint16_t led_timer = 0;

    if(g_sensor_count == 0 || g_init_state != 255) return;

    // 1. LIMITES PRIMEIRO
    if (g_blind1_pos >= BLIND1_MAX_TICKS) control_motor_1(PARAR);
    1086:	20 90 a4 04 	lds	r2, 0x04A4	; 0x8004a4 <g_blind1_pos>
    108a:	30 90 a5 04 	lds	r3, 0x04A5	; 0x8004a5 <g_blind1_pos+0x1>
    108e:	40 90 a6 04 	lds	r4, 0x04A6	; 0x8004a6 <g_blind1_pos+0x2>
    1092:	50 90 a7 04 	lds	r5, 0x04A7	; 0x8004a7 <g_blind1_pos+0x3>
    1096:	b0 e8       	ldi	r27, 0x80	; 128
    1098:	2b 16       	cp	r2, r27
    109a:	bd e8       	ldi	r27, 0x8D	; 141
    109c:	3b 06       	cpc	r3, r27
    109e:	bb e5       	ldi	r27, 0x5B	; 91
    10a0:	4b 06       	cpc	r4, r27
    10a2:	51 04       	cpc	r5, r1
    10a4:	0c f4       	brge	.+2      	; 0x10a8 <__stack+0x7a9>
    10a6:	a1 c0       	rjmp	.+322    	; 0x11ea <__stack+0x8eb>
control_motor_1():
C:\Users\Utilizador\Desktop\RAFA\UNI\LABSI-LUMINOSIDADE\LABSI\PROG\PROGv1/PROGv1.ino:751
            break;
        case FECHAR:
            valor_pwm = 196;
            break;
    }
    OCR1B = valor_pwm;
    10a8:	10 93 8b 00 	sts	0x008B, r17	; 0x80008b <__DATA_REGION_ORIGIN__+0x2b>
    10ac:	00 93 8a 00 	sts	0x008A, r16	; 0x80008a <__DATA_REGION_ORIGIN__+0x2a>
    10b0:	a2 c0       	rjmp	.+324    	; 0x11f6 <__stack+0x8f7>
check_uart_cmds():
C:\Users\Utilizador\Desktop\RAFA\UNI\LABSI-LUMINOSIDADE\LABSI\PROG\PROGv1/PROGv1.ino:326
            case 'M': if(g_operating_mode!=1){g_operating_mode=1;g_mode_changed=1;buzzer_bips(1);control_motor_1(PARAR);control_motor_2(PARAR);set_led_brightness(0);} break;
            case 'U': if(g_operating_mode==0){
							if(g_target_lux<LUX_MAX)g_target_lux+=LUX_STEP;
							g_last_setpoint_value=g_target_lux;
							}else{
								if(g_led_brightness<255)set_led_brightness(g_led_brightness+10);
    10b2:	80 91 8f 04 	lds	r24, 0x048F	; 0x80048f <g_led_brightness>
    10b6:	8f 3f       	cpi	r24, 0xFF	; 255
    10b8:	09 f0       	breq	.+2      	; 0x10bc <__stack+0x7bd>
    10ba:	86 5f       	subi	r24, 0xF6	; 246
set_led_brightness():
C:\Users\Utilizador\Desktop\RAFA\UNI\LABSI-LUMINOSIDADE\LABSI\PROG\PROGv1/PROGv1.ino:813
				}else set_led_brightness(0);
    }
}
void set_led_brightness(uint8_t brightness) {
    if (brightness > MAX_LED_PWM) brightness = MAX_LED_PWM;
    OCR2A = brightness;
    10bc:	80 93 b3 00 	sts	0x00B3, r24	; 0x8000b3 <__DATA_REGION_ORIGIN__+0x53>
C:\Users\Utilizador\Desktop\RAFA\UNI\LABSI-LUMINOSIDADE\LABSI\PROG\PROGv1/PROGv1.ino:814
    g_led_brightness = brightness;
    10c0:	80 93 8f 04 	sts	0x048F, r24	; 0x80048f <g_led_brightness>
    10c4:	63 cf       	rjmp	.-314    	; 0xf8c <__stack+0x68d>
check_uart_cmds():
C:\Users\Utilizador\Desktop\RAFA\UNI\LABSI-LUMINOSIDADE\LABSI\PROG\PROGv1/PROGv1.ino:329
							g_last_setpoint_value=g_target_lux;
							}else{
								if(g_led_brightness<255)set_led_brightness(g_led_brightness+10);
								else set_led_brightness(255);}
								break;
            case 'D': if(g_operating_mode==0){if(g_target_lux>LUX_MIN)g_target_lux-=LUX_STEP;g_last_setpoint_value=g_target_lux;}else{if(g_led_brightness>25)set_led_brightness(g_led_brightness-10);else set_led_brightness(0);} break;
    10c6:	80 91 06 01 	lds	r24, 0x0106	; 0x800106 <g_operating_mode>
    10ca:	81 11       	cpse	r24, r1
    10cc:	0d c0       	rjmp	.+26     	; 0x10e8 <__stack+0x7e9>
    10ce:	80 91 02 01 	lds	r24, 0x0102	; 0x800102 <g_target_lux>
    10d2:	90 91 03 01 	lds	r25, 0x0103	; 0x800103 <g_target_lux+0x1>
    10d6:	89 2b       	or	r24, r25
    10d8:	09 f4       	brne	.+2      	; 0x10dc <__stack+0x7dd>
    10da:	50 cf       	rjmp	.-352    	; 0xf7c <__stack+0x67d>
    10dc:	80 91 02 01 	lds	r24, 0x0102	; 0x800102 <g_target_lux>
    10e0:	90 91 03 01 	lds	r25, 0x0103	; 0x800103 <g_target_lux+0x1>
    10e4:	c2 97       	sbiw	r24, 0x32	; 50
    10e6:	46 cf       	rjmp	.-372    	; 0xf74 <__stack+0x675>
    10e8:	80 91 8f 04 	lds	r24, 0x048F	; 0x80048f <g_led_brightness>
    10ec:	8a 31       	cpi	r24, 0x1A	; 26
    10ee:	08 f4       	brcc	.+2      	; 0x10f2 <__stack+0x7f3>
    10f0:	2c cf       	rjmp	.-424    	; 0xf4a <__stack+0x64b>
    10f2:	8a 50       	subi	r24, 0x0A	; 10
    10f4:	e3 cf       	rjmp	.-58     	; 0x10bc <__stack+0x7bd>
C:\Users\Utilizador\Desktop\RAFA\UNI\LABSI-LUMINOSIDADE\LABSI\PROG\PROGv1/PROGv1.ino:330
            case 'O': if(g_operating_mode==1)control_motor_1(ABRIR); break;
    10f6:	80 91 06 01 	lds	r24, 0x0106	; 0x800106 <g_operating_mode>
    10fa:	81 30       	cpi	r24, 0x01	; 1
    10fc:	09 f0       	breq	.+2      	; 0x1100 <__stack+0x801>
    10fe:	46 cf       	rjmp	.-372    	; 0xf8c <__stack+0x68d>
control_motor_1():
C:\Users\Utilizador\Desktop\RAFA\UNI\LABSI-LUMINOSIDADE\LABSI\PROG\PROGv1/PROGv1.ino:737
	// Interrupção de PC1 (botão touch)
	PCICR |= (1 << PCIE1);
	PCMSK1 |= (1 << PCINT9);
}
void control_motor_1(Servo_pos action) {
    g_motor1_action = action;
    1100:	b0 92 0e 01 	sts	0x010E, r11	; 0x80010e <g_motor1_action+0x1>
    1104:	a0 92 0d 01 	sts	0x010D, r10	; 0x80010d <g_motor1_action>
C:\Users\Utilizador\Desktop\RAFA\UNI\LABSI-LUMINOSIDADE\LABSI\PROG\PROGv1/PROGv1.ino:751
            break;
        case FECHAR:
            valor_pwm = 196;
            break;
    }
    OCR1B = valor_pwm;
    1108:	8f ea       	ldi	r24, 0xAF	; 175
    110a:	90 e0       	ldi	r25, 0x00	; 0
    110c:	90 93 8b 00 	sts	0x008B, r25	; 0x80008b <__DATA_REGION_ORIGIN__+0x2b>
    1110:	80 93 8a 00 	sts	0x008A, r24	; 0x80008a <__DATA_REGION_ORIGIN__+0x2a>
    1114:	3b cf       	rjmp	.-394    	; 0xf8c <__stack+0x68d>
check_uart_cmds():
C:\Users\Utilizador\Desktop\RAFA\UNI\LABSI-LUMINOSIDADE\LABSI\PROG\PROGv1/PROGv1.ino:331
								if(g_led_brightness<255)set_led_brightness(g_led_brightness+10);
								else set_led_brightness(255);}
								break;
            case 'D': if(g_operating_mode==0){if(g_target_lux>LUX_MIN)g_target_lux-=LUX_STEP;g_last_setpoint_value=g_target_lux;}else{if(g_led_brightness>25)set_led_brightness(g_led_brightness-10);else set_led_brightness(0);} break;
            case 'O': if(g_operating_mode==1)control_motor_1(ABRIR); break;
            case 'C': if(g_operating_mode==1)control_motor_1(FECHAR); break;
    1116:	80 91 06 01 	lds	r24, 0x0106	; 0x800106 <g_operating_mode>
    111a:	81 30       	cpi	r24, 0x01	; 1
    111c:	09 f0       	breq	.+2      	; 0x1120 <__stack+0x821>
    111e:	36 cf       	rjmp	.-404    	; 0xf8c <__stack+0x68d>
control_motor_1():
C:\Users\Utilizador\Desktop\RAFA\UNI\LABSI-LUMINOSIDADE\LABSI\PROG\PROGv1/PROGv1.ino:737
	// Interrupção de PC1 (botão touch)
	PCICR |= (1 << PCIE1);
	PCMSK1 |= (1 << PCINT9);
}
void control_motor_1(Servo_pos action) {
    g_motor1_action = action;
    1120:	10 92 0e 01 	sts	0x010E, r1	; 0x80010e <g_motor1_action+0x1>
    1124:	10 92 0d 01 	sts	0x010D, r1	; 0x80010d <g_motor1_action>
C:\Users\Utilizador\Desktop\RAFA\UNI\LABSI-LUMINOSIDADE\LABSI\PROG\PROGv1/PROGv1.ino:751
            break;
        case FECHAR:
            valor_pwm = 196;
            break;
    }
    OCR1B = valor_pwm;
    1128:	a4 ec       	ldi	r26, 0xC4	; 196
    112a:	b0 e0       	ldi	r27, 0x00	; 0
    112c:	b0 93 8b 00 	sts	0x008B, r27	; 0x80008b <__DATA_REGION_ORIGIN__+0x2b>
    1130:	a0 93 8a 00 	sts	0x008A, r26	; 0x80008a <__DATA_REGION_ORIGIN__+0x2a>
    1134:	2b cf       	rjmp	.-426    	; 0xf8c <__stack+0x68d>
check_uart_cmds():
C:\Users\Utilizador\Desktop\RAFA\UNI\LABSI-LUMINOSIDADE\LABSI\PROG\PROGv1/PROGv1.ino:332
								else set_led_brightness(255);}
								break;
            case 'D': if(g_operating_mode==0){if(g_target_lux>LUX_MIN)g_target_lux-=LUX_STEP;g_last_setpoint_value=g_target_lux;}else{if(g_led_brightness>25)set_led_brightness(g_led_brightness-10);else set_led_brightness(0);} break;
            case 'O': if(g_operating_mode==1)control_motor_1(ABRIR); break;
            case 'C': if(g_operating_mode==1)control_motor_1(FECHAR); break;
            case 'S': if(g_operating_mode==1)control_motor_1(PARAR); break;
    1136:	80 91 06 01 	lds	r24, 0x0106	; 0x800106 <g_operating_mode>
    113a:	81 30       	cpi	r24, 0x01	; 1
    113c:	09 f0       	breq	.+2      	; 0x1140 <__stack+0x841>
    113e:	26 cf       	rjmp	.-436    	; 0xf8c <__stack+0x68d>
control_motor_1():
C:\Users\Utilizador\Desktop\RAFA\UNI\LABSI-LUMINOSIDADE\LABSI\PROG\PROGv1/PROGv1.ino:737
	// Interrupção de PC1 (botão touch)
	PCICR |= (1 << PCIE1);
	PCMSK1 |= (1 << PCINT9);
}
void control_motor_1(Servo_pos action) {
    g_motor1_action = action;
    1140:	f0 92 0e 01 	sts	0x010E, r15	; 0x80010e <g_motor1_action+0x1>
    1144:	e0 92 0d 01 	sts	0x010D, r14	; 0x80010d <g_motor1_action>
C:\Users\Utilizador\Desktop\RAFA\UNI\LABSI-LUMINOSIDADE\LABSI\PROG\PROGv1/PROGv1.ino:751
            break;
        case FECHAR:
            valor_pwm = 196;
            break;
    }
    OCR1B = valor_pwm;
    1148:	10 93 8b 00 	sts	0x008B, r17	; 0x80008b <__DATA_REGION_ORIGIN__+0x2b>
    114c:	00 93 8a 00 	sts	0x008A, r16	; 0x80008a <__DATA_REGION_ORIGIN__+0x2a>
    1150:	1d cf       	rjmp	.-454    	; 0xf8c <__stack+0x68d>
check_uart_cmds():
C:\Users\Utilizador\Desktop\RAFA\UNI\LABSI-LUMINOSIDADE\LABSI\PROG\PROGv1/PROGv1.ino:333
								break;
            case 'D': if(g_operating_mode==0){if(g_target_lux>LUX_MIN)g_target_lux-=LUX_STEP;g_last_setpoint_value=g_target_lux;}else{if(g_led_brightness>25)set_led_brightness(g_led_brightness-10);else set_led_brightness(0);} break;
            case 'O': if(g_operating_mode==1)control_motor_1(ABRIR); break;
            case 'C': if(g_operating_mode==1)control_motor_1(FECHAR); break;
            case 'S': if(g_operating_mode==1)control_motor_1(PARAR); break;
						case 'X': if(g_operating_mode==1)control_motor_2(ABRIR); break;
    1152:	80 91 06 01 	lds	r24, 0x0106	; 0x800106 <g_operating_mode>
    1156:	81 30       	cpi	r24, 0x01	; 1
    1158:	09 f0       	breq	.+2      	; 0x115c <__stack+0x85d>
    115a:	18 cf       	rjmp	.-464    	; 0xf8c <__stack+0x68d>
control_motor_2():
C:\Users\Utilizador\Desktop\RAFA\UNI\LABSI-LUMINOSIDADE\LABSI\PROG\PROGv1/PROGv1.ino:754
            break;
    }
    OCR1B = valor_pwm;
}
void control_motor_2(Servo_pos action) {
    g_motor2_action = action;
    115c:	b0 92 0c 01 	sts	0x010C, r11	; 0x80010c <g_motor2_action+0x1>
    1160:	a0 92 0b 01 	sts	0x010B, r10	; 0x80010b <g_motor2_action>
C:\Users\Utilizador\Desktop\RAFA\UNI\LABSI-LUMINOSIDADE\LABSI\PROG\PROGv1/PROGv1.ino:768
			break;
		case FECHAR:
			valor_pwm = 197;
			break;
	}
	OCR1A = valor_pwm;
    1164:	29 ea       	ldi	r18, 0xA9	; 169
    1166:	30 e0       	ldi	r19, 0x00	; 0
    1168:	30 93 89 00 	sts	0x0089, r19	; 0x800089 <__DATA_REGION_ORIGIN__+0x29>
    116c:	20 93 88 00 	sts	0x0088, r18	; 0x800088 <__DATA_REGION_ORIGIN__+0x28>
    1170:	0d cf       	rjmp	.-486    	; 0xf8c <__stack+0x68d>
check_uart_cmds():
C:\Users\Utilizador\Desktop\RAFA\UNI\LABSI-LUMINOSIDADE\LABSI\PROG\PROGv1/PROGv1.ino:334
            case 'D': if(g_operating_mode==0){if(g_target_lux>LUX_MIN)g_target_lux-=LUX_STEP;g_last_setpoint_value=g_target_lux;}else{if(g_led_brightness>25)set_led_brightness(g_led_brightness-10);else set_led_brightness(0);} break;
            case 'O': if(g_operating_mode==1)control_motor_1(ABRIR); break;
            case 'C': if(g_operating_mode==1)control_motor_1(FECHAR); break;
            case 'S': if(g_operating_mode==1)control_motor_1(PARAR); break;
						case 'X': if(g_operating_mode==1)control_motor_2(ABRIR); break;
            case 'F': if(g_operating_mode==1)control_motor_2(FECHAR); break;
    1172:	80 91 06 01 	lds	r24, 0x0106	; 0x800106 <g_operating_mode>
    1176:	81 30       	cpi	r24, 0x01	; 1
    1178:	09 f0       	breq	.+2      	; 0x117c <__stack+0x87d>
    117a:	08 cf       	rjmp	.-496    	; 0xf8c <__stack+0x68d>
control_motor_2():
C:\Users\Utilizador\Desktop\RAFA\UNI\LABSI-LUMINOSIDADE\LABSI\PROG\PROGv1/PROGv1.ino:754
            break;
    }
    OCR1B = valor_pwm;
}
void control_motor_2(Servo_pos action) {
    g_motor2_action = action;
    117c:	10 92 0c 01 	sts	0x010C, r1	; 0x80010c <g_motor2_action+0x1>
    1180:	10 92 0b 01 	sts	0x010B, r1	; 0x80010b <g_motor2_action>
C:\Users\Utilizador\Desktop\RAFA\UNI\LABSI-LUMINOSIDADE\LABSI\PROG\PROGv1/PROGv1.ino:768
			break;
		case FECHAR:
			valor_pwm = 197;
			break;
	}
	OCR1A = valor_pwm;
    1184:	85 ec       	ldi	r24, 0xC5	; 197
    1186:	90 e0       	ldi	r25, 0x00	; 0
    1188:	90 93 89 00 	sts	0x0089, r25	; 0x800089 <__DATA_REGION_ORIGIN__+0x29>
    118c:	80 93 88 00 	sts	0x0088, r24	; 0x800088 <__DATA_REGION_ORIGIN__+0x28>
    1190:	fd ce       	rjmp	.-518    	; 0xf8c <__stack+0x68d>
check_uart_cmds():
C:\Users\Utilizador\Desktop\RAFA\UNI\LABSI-LUMINOSIDADE\LABSI\PROG\PROGv1/PROGv1.ino:335
            case 'O': if(g_operating_mode==1)control_motor_1(ABRIR); break;
            case 'C': if(g_operating_mode==1)control_motor_1(FECHAR); break;
            case 'S': if(g_operating_mode==1)control_motor_1(PARAR); break;
						case 'X': if(g_operating_mode==1)control_motor_2(ABRIR); break;
            case 'F': if(g_operating_mode==1)control_motor_2(FECHAR); break;
            case 'P': if(g_operating_mode==1)control_motor_2(PARAR); break;
    1192:	80 91 06 01 	lds	r24, 0x0106	; 0x800106 <g_operating_mode>
    1196:	81 30       	cpi	r24, 0x01	; 1
    1198:	09 f0       	breq	.+2      	; 0x119c <__stack+0x89d>
    119a:	f8 ce       	rjmp	.-528    	; 0xf8c <__stack+0x68d>
    119c:	b2 ce       	rjmp	.-668    	; 0xf02 <__stack+0x603>
adjust_setpoint_control():
C:\Users\Utilizador\Desktop\RAFA\UNI\LABSI-LUMINOSIDADE\LABSI\PROG\PROGv1/PROGv1.ino:344
void adjust_setpoint_control(void) {
    // --- BOTÃO MAIS (UP) COM DEBOUNCE ---
    if (PIND & (1 << BOTAO_MAIS)) {
        if (g_up_debounce < DEBOUNCE_TICKS + 1) g_up_debounce++;
    } else {
        g_up_debounce = 0;
    119e:	10 92 8a 04 	sts	0x048A, r1	; 0x80048a <g_up_debounce>
    11a2:	01 cf       	rjmp	.-510    	; 0xfa6 <__stack+0x6a7>
C:\Users\Utilizador\Desktop\RAFA\UNI\LABSI-LUMINOSIDADE\LABSI\PROG\PROGv1/PROGv1.ino:360

    // --- BOTÃO MENOS (DOWN) COM DEBOUNCE ---
    if (PIND & (1 << BOTAO_MENOS)) {
        if (g_down_debounce < DEBOUNCE_TICKS + 1) g_down_debounce++;
    } else {
        g_down_debounce = 0;
    11a4:	10 92 89 04 	sts	0x0489, r1	; 0x800489 <g_down_debounce>
    11a8:	29 cf       	rjmp	.-430    	; 0xffc <__stack+0x6fd>
C:\Users\Utilizador\Desktop\RAFA\UNI\LABSI-LUMINOSIDADE\LABSI\PROG\PROGv1/PROGv1.ino:380
            g_fix_timer = FIX_TIME_TICKS;
            g_fix_state = 2;
        }
    } 
    // Se estiver a contar (2) e carregar num botão -> Cancela contagem (1)
    else if (g_fix_state == 2) {
    11aa:	80 91 9c 04 	lds	r24, 0x049C	; 0x80049c <g_fix_state>
    11ae:	82 30       	cpi	r24, 0x02	; 2
    11b0:	09 f0       	breq	.+2      	; 0x11b4 <__stack+0x8b5>
    11b2:	57 cf       	rjmp	.-338    	; 0x1062 <__stack+0x763>
C:\Users\Utilizador\Desktop\RAFA\UNI\LABSI-LUMINOSIDADE\LABSI\PROG\PROGv1/PROGv1.ino:381
        if ((PIND & (1 << BOTAO_MAIS)) || (PIND & (1 << BOTAO_MENOS))) {
    11b4:	4c 99       	sbic	0x09, 4	; 9
    11b6:	17 c0       	rjmp	.+46     	; 0x11e6 <__stack+0x8e7>
    11b8:	4f 99       	sbic	0x09, 7	; 9
    11ba:	15 c0       	rjmp	.+42     	; 0x11e6 <__stack+0x8e7>
C:\Users\Utilizador\Desktop\RAFA\UNI\LABSI-LUMINOSIDADE\LABSI\PROG\PROGv1/PROGv1.ino:384
            g_fix_state = 1;
						return;
        } else if (g_fix_timer == 0) {
    11bc:	80 91 87 04 	lds	r24, 0x0487	; 0x800487 <g_fix_timer>
    11c0:	90 91 88 04 	lds	r25, 0x0488	; 0x800488 <g_fix_timer+0x1>
    11c4:	89 2b       	or	r24, r25
    11c6:	09 f0       	breq	.+2      	; 0x11ca <__stack+0x8cb>
    11c8:	4c cf       	rjmp	.-360    	; 0x1062 <__stack+0x763>
C:\Users\Utilizador\Desktop\RAFA\UNI\LABSI-LUMINOSIDADE\LABSI\PROG\PROGv1/PROGv1.ino:386
            // Tempo acabou: Fixa valor
            g_target_lux = g_last_setpoint_value;
    11ca:	80 91 04 01 	lds	r24, 0x0104	; 0x800104 <g_last_setpoint_value>
    11ce:	90 91 05 01 	lds	r25, 0x0105	; 0x800105 <g_last_setpoint_value+0x1>
    11d2:	90 93 03 01 	sts	0x0103, r25	; 0x800103 <g_target_lux+0x1>
    11d6:	80 93 02 01 	sts	0x0102, r24	; 0x800102 <g_target_lux>
C:\Users\Utilizador\Desktop\RAFA\UNI\LABSI-LUMINOSIDADE\LABSI\PROG\PROGv1/PROGv1.ino:387
            buzzer_bips(2);
    11da:	82 e0       	ldi	r24, 0x02	; 2
    11dc:	0e 94 4c 01 	call	0x298	; 0x298 <buzzer_bips(unsigned char)>
C:\Users\Utilizador\Desktop\RAFA\UNI\LABSI-LUMINOSIDADE\LABSI\PROG\PROGv1/PROGv1.ino:388
            g_fix_state = 0;
    11e0:	10 92 9c 04 	sts	0x049C, r1	; 0x80049c <g_fix_state>
    11e4:	3e cf       	rjmp	.-388    	; 0x1062 <__stack+0x763>
C:\Users\Utilizador\Desktop\RAFA\UNI\LABSI-LUMINOSIDADE\LABSI\PROG\PROGv1/PROGv1.ino:382
        }
    } 
    // Se estiver a contar (2) e carregar num botão -> Cancela contagem (1)
    else if (g_fix_state == 2) {
        if ((PIND & (1 << BOTAO_MAIS)) || (PIND & (1 << BOTAO_MENOS))) {
            g_fix_state = 1;
    11e6:	81 e0       	ldi	r24, 0x01	; 1
    11e8:	3a cf       	rjmp	.-396    	; 0x105e <__stack+0x75f>
servo_led_hybrid_control():
C:\Users\Utilizador\Desktop\RAFA\UNI\LABSI-LUMINOSIDADE\LABSI\PROG\PROGv1/PROGv1.ino:400

    if(g_sensor_count == 0 || g_init_state != 255) return;

    // 1. LIMITES PRIMEIRO
    if (g_blind1_pos >= BLIND1_MAX_TICKS) control_motor_1(PARAR);
    if (g_blind1_pos <= 0)                control_motor_1(PARAR);
    11ea:	12 14       	cp	r1, r2
    11ec:	13 04       	cpc	r1, r3
    11ee:	14 04       	cpc	r1, r4
    11f0:	15 04       	cpc	r1, r5
    11f2:	0c f0       	brlt	.+2      	; 0x11f6 <__stack+0x8f7>
    11f4:	59 cf       	rjmp	.-334    	; 0x10a8 <__stack+0x7a9>
C:\Users\Utilizador\Desktop\RAFA\UNI\LABSI-LUMINOSIDADE\LABSI\PROG\PROGv1/PROGv1.ino:401
    if (g_blind2_pos >= BLIND2_MAX_TICKS) control_motor_2(PARAR);
    11f6:	80 91 a0 04 	lds	r24, 0x04A0	; 0x8004a0 <g_blind2_pos>
    11fa:	90 91 a1 04 	lds	r25, 0x04A1	; 0x8004a1 <g_blind2_pos+0x1>
    11fe:	a0 91 a2 04 	lds	r26, 0x04A2	; 0x8004a2 <g_blind2_pos+0x2>
    1202:	b0 91 a3 04 	lds	r27, 0x04A3	; 0x8004a3 <g_blind2_pos+0x3>
    1206:	80 3a       	cpi	r24, 0xA0	; 160
    1208:	6a e5       	ldi	r22, 0x5A	; 90
    120a:	96 07       	cpc	r25, r22
    120c:	62 e3       	ldi	r22, 0x32	; 50
    120e:	a6 07       	cpc	r26, r22
    1210:	b1 05       	cpc	r27, r1
    1212:	2c f0       	brlt	.+10     	; 0x121e <__stack+0x91f>
control_motor_2():
C:\Users\Utilizador\Desktop\RAFA\UNI\LABSI-LUMINOSIDADE\LABSI\PROG\PROGv1/PROGv1.ino:768
			break;
		case FECHAR:
			valor_pwm = 197;
			break;
	}
	OCR1A = valor_pwm;
    1214:	10 93 89 00 	sts	0x0089, r17	; 0x800089 <__DATA_REGION_ORIGIN__+0x29>
    1218:	00 93 88 00 	sts	0x0088, r16	; 0x800088 <__DATA_REGION_ORIGIN__+0x28>
    121c:	05 c0       	rjmp	.+10     	; 0x1228 <__stack+0x929>
servo_led_hybrid_control():
C:\Users\Utilizador\Desktop\RAFA\UNI\LABSI-LUMINOSIDADE\LABSI\PROG\PROGv1/PROGv1.ino:402

    // 1. LIMITES PRIMEIRO
    if (g_blind1_pos >= BLIND1_MAX_TICKS) control_motor_1(PARAR);
    if (g_blind1_pos <= 0)                control_motor_1(PARAR);
    if (g_blind2_pos >= BLIND2_MAX_TICKS) control_motor_2(PARAR);
    if (g_blind2_pos <= 0)                control_motor_2(PARAR);
    121e:	18 16       	cp	r1, r24
    1220:	19 06       	cpc	r1, r25
    1222:	1a 06       	cpc	r1, r26
    1224:	1b 06       	cpc	r1, r27
    1226:	b4 f7       	brge	.-20     	; 0x1214 <__stack+0x915>
C:\Users\Utilizador\Desktop\RAFA\UNI\LABSI-LUMINOSIDADE\LABSI\PROG\PROGv1/PROGv1.ino:393
            g_fix_state = 0;
        }
    }
}	
void servo_led_hybrid_control(void) {
    int16_t error = (int16_t)g_target_lux - (int16_t)g_averaged_lux;
    1228:	24 1b       	sub	r18, r20
    122a:	35 0b       	sbc	r19, r21
C:\Users\Utilizador\Desktop\RAFA\UNI\LABSI-LUMINOSIDADE\LABSI\PROG\PROGv1/PROGv1.ino:405
    if (g_blind1_pos <= 0)                control_motor_1(PARAR);
    if (g_blind2_pos >= BLIND2_MAX_TICKS) control_motor_2(PARAR);
    if (g_blind2_pos <= 0)                control_motor_2(PARAR);

    // 2. Se estamos dentro da banda → parar tudo
    if (abs(error) <= LUX_BAND_ERROR) {
    122c:	a9 01       	movw	r20, r18
    122e:	48 5d       	subi	r20, 0xD8	; 216
    1230:	5f 4f       	sbci	r21, 0xFF	; 255
    1232:	41 35       	cpi	r20, 0x51	; 81
    1234:	51 05       	cpc	r21, r1
    1236:	48 f4       	brcc	.+18     	; 0x124a <__stack+0x94b>
control_motor_1():
C:\Users\Utilizador\Desktop\RAFA\UNI\LABSI-LUMINOSIDADE\LABSI\PROG\PROGv1/PROGv1.ino:737
	// Interrupção de PC1 (botão touch)
	PCICR |= (1 << PCIE1);
	PCMSK1 |= (1 << PCINT9);
}
void control_motor_1(Servo_pos action) {
    g_motor1_action = action;
    1238:	f0 92 0e 01 	sts	0x010E, r15	; 0x80010e <g_motor1_action+0x1>
    123c:	e0 92 0d 01 	sts	0x010D, r14	; 0x80010d <g_motor1_action>
C:\Users\Utilizador\Desktop\RAFA\UNI\LABSI-LUMINOSIDADE\LABSI\PROG\PROGv1/PROGv1.ino:751
            break;
        case FECHAR:
            valor_pwm = 196;
            break;
    }
    OCR1B = valor_pwm;
    1240:	10 93 8b 00 	sts	0x008B, r17	; 0x80008b <__DATA_REGION_ORIGIN__+0x2b>
    1244:	00 93 8a 00 	sts	0x008A, r16	; 0x80008a <__DATA_REGION_ORIGIN__+0x2a>
    1248:	97 c0       	rjmp	.+302    	; 0x1378 <__stack+0xa79>
servo_led_hybrid_control():
C:\Users\Utilizador\Desktop\RAFA\UNI\LABSI-LUMINOSIDADE\LABSI\PROG\PROGv1/PROGv1.ino:412
        control_motor_2(PARAR);
        return;
    }

    // 3. FALTA LUZ → abrir
    if (error > LUX_BAND_ERROR) {
    124a:	29 32       	cpi	r18, 0x29	; 41
    124c:	31 05       	cpc	r19, r1
    124e:	0c f4       	brge	.+2      	; 0x1252 <__stack+0x953>
    1250:	5b c0       	rjmp	.+182    	; 0x1308 <__stack+0xa09>
C:\Users\Utilizador\Desktop\RAFA\UNI\LABSI-LUMINOSIDADE\LABSI\PROG\PROGv1/PROGv1.ino:414

        if (g_blind1_pos < BLIND1_MAX_TICKS) {
    1252:	20 e8       	ldi	r18, 0x80	; 128
    1254:	22 16       	cp	r2, r18
    1256:	2d e8       	ldi	r18, 0x8D	; 141
    1258:	32 06       	cpc	r3, r18
    125a:	2b e5       	ldi	r18, 0x5B	; 91
    125c:	42 06       	cpc	r4, r18
    125e:	51 04       	cpc	r5, r1
    1260:	bc f4       	brge	.+46     	; 0x1290 <__stack+0x991>
control_motor_1():
C:\Users\Utilizador\Desktop\RAFA\UNI\LABSI-LUMINOSIDADE\LABSI\PROG\PROGv1/PROGv1.ino:737
	// Interrupção de PC1 (botão touch)
	PCICR |= (1 << PCIE1);
	PCMSK1 |= (1 << PCINT9);
}
void control_motor_1(Servo_pos action) {
    g_motor1_action = action;
    1262:	b0 92 0e 01 	sts	0x010E, r11	; 0x80010e <g_motor1_action+0x1>
    1266:	a0 92 0d 01 	sts	0x010D, r10	; 0x80010d <g_motor1_action>
C:\Users\Utilizador\Desktop\RAFA\UNI\LABSI-LUMINOSIDADE\LABSI\PROG\PROGv1/PROGv1.ino:751
            break;
        case FECHAR:
            valor_pwm = 196;
            break;
    }
    OCR1B = valor_pwm;
    126a:	8f ea       	ldi	r24, 0xAF	; 175
    126c:	90 e0       	ldi	r25, 0x00	; 0
    126e:	90 93 8b 00 	sts	0x008B, r25	; 0x80008b <__DATA_REGION_ORIGIN__+0x2b>
    1272:	80 93 8a 00 	sts	0x008A, r24	; 0x80008a <__DATA_REGION_ORIGIN__+0x2a>
control_motor_2():
C:\Users\Utilizador\Desktop\RAFA\UNI\LABSI-LUMINOSIDADE\LABSI\PROG\PROGv1/PROGv1.ino:754
}
void control_motor_2(Servo_pos action) {
    g_motor2_action = action;
    1276:	f0 92 0c 01 	sts	0x010C, r15	; 0x80010c <g_motor2_action+0x1>
    127a:	e0 92 0b 01 	sts	0x010B, r14	; 0x80010b <g_motor2_action>
C:\Users\Utilizador\Desktop\RAFA\UNI\LABSI-LUMINOSIDADE\LABSI\PROG\PROGv1/PROGv1.ino:768
			break;
		case FECHAR:
			valor_pwm = 197;
			break;
	}
	OCR1A = valor_pwm;
    127e:	10 93 89 00 	sts	0x0089, r17	; 0x800089 <__DATA_REGION_ORIGIN__+0x29>
    1282:	00 93 88 00 	sts	0x0088, r16	; 0x800088 <__DATA_REGION_ORIGIN__+0x28>
set_led_brightness():
C:\Users\Utilizador\Desktop\RAFA\UNI\LABSI-LUMINOSIDADE\LABSI\PROG\PROGv1/PROGv1.ino:813
				}else set_led_brightness(0);
    }
}
void set_led_brightness(uint8_t brightness) {
    if (brightness > MAX_LED_PWM) brightness = MAX_LED_PWM;
    OCR2A = brightness;
    1286:	10 92 b3 00 	sts	0x00B3, r1	; 0x8000b3 <__DATA_REGION_ORIGIN__+0x53>
C:\Users\Utilizador\Desktop\RAFA\UNI\LABSI-LUMINOSIDADE\LABSI\PROG\PROGv1/PROGv1.ino:814
    g_led_brightness = brightness;
    128a:	10 92 8f 04 	sts	0x048F, r1	; 0x80048f <g_led_brightness>
    128e:	70 ca       	rjmp	.-2848   	; 0x770 <main+0x120>
control_motor_1():
C:\Users\Utilizador\Desktop\RAFA\UNI\LABSI-LUMINOSIDADE\LABSI\PROG\PROGv1/PROGv1.ino:737
	// Interrupção de PC1 (botão touch)
	PCICR |= (1 << PCIE1);
	PCMSK1 |= (1 << PCINT9);
}
void control_motor_1(Servo_pos action) {
    g_motor1_action = action;
    1290:	f0 92 0e 01 	sts	0x010E, r15	; 0x80010e <g_motor1_action+0x1>
    1294:	e0 92 0d 01 	sts	0x010D, r14	; 0x80010d <g_motor1_action>
C:\Users\Utilizador\Desktop\RAFA\UNI\LABSI-LUMINOSIDADE\LABSI\PROG\PROGv1/PROGv1.ino:751
            break;
        case FECHAR:
            valor_pwm = 196;
            break;
    }
    OCR1B = valor_pwm;
    1298:	10 93 8b 00 	sts	0x008B, r17	; 0x80008b <__DATA_REGION_ORIGIN__+0x2b>
    129c:	00 93 8a 00 	sts	0x008A, r16	; 0x80008a <__DATA_REGION_ORIGIN__+0x2a>
servo_led_hybrid_control():
C:\Users\Utilizador\Desktop\RAFA\UNI\LABSI-LUMINOSIDADE\LABSI\PROG\PROGv1/PROGv1.ino:419
        if (g_blind1_pos < BLIND1_MAX_TICKS) {
            control_motor_1(ABRIR);
            control_motor_2(PARAR);
            set_led_brightness(0);
        }
        else if (g_blind2_pos < BLIND2_MAX_TICKS) {
    12a0:	80 3a       	cpi	r24, 0xA0	; 160
    12a2:	9a 45       	sbci	r25, 0x5A	; 90
    12a4:	a2 43       	sbci	r26, 0x32	; 50
    12a6:	b1 05       	cpc	r27, r1
    12a8:	5c f4       	brge	.+22     	; 0x12c0 <__stack+0x9c1>
control_motor_2():
C:\Users\Utilizador\Desktop\RAFA\UNI\LABSI-LUMINOSIDADE\LABSI\PROG\PROGv1/PROGv1.ino:754
            break;
    }
    OCR1B = valor_pwm;
}
void control_motor_2(Servo_pos action) {
    g_motor2_action = action;
    12aa:	b0 92 0c 01 	sts	0x010C, r11	; 0x80010c <g_motor2_action+0x1>
    12ae:	a0 92 0b 01 	sts	0x010B, r10	; 0x80010b <g_motor2_action>
C:\Users\Utilizador\Desktop\RAFA\UNI\LABSI-LUMINOSIDADE\LABSI\PROG\PROGv1/PROGv1.ino:768
			break;
		case FECHAR:
			valor_pwm = 197;
			break;
	}
	OCR1A = valor_pwm;
    12b2:	89 ea       	ldi	r24, 0xA9	; 169
    12b4:	90 e0       	ldi	r25, 0x00	; 0
    12b6:	90 93 89 00 	sts	0x0089, r25	; 0x800089 <__DATA_REGION_ORIGIN__+0x29>
    12ba:	80 93 88 00 	sts	0x0088, r24	; 0x800088 <__DATA_REGION_ORIGIN__+0x28>
    12be:	e3 cf       	rjmp	.-58     	; 0x1286 <__stack+0x987>
C:\Users\Utilizador\Desktop\RAFA\UNI\LABSI-LUMINOSIDADE\LABSI\PROG\PROGv1/PROGv1.ino:754
            break;
    }
    OCR1B = valor_pwm;
}
void control_motor_2(Servo_pos action) {
    g_motor2_action = action;
    12c0:	f0 92 0c 01 	sts	0x010C, r15	; 0x80010c <g_motor2_action+0x1>
    12c4:	e0 92 0b 01 	sts	0x010B, r14	; 0x80010b <g_motor2_action>
C:\Users\Utilizador\Desktop\RAFA\UNI\LABSI-LUMINOSIDADE\LABSI\PROG\PROGv1/PROGv1.ino:768
			break;
		case FECHAR:
			valor_pwm = 197;
			break;
	}
	OCR1A = valor_pwm;
    12c8:	10 93 89 00 	sts	0x0089, r17	; 0x800089 <__DATA_REGION_ORIGIN__+0x29>
    12cc:	00 93 88 00 	sts	0x0088, r16	; 0x800088 <__DATA_REGION_ORIGIN__+0x28>
servo_led_hybrid_control():
C:\Users\Utilizador\Desktop\RAFA\UNI\LABSI-LUMINOSIDADE\LABSI\PROG\PROGv1/PROGv1.ino:428
        }
        else {
            control_motor_1(PARAR);
            control_motor_2(PARAR);

            led_timer++;
    12d0:	80 91 8b 04 	lds	r24, 0x048B	; 0x80048b <servo_led_hybrid_control()::led_timer>
    12d4:	90 91 8c 04 	lds	r25, 0x048C	; 0x80048c <servo_led_hybrid_control()::led_timer+0x1>
    12d8:	01 96       	adiw	r24, 0x01	; 1
C:\Users\Utilizador\Desktop\RAFA\UNI\LABSI-LUMINOSIDADE\LABSI\PROG\PROGv1/PROGv1.ino:429
            if (led_timer >= LED_FADE_INTERVAL) {
    12da:	84 36       	cpi	r24, 0x64	; 100
    12dc:	91 05       	cpc	r25, r1
    12de:	28 f4       	brcc	.+10     	; 0x12ea <__stack+0x9eb>
C:\Users\Utilizador\Desktop\RAFA\UNI\LABSI-LUMINOSIDADE\LABSI\PROG\PROGv1/PROGv1.ino:444

        if (g_led_brightness > 0) {
            control_motor_1(PARAR);
            control_motor_2(PARAR);

            led_timer++;
    12e0:	90 93 8c 04 	sts	0x048C, r25	; 0x80048c <servo_led_hybrid_control()::led_timer+0x1>
    12e4:	80 93 8b 04 	sts	0x048B, r24	; 0x80048b <servo_led_hybrid_control()::led_timer>
    12e8:	43 ca       	rjmp	.-2938   	; 0x770 <main+0x120>
C:\Users\Utilizador\Desktop\RAFA\UNI\LABSI-LUMINOSIDADE\LABSI\PROG\PROGv1/PROGv1.ino:430
            control_motor_1(PARAR);
            control_motor_2(PARAR);

            led_timer++;
            if (led_timer >= LED_FADE_INTERVAL) {
                led_timer = 0;
    12ea:	10 92 8c 04 	sts	0x048C, r1	; 0x80048c <servo_led_hybrid_control()::led_timer+0x1>
    12ee:	10 92 8b 04 	sts	0x048B, r1	; 0x80048b <servo_led_hybrid_control()::led_timer>
C:\Users\Utilizador\Desktop\RAFA\UNI\LABSI-LUMINOSIDADE\LABSI\PROG\PROGv1/PROGv1.ino:431
                if (g_led_brightness < MAX_LED_PWM)
    12f2:	80 91 8f 04 	lds	r24, 0x048F	; 0x80048f <g_led_brightness>
    12f6:	8f 3f       	cpi	r24, 0xFF	; 255
    12f8:	09 f4       	brne	.+2      	; 0x12fc <__stack+0x9fd>
    12fa:	3a ca       	rjmp	.-2956   	; 0x770 <main+0x120>
C:\Users\Utilizador\Desktop\RAFA\UNI\LABSI-LUMINOSIDADE\LABSI\PROG\PROGv1/PROGv1.ino:432
                    set_led_brightness(g_led_brightness + 10);
    12fc:	86 5f       	subi	r24, 0xF6	; 246
set_led_brightness():
C:\Users\Utilizador\Desktop\RAFA\UNI\LABSI-LUMINOSIDADE\LABSI\PROG\PROGv1/PROGv1.ino:813
				}else set_led_brightness(0);
    }
}
void set_led_brightness(uint8_t brightness) {
    if (brightness > MAX_LED_PWM) brightness = MAX_LED_PWM;
    OCR2A = brightness;
    12fe:	80 93 b3 00 	sts	0x00B3, r24	; 0x8000b3 <__DATA_REGION_ORIGIN__+0x53>
C:\Users\Utilizador\Desktop\RAFA\UNI\LABSI-LUMINOSIDADE\LABSI\PROG\PROGv1/PROGv1.ino:814
    g_led_brightness = brightness;
    1302:	80 93 8f 04 	sts	0x048F, r24	; 0x80048f <g_led_brightness>
    1306:	34 ca       	rjmp	.-2968   	; 0x770 <main+0x120>
servo_led_hybrid_control():
C:\Users\Utilizador\Desktop\RAFA\UNI\LABSI-LUMINOSIDADE\LABSI\PROG\PROGv1/PROGv1.ino:440
    }

    // 4. LUZ A MAIS → fechar
    else {

        if (g_led_brightness > 0) {
    1308:	20 91 8f 04 	lds	r18, 0x048F	; 0x80048f <g_led_brightness>
    130c:	22 23       	and	r18, r18
    130e:	29 f1       	breq	.+74     	; 0x135a <__stack+0xa5b>
control_motor_1():
C:\Users\Utilizador\Desktop\RAFA\UNI\LABSI-LUMINOSIDADE\LABSI\PROG\PROGv1/PROGv1.ino:737
	// Interrupção de PC1 (botão touch)
	PCICR |= (1 << PCIE1);
	PCMSK1 |= (1 << PCINT9);
}
void control_motor_1(Servo_pos action) {
    g_motor1_action = action;
    1310:	f0 92 0e 01 	sts	0x010E, r15	; 0x80010e <g_motor1_action+0x1>
    1314:	e0 92 0d 01 	sts	0x010D, r14	; 0x80010d <g_motor1_action>
C:\Users\Utilizador\Desktop\RAFA\UNI\LABSI-LUMINOSIDADE\LABSI\PROG\PROGv1/PROGv1.ino:751
            break;
        case FECHAR:
            valor_pwm = 196;
            break;
    }
    OCR1B = valor_pwm;
    1318:	10 93 8b 00 	sts	0x008B, r17	; 0x80008b <__DATA_REGION_ORIGIN__+0x2b>
    131c:	00 93 8a 00 	sts	0x008A, r16	; 0x80008a <__DATA_REGION_ORIGIN__+0x2a>
control_motor_2():
C:\Users\Utilizador\Desktop\RAFA\UNI\LABSI-LUMINOSIDADE\LABSI\PROG\PROGv1/PROGv1.ino:754
}
void control_motor_2(Servo_pos action) {
    g_motor2_action = action;
    1320:	f0 92 0c 01 	sts	0x010C, r15	; 0x80010c <g_motor2_action+0x1>
    1324:	e0 92 0b 01 	sts	0x010B, r14	; 0x80010b <g_motor2_action>
C:\Users\Utilizador\Desktop\RAFA\UNI\LABSI-LUMINOSIDADE\LABSI\PROG\PROGv1/PROGv1.ino:768
			break;
		case FECHAR:
			valor_pwm = 197;
			break;
	}
	OCR1A = valor_pwm;
    1328:	10 93 89 00 	sts	0x0089, r17	; 0x800089 <__DATA_REGION_ORIGIN__+0x29>
    132c:	00 93 88 00 	sts	0x0088, r16	; 0x800088 <__DATA_REGION_ORIGIN__+0x28>
servo_led_hybrid_control():
C:\Users\Utilizador\Desktop\RAFA\UNI\LABSI-LUMINOSIDADE\LABSI\PROG\PROGv1/PROGv1.ino:444

        if (g_led_brightness > 0) {
            control_motor_1(PARAR);
            control_motor_2(PARAR);

            led_timer++;
    1330:	80 91 8b 04 	lds	r24, 0x048B	; 0x80048b <servo_led_hybrid_control()::led_timer>
    1334:	90 91 8c 04 	lds	r25, 0x048C	; 0x80048c <servo_led_hybrid_control()::led_timer+0x1>
    1338:	01 96       	adiw	r24, 0x01	; 1
C:\Users\Utilizador\Desktop\RAFA\UNI\LABSI-LUMINOSIDADE\LABSI\PROG\PROGv1/PROGv1.ino:445
            if (led_timer >= LED_FADE_INTERVAL) {
    133a:	84 36       	cpi	r24, 0x64	; 100
    133c:	91 05       	cpc	r25, r1
    133e:	80 f2       	brcs	.-96     	; 0x12e0 <__stack+0x9e1>
C:\Users\Utilizador\Desktop\RAFA\UNI\LABSI-LUMINOSIDADE\LABSI\PROG\PROGv1/PROGv1.ino:446
                led_timer = 0;
    1340:	10 92 8c 04 	sts	0x048C, r1	; 0x80048c <servo_led_hybrid_control()::led_timer+0x1>
    1344:	10 92 8b 04 	sts	0x048B, r1	; 0x80048b <servo_led_hybrid_control()::led_timer>
C:\Users\Utilizador\Desktop\RAFA\UNI\LABSI-LUMINOSIDADE\LABSI\PROG\PROGv1/PROGv1.ino:447
                if (g_led_brightness >= 10) set_led_brightness(g_led_brightness - 10);
    1348:	2a 30       	cpi	r18, 0x0A	; 10
    134a:	08 f4       	brcc	.+2      	; 0x134e <__stack+0xa4f>
    134c:	9c cf       	rjmp	.-200    	; 0x1286 <__stack+0x987>
    134e:	2a 50       	subi	r18, 0x0A	; 10
set_led_brightness():
C:\Users\Utilizador\Desktop\RAFA\UNI\LABSI-LUMINOSIDADE\LABSI\PROG\PROGv1/PROGv1.ino:813
				}else set_led_brightness(0);
    }
}
void set_led_brightness(uint8_t brightness) {
    if (brightness > MAX_LED_PWM) brightness = MAX_LED_PWM;
    OCR2A = brightness;
    1350:	20 93 b3 00 	sts	0x00B3, r18	; 0x8000b3 <__DATA_REGION_ORIGIN__+0x53>
C:\Users\Utilizador\Desktop\RAFA\UNI\LABSI-LUMINOSIDADE\LABSI\PROG\PROGv1/PROGv1.ino:814
    g_led_brightness = brightness;
    1354:	20 93 8f 04 	sts	0x048F, r18	; 0x80048f <g_led_brightness>
    1358:	0b ca       	rjmp	.-3050   	; 0x770 <main+0x120>
servo_led_hybrid_control():
C:\Users\Utilizador\Desktop\RAFA\UNI\LABSI-LUMINOSIDADE\LABSI\PROG\PROGv1/PROGv1.ino:451
                led_timer = 0;
                if (g_led_brightness >= 10) set_led_brightness(g_led_brightness - 10);
                else set_led_brightness(0);
            }
        }
        else if (g_blind1_pos > 0) {
    135a:	12 14       	cp	r1, r2
    135c:	13 04       	cpc	r1, r3
    135e:	14 04       	cpc	r1, r4
    1360:	15 04       	cpc	r1, r5
    1362:	9c f4       	brge	.+38     	; 0x138a <__stack+0xa8b>
control_motor_1():
C:\Users\Utilizador\Desktop\RAFA\UNI\LABSI-LUMINOSIDADE\LABSI\PROG\PROGv1/PROGv1.ino:737
	// Interrupção de PC1 (botão touch)
	PCICR |= (1 << PCIE1);
	PCMSK1 |= (1 << PCINT9);
}
void control_motor_1(Servo_pos action) {
    g_motor1_action = action;
    1364:	10 92 0e 01 	sts	0x010E, r1	; 0x80010e <g_motor1_action+0x1>
    1368:	10 92 0d 01 	sts	0x010D, r1	; 0x80010d <g_motor1_action>
C:\Users\Utilizador\Desktop\RAFA\UNI\LABSI-LUMINOSIDADE\LABSI\PROG\PROGv1/PROGv1.ino:751
            break;
        case FECHAR:
            valor_pwm = 196;
            break;
    }
    OCR1B = valor_pwm;
    136c:	a4 ec       	ldi	r26, 0xC4	; 196
    136e:	b0 e0       	ldi	r27, 0x00	; 0
    1370:	b0 93 8b 00 	sts	0x008B, r27	; 0x80008b <__DATA_REGION_ORIGIN__+0x2b>
    1374:	a0 93 8a 00 	sts	0x008A, r26	; 0x80008a <__DATA_REGION_ORIGIN__+0x2a>
control_motor_2():
C:\Users\Utilizador\Desktop\RAFA\UNI\LABSI-LUMINOSIDADE\LABSI\PROG\PROGv1/PROGv1.ino:754
}
void control_motor_2(Servo_pos action) {
    g_motor2_action = action;
    1378:	f0 92 0c 01 	sts	0x010C, r15	; 0x80010c <g_motor2_action+0x1>
    137c:	e0 92 0b 01 	sts	0x010B, r14	; 0x80010b <g_motor2_action>
C:\Users\Utilizador\Desktop\RAFA\UNI\LABSI-LUMINOSIDADE\LABSI\PROG\PROGv1/PROGv1.ino:768
			break;
		case FECHAR:
			valor_pwm = 197;
			break;
	}
	OCR1A = valor_pwm;
    1380:	10 93 89 00 	sts	0x0089, r17	; 0x800089 <__DATA_REGION_ORIGIN__+0x29>
    1384:	00 93 88 00 	sts	0x0088, r16	; 0x800088 <__DATA_REGION_ORIGIN__+0x28>
    1388:	f3 c9       	rjmp	.-3098   	; 0x770 <main+0x120>
servo_led_hybrid_control():
C:\Users\Utilizador\Desktop\RAFA\UNI\LABSI-LUMINOSIDADE\LABSI\PROG\PROGv1/PROGv1.ino:455
        }
        else if (g_blind1_pos > 0) {
            control_motor_1(FECHAR);
            control_motor_2(PARAR);
        }
        else if (g_blind2_pos > 0) {
    138a:	18 16       	cp	r1, r24
    138c:	19 06       	cpc	r1, r25
    138e:	1a 06       	cpc	r1, r26
    1390:	1b 06       	cpc	r1, r27
    1392:	0c f0       	brlt	.+2      	; 0x1396 <__stack+0xa97>
    1394:	51 cf       	rjmp	.-350    	; 0x1238 <__stack+0x939>
control_motor_1():
C:\Users\Utilizador\Desktop\RAFA\UNI\LABSI-LUMINOSIDADE\LABSI\PROG\PROGv1/PROGv1.ino:737
	// Interrupção de PC1 (botão touch)
	PCICR |= (1 << PCIE1);
	PCMSK1 |= (1 << PCINT9);
}
void control_motor_1(Servo_pos action) {
    g_motor1_action = action;
    1396:	f0 92 0e 01 	sts	0x010E, r15	; 0x80010e <g_motor1_action+0x1>
    139a:	e0 92 0d 01 	sts	0x010D, r14	; 0x80010d <g_motor1_action>
C:\Users\Utilizador\Desktop\RAFA\UNI\LABSI-LUMINOSIDADE\LABSI\PROG\PROGv1/PROGv1.ino:751
            break;
        case FECHAR:
            valor_pwm = 196;
            break;
    }
    OCR1B = valor_pwm;
    139e:	10 93 8b 00 	sts	0x008B, r17	; 0x80008b <__DATA_REGION_ORIGIN__+0x2b>
    13a2:	00 93 8a 00 	sts	0x008A, r16	; 0x80008a <__DATA_REGION_ORIGIN__+0x2a>
control_motor_2():
C:\Users\Utilizador\Desktop\RAFA\UNI\LABSI-LUMINOSIDADE\LABSI\PROG\PROGv1/PROGv1.ino:754
}
void control_motor_2(Servo_pos action) {
    g_motor2_action = action;
    13a6:	10 92 0c 01 	sts	0x010C, r1	; 0x80010c <g_motor2_action+0x1>
    13aa:	10 92 0b 01 	sts	0x010B, r1	; 0x80010b <g_motor2_action>
C:\Users\Utilizador\Desktop\RAFA\UNI\LABSI-LUMINOSIDADE\LABSI\PROG\PROGv1/PROGv1.ino:768
			break;
		case FECHAR:
			valor_pwm = 197;
			break;
	}
	OCR1A = valor_pwm;
    13ae:	25 ec       	ldi	r18, 0xC5	; 197
    13b0:	30 e0       	ldi	r19, 0x00	; 0
    13b2:	30 93 89 00 	sts	0x0089, r19	; 0x800089 <__DATA_REGION_ORIGIN__+0x29>
    13b6:	20 93 88 00 	sts	0x0088, r18	; 0x800088 <__DATA_REGION_ORIGIN__+0x28>
    13ba:	da c9       	rjmp	.-3148   	; 0x770 <main+0x120>
manual_led_control():
C:\Users\Utilizador\Desktop\RAFA\UNI\LABSI-LUMINOSIDADE\LABSI\PROG\PROGv1/PROGv1.ino:793
    eeprom_update_word(EEP_POS1_ADDR, (uint16_t)g_blind1_pos);
    eeprom_update_word(EEP_POS2_ADDR, (uint16_t)g_blind2_pos);
}
void manual_led_control(void) {
	static uint8_t repeat_delay = 0;
	    if (repeat_delay > 0) {
    13bc:	80 91 90 04 	lds	r24, 0x0490	; 0x800490 <manual_led_control()::repeat_delay>
    13c0:	88 23       	and	r24, r24
    13c2:	59 f0       	breq	.+22     	; 0x13da <__stack+0xadb>
C:\Users\Utilizador\Desktop\RAFA\UNI\LABSI-LUMINOSIDADE\LABSI\PROG\PROGv1/PROGv1.ino:794
        repeat_delay--;
    13c4:	81 50       	subi	r24, 0x01	; 1
C:\Users\Utilizador\Desktop\RAFA\UNI\LABSI-LUMINOSIDADE\LABSI\PROG\PROGv1/PROGv1.ino:807
				}else set_led_brightness(255);  
    }
    if (PIND & (1 << BOTAO_MENOS)) {
        if (g_led_brightness > 0) {
				set_led_brightness(g_led_brightness - 5);
				repeat_delay = 3;
    13c6:	80 93 90 04 	sts	0x0490, r24	; 0x800490 <manual_led_control()::repeat_delay>
main():
C:\Users\Utilizador\Desktop\RAFA\UNI\LABSI-LUMINOSIDADE\LABSI\PROG\PROGv1/PROGv1.ino:1087
			if(g_operating_mode == MODE_AUTOMATIC) {
				adjust_setpoint_control();
				servo_led_hybrid_control();
			} else {
				manual_led_control();
				sonar_tick++;
    13ca:	80 91 96 04 	lds	r24, 0x0496	; 0x800496 <main::sonar_tick>
    13ce:	8f 5f       	subi	r24, 0xFF	; 255
C:\Users\Utilizador\Desktop\RAFA\UNI\LABSI-LUMINOSIDADE\LABSI\PROG\PROGv1/PROGv1.ino:1088
					if(sonar_tick >= 50) { // ~100 ms
    13d0:	82 33       	cpi	r24, 0x32	; 50
    13d2:	40 f5       	brcc	.+80     	; 0x1424 <__stack+0xb25>
C:\Users\Utilizador\Desktop\RAFA\UNI\LABSI-LUMINOSIDADE\LABSI\PROG\PROGv1/PROGv1.ino:1087
			if(g_operating_mode == MODE_AUTOMATIC) {
				adjust_setpoint_control();
				servo_led_hybrid_control();
			} else {
				manual_led_control();
				sonar_tick++;
    13d4:	80 93 96 04 	sts	0x0496, r24	; 0x800496 <main::sonar_tick>
    13d8:	cb c9       	rjmp	.-3178   	; 0x770 <main+0x120>
manual_led_control():
C:\Users\Utilizador\Desktop\RAFA\UNI\LABSI-LUMINOSIDADE\LABSI\PROG\PROGv1/PROGv1.ino:798
	    if (repeat_delay > 0) {
        repeat_delay--;
        return;
    	}

    if (PIND & (1 << BOTAO_MAIS)) {
    13da:	4c 9b       	sbis	0x09, 4	; 9
    13dc:	0c c0       	rjmp	.+24     	; 0x13f6 <__stack+0xaf7>
C:\Users\Utilizador\Desktop\RAFA\UNI\LABSI-LUMINOSIDADE\LABSI\PROG\PROGv1/PROGv1.ino:799
        if (g_led_brightness < 255) {
    13de:	80 91 8f 04 	lds	r24, 0x048F	; 0x80048f <g_led_brightness>
    13e2:	8f 3f       	cpi	r24, 0xFF	; 255
    13e4:	a9 f0       	breq	.+42     	; 0x1410 <__stack+0xb11>
C:\Users\Utilizador\Desktop\RAFA\UNI\LABSI-LUMINOSIDADE\LABSI\PROG\PROGv1/PROGv1.ino:800
				set_led_brightness(g_led_brightness + 5);
    13e6:	8b 5f       	subi	r24, 0xFB	; 251
set_led_brightness():
C:\Users\Utilizador\Desktop\RAFA\UNI\LABSI-LUMINOSIDADE\LABSI\PROG\PROGv1/PROGv1.ino:813
				}else set_led_brightness(0);
    }
}
void set_led_brightness(uint8_t brightness) {
    if (brightness > MAX_LED_PWM) brightness = MAX_LED_PWM;
    OCR2A = brightness;
    13e8:	80 93 b3 00 	sts	0x00B3, r24	; 0x8000b3 <__DATA_REGION_ORIGIN__+0x53>
C:\Users\Utilizador\Desktop\RAFA\UNI\LABSI-LUMINOSIDADE\LABSI\PROG\PROGv1/PROGv1.ino:814
    g_led_brightness = brightness;
    13ec:	80 93 8f 04 	sts	0x048F, r24	; 0x80048f <g_led_brightness>
manual_led_control():
C:\Users\Utilizador\Desktop\RAFA\UNI\LABSI-LUMINOSIDADE\LABSI\PROG\PROGv1/PROGv1.ino:801
    	}

    if (PIND & (1 << BOTAO_MAIS)) {
        if (g_led_brightness < 255) {
				set_led_brightness(g_led_brightness + 5);
				repeat_delay = 3;
    13f0:	83 e0       	ldi	r24, 0x03	; 3
    13f2:	80 93 90 04 	sts	0x0490, r24	; 0x800490 <manual_led_control()::repeat_delay>
C:\Users\Utilizador\Desktop\RAFA\UNI\LABSI-LUMINOSIDADE\LABSI\PROG\PROGv1/PROGv1.ino:804
				}else set_led_brightness(255);  
    }
    if (PIND & (1 << BOTAO_MENOS)) {
    13f6:	4f 9b       	sbis	0x09, 7	; 9
    13f8:	e8 cf       	rjmp	.-48     	; 0x13ca <__stack+0xacb>
C:\Users\Utilizador\Desktop\RAFA\UNI\LABSI-LUMINOSIDADE\LABSI\PROG\PROGv1/PROGv1.ino:805
        if (g_led_brightness > 0) {
    13fa:	80 91 8f 04 	lds	r24, 0x048F	; 0x80048f <g_led_brightness>
    13fe:	88 23       	and	r24, r24
    1400:	61 f0       	breq	.+24     	; 0x141a <__stack+0xb1b>
C:\Users\Utilizador\Desktop\RAFA\UNI\LABSI-LUMINOSIDADE\LABSI\PROG\PROGv1/PROGv1.ino:806
				set_led_brightness(g_led_brightness - 5);
    1402:	85 50       	subi	r24, 0x05	; 5
set_led_brightness():
C:\Users\Utilizador\Desktop\RAFA\UNI\LABSI-LUMINOSIDADE\LABSI\PROG\PROGv1/PROGv1.ino:813
				}else set_led_brightness(0);
    }
}
void set_led_brightness(uint8_t brightness) {
    if (brightness > MAX_LED_PWM) brightness = MAX_LED_PWM;
    OCR2A = brightness;
    1404:	80 93 b3 00 	sts	0x00B3, r24	; 0x8000b3 <__DATA_REGION_ORIGIN__+0x53>
C:\Users\Utilizador\Desktop\RAFA\UNI\LABSI-LUMINOSIDADE\LABSI\PROG\PROGv1/PROGv1.ino:814
    g_led_brightness = brightness;
    1408:	80 93 8f 04 	sts	0x048F, r24	; 0x80048f <g_led_brightness>
manual_led_control():
C:\Users\Utilizador\Desktop\RAFA\UNI\LABSI-LUMINOSIDADE\LABSI\PROG\PROGv1/PROGv1.ino:807
				}else set_led_brightness(255);  
    }
    if (PIND & (1 << BOTAO_MENOS)) {
        if (g_led_brightness > 0) {
				set_led_brightness(g_led_brightness - 5);
				repeat_delay = 3;
    140c:	83 e0       	ldi	r24, 0x03	; 3
    140e:	db cf       	rjmp	.-74     	; 0x13c6 <__stack+0xac7>
set_led_brightness():
C:\Users\Utilizador\Desktop\RAFA\UNI\LABSI-LUMINOSIDADE\LABSI\PROG\PROGv1/PROGv1.ino:813
				}else set_led_brightness(0);
    }
}
void set_led_brightness(uint8_t brightness) {
    if (brightness > MAX_LED_PWM) brightness = MAX_LED_PWM;
    OCR2A = brightness;
    1410:	80 93 b3 00 	sts	0x00B3, r24	; 0x8000b3 <__DATA_REGION_ORIGIN__+0x53>
C:\Users\Utilizador\Desktop\RAFA\UNI\LABSI-LUMINOSIDADE\LABSI\PROG\PROGv1/PROGv1.ino:814
    g_led_brightness = brightness;
    1414:	80 93 8f 04 	sts	0x048F, r24	; 0x80048f <g_led_brightness>
    1418:	ee cf       	rjmp	.-36     	; 0x13f6 <__stack+0xaf7>
C:\Users\Utilizador\Desktop\RAFA\UNI\LABSI-LUMINOSIDADE\LABSI\PROG\PROGv1/PROGv1.ino:813
				}else set_led_brightness(0);
    }
}
void set_led_brightness(uint8_t brightness) {
    if (brightness > MAX_LED_PWM) brightness = MAX_LED_PWM;
    OCR2A = brightness;
    141a:	10 92 b3 00 	sts	0x00B3, r1	; 0x8000b3 <__DATA_REGION_ORIGIN__+0x53>
C:\Users\Utilizador\Desktop\RAFA\UNI\LABSI-LUMINOSIDADE\LABSI\PROG\PROGv1/PROGv1.ino:814
    g_led_brightness = brightness;
    141e:	10 92 8f 04 	sts	0x048F, r1	; 0x80048f <g_led_brightness>
    1422:	d3 cf       	rjmp	.-90     	; 0x13ca <__stack+0xacb>
main():
C:\Users\Utilizador\Desktop\RAFA\UNI\LABSI-LUMINOSIDADE\LABSI\PROG\PROGv1/PROGv1.ino:1089
				servo_led_hybrid_control();
			} else {
				manual_led_control();
				sonar_tick++;
					if(sonar_tick >= 50) { // ~100 ms
						sonar_tick = 0;
    1424:	10 92 96 04 	sts	0x0496, r1	; 0x800496 <main::sonar_tick>
update_manual_gestures():
C:\Users\Utilizador\Desktop\RAFA\UNI\LABSI-LUMINOSIDADE\LABSI\PROG\PROGv1/PROGv1.ino:878

    static uint8_t s1_prev = 0;
    static uint8_t s2_prev = 0;

    // Leitura atual dos sonares
    uint8_t s1 = sonar_is_close(1);
    1428:	81 e0       	ldi	r24, 0x01	; 1
    142a:	0e 94 57 01 	call	0x2ae	; 0x2ae <sonar_is_close(unsigned char)>
    142e:	98 2e       	mov	r9, r24
C:\Users\Utilizador\Desktop\RAFA\UNI\LABSI-LUMINOSIDADE\LABSI\PROG\PROGv1/PROGv1.ino:879
    uint8_t s2 = sonar_is_close(2);
    1430:	82 e0       	ldi	r24, 0x02	; 2
    1432:	0e 94 57 01 	call	0x2ae	; 0x2ae <sonar_is_close(unsigned char)>
C:\Users\Utilizador\Desktop\RAFA\UNI\LABSI-LUMINOSIDADE\LABSI\PROG\PROGv1/PROGv1.ino:882

    // Timeout de segurança
    if (g_gesture_timer > 0) {
    1436:	20 91 94 04 	lds	r18, 0x0494	; 0x800494 <g_gesture_timer>
    143a:	30 91 95 04 	lds	r19, 0x0495	; 0x800495 <g_gesture_timer+0x1>
    143e:	23 2b       	or	r18, r19
    1440:	f9 f0       	breq	.+62     	; 0x1480 <__stack+0xb81>
C:\Users\Utilizador\Desktop\RAFA\UNI\LABSI-LUMINOSIDADE\LABSI\PROG\PROGv1/PROGv1.ino:883
        g_gesture_timer--;
    1442:	20 91 94 04 	lds	r18, 0x0494	; 0x800494 <g_gesture_timer>
    1446:	30 91 95 04 	lds	r19, 0x0495	; 0x800495 <g_gesture_timer+0x1>
    144a:	21 50       	subi	r18, 0x01	; 1
    144c:	31 09       	sbc	r19, r1
    144e:	30 93 95 04 	sts	0x0495, r19	; 0x800495 <g_gesture_timer+0x1>
    1452:	20 93 94 04 	sts	0x0494, r18	; 0x800494 <g_gesture_timer>
C:\Users\Utilizador\Desktop\RAFA\UNI\LABSI-LUMINOSIDADE\LABSI\PROG\PROGv1/PROGv1.ino:886
        // Se o tempo acabar e não completou, reseta. 
        // Se estiver no estado 3 (bloqueio), o timer serve apenas de debounce.
        if (g_gesture_timer == 0 && g_gesture_state != 0 && g_gesture_state != 3) {
    1456:	20 91 94 04 	lds	r18, 0x0494	; 0x800494 <g_gesture_timer>
    145a:	30 91 95 04 	lds	r19, 0x0495	; 0x800495 <g_gesture_timer+0x1>
    145e:	23 2b       	or	r18, r19
    1460:	79 f4       	brne	.+30     	; 0x1480 <__stack+0xb81>
    1462:	90 91 93 04 	lds	r25, 0x0493	; 0x800493 <g_gesture_state>
    1466:	99 23       	and	r25, r25
    1468:	59 f0       	breq	.+22     	; 0x1480 <__stack+0xb81>
    146a:	90 91 93 04 	lds	r25, 0x0493	; 0x800493 <g_gesture_state>
    146e:	93 30       	cpi	r25, 0x03	; 3
    1470:	39 f0       	breq	.+14     	; 0x1480 <__stack+0xb81>
C:\Users\Utilizador\Desktop\RAFA\UNI\LABSI-LUMINOSIDADE\LABSI\PROG\PROGv1/PROGv1.ino:887
            g_gesture_state = 0;
    1472:	10 92 93 04 	sts	0x0493, r1	; 0x800493 <g_gesture_state>
C:\Users\Utilizador\Desktop\RAFA\UNI\LABSI-LUMINOSIDADE\LABSI\PROG\PROGv1/PROGv1.ino:938
                g_gesture_timer = 0;
            }
            break;
    }

    s1_prev = s1;
    1476:	90 92 92 04 	sts	0x0492, r9	; 0x800492 <update_manual_gestures()::s1_prev>
C:\Users\Utilizador\Desktop\RAFA\UNI\LABSI-LUMINOSIDADE\LABSI\PROG\PROGv1/PROGv1.ino:939
    s2_prev = s2;
    147a:	80 93 91 04 	sts	0x0491, r24	; 0x800491 <update_manual_gestures()::s2_prev>
    147e:	78 c9       	rjmp	.-3344   	; 0x770 <main+0x120>
C:\Users\Utilizador\Desktop\RAFA\UNI\LABSI-LUMINOSIDADE\LABSI\PROG\PROGv1/PROGv1.ino:893
            s1_prev = s1; s2_prev = s2;
            return;
        }
    }

    switch (g_gesture_state)
    1480:	90 91 93 04 	lds	r25, 0x0493	; 0x800493 <g_gesture_state>
    1484:	91 30       	cpi	r25, 0x01	; 1
    1486:	31 f1       	breq	.+76     	; 0x14d4 <__stack+0xbd5>
    1488:	78 f0       	brcs	.+30     	; 0x14a8 <__stack+0xba9>
    148a:	92 30       	cpi	r25, 0x02	; 2
    148c:	d9 f1       	breq	.+118    	; 0x1504 <__stack+0xc05>
    148e:	93 30       	cpi	r25, 0x03	; 3
    1490:	91 f7       	brne	.-28     	; 0x1476 <__stack+0xb77>
C:\Users\Utilizador\Desktop\RAFA\UNI\LABSI-LUMINOSIDADE\LABSI\PROG\PROGv1/PROGv1.ino:930
            break;

        // ESTADO 3: Bloqueio (Espera mãos saírem)
        // Isto impede que o estore pare/inverta imediatamente se mantiveres a mão.
        case 3:
            if (!s1 && !s2) {
    1492:	91 10       	cpse	r9, r1
    1494:	f0 cf       	rjmp	.-32     	; 0x1476 <__stack+0xb77>
    1496:	81 11       	cpse	r24, r1
    1498:	ee cf       	rjmp	.-36     	; 0x1476 <__stack+0xb77>
C:\Users\Utilizador\Desktop\RAFA\UNI\LABSI-LUMINOSIDADE\LABSI\PROG\PROGv1/PROGv1.ino:932
                // Só liberta o sistema quando não houver obstáculos
                g_gesture_state = 0;
    149a:	10 92 93 04 	sts	0x0493, r1	; 0x800493 <g_gesture_state>
C:\Users\Utilizador\Desktop\RAFA\UNI\LABSI-LUMINOSIDADE\LABSI\PROG\PROGv1/PROGv1.ino:933
                g_gesture_timer = 0;
    149e:	10 92 95 04 	sts	0x0495, r1	; 0x800495 <g_gesture_timer+0x1>
    14a2:	10 92 94 04 	sts	0x0494, r1	; 0x800494 <g_gesture_timer>
    14a6:	e7 cf       	rjmp	.-50     	; 0x1476 <__stack+0xb77>
C:\Users\Utilizador\Desktop\RAFA\UNI\LABSI-LUMINOSIDADE\LABSI\PROG\PROGv1/PROGv1.ino:897

    switch (g_gesture_state)
    {
        // ESTADO 0: À espera (Repouso)
        case 0:
            if (s1 && !s1_prev) {      // Entrou na Esquerda
    14a8:	99 20       	and	r9, r9
    14aa:	61 f0       	breq	.+24     	; 0x14c4 <__stack+0xbc5>
    14ac:	90 91 92 04 	lds	r25, 0x0492	; 0x800492 <update_manual_gestures()::s1_prev>
    14b0:	91 11       	cpse	r25, r1
    14b2:	08 c0       	rjmp	.+16     	; 0x14c4 <__stack+0xbc5>
C:\Users\Utilizador\Desktop\RAFA\UNI\LABSI-LUMINOSIDADE\LABSI\PROG\PROGv1/PROGv1.ino:898
                g_gesture_state = 1;
    14b4:	91 e0       	ldi	r25, 0x01	; 1
C:\Users\Utilizador\Desktop\RAFA\UNI\LABSI-LUMINOSIDADE\LABSI\PROG\PROGv1/PROGv1.ino:912
        // ESTADO 1: Iniciou na Esquerda -> Espera Direita
        case 1:
            if (s2) { // Não precisa de borda, basta presença
                control_motor_1(ABRIR); // Ou FECHAR, dependendo da tua lógica
                control_motor_2(ABRIR);
                g_gesture_state = 3;    // Vai para Bloqueio
    14b6:	90 93 93 04 	sts	0x0493, r25	; 0x800493 <g_gesture_state>
C:\Users\Utilizador\Desktop\RAFA\UNI\LABSI-LUMINOSIDADE\LABSI\PROG\PROGv1/PROGv1.ino:913
                g_gesture_timer = GESTURE_TIMEOUT_TICKS; 
    14ba:	70 92 95 04 	sts	0x0495, r7	; 0x800495 <g_gesture_timer+0x1>
    14be:	60 92 94 04 	sts	0x0494, r6	; 0x800494 <g_gesture_timer>
    14c2:	d9 cf       	rjmp	.-78     	; 0x1476 <__stack+0xb77>
C:\Users\Utilizador\Desktop\RAFA\UNI\LABSI-LUMINOSIDADE\LABSI\PROG\PROGv1/PROGv1.ino:901
        case 0:
            if (s1 && !s1_prev) {      // Entrou na Esquerda
                g_gesture_state = 1;
                g_gesture_timer = GESTURE_TIMEOUT_TICKS;
            } 
            else if (s2 && !s2_prev) { // Entrou na Direita
    14c4:	88 23       	and	r24, r24
    14c6:	b9 f2       	breq	.-82     	; 0x1476 <__stack+0xb77>
    14c8:	90 91 91 04 	lds	r25, 0x0491	; 0x800491 <update_manual_gestures()::s2_prev>
    14cc:	91 11       	cpse	r25, r1
    14ce:	d3 cf       	rjmp	.-90     	; 0x1476 <__stack+0xb77>
C:\Users\Utilizador\Desktop\RAFA\UNI\LABSI-LUMINOSIDADE\LABSI\PROG\PROGv1/PROGv1.ino:902
                g_gesture_state = 2;
    14d0:	92 e0       	ldi	r25, 0x02	; 2
    14d2:	f1 cf       	rjmp	.-30     	; 0x14b6 <__stack+0xbb7>
C:\Users\Utilizador\Desktop\RAFA\UNI\LABSI-LUMINOSIDADE\LABSI\PROG\PROGv1/PROGv1.ino:909
            }
            break;

        // ESTADO 1: Iniciou na Esquerda -> Espera Direita
        case 1:
            if (s2) { // Não precisa de borda, basta presença
    14d4:	88 23       	and	r24, r24
    14d6:	79 f2       	breq	.-98     	; 0x1476 <__stack+0xb77>
control_motor_1():
C:\Users\Utilizador\Desktop\RAFA\UNI\LABSI-LUMINOSIDADE\LABSI\PROG\PROGv1/PROGv1.ino:737
	// Interrupção de PC1 (botão touch)
	PCICR |= (1 << PCIE1);
	PCMSK1 |= (1 << PCINT9);
}
void control_motor_1(Servo_pos action) {
    g_motor1_action = action;
    14d8:	b0 92 0e 01 	sts	0x010E, r11	; 0x80010e <g_motor1_action+0x1>
    14dc:	a0 92 0d 01 	sts	0x010D, r10	; 0x80010d <g_motor1_action>
C:\Users\Utilizador\Desktop\RAFA\UNI\LABSI-LUMINOSIDADE\LABSI\PROG\PROGv1/PROGv1.ino:751
            break;
        case FECHAR:
            valor_pwm = 196;
            break;
    }
    OCR1B = valor_pwm;
    14e0:	af ea       	ldi	r26, 0xAF	; 175
    14e2:	b0 e0       	ldi	r27, 0x00	; 0
    14e4:	b0 93 8b 00 	sts	0x008B, r27	; 0x80008b <__DATA_REGION_ORIGIN__+0x2b>
    14e8:	a0 93 8a 00 	sts	0x008A, r26	; 0x80008a <__DATA_REGION_ORIGIN__+0x2a>
control_motor_2():
C:\Users\Utilizador\Desktop\RAFA\UNI\LABSI-LUMINOSIDADE\LABSI\PROG\PROGv1/PROGv1.ino:754
}
void control_motor_2(Servo_pos action) {
    g_motor2_action = action;
    14ec:	b0 92 0c 01 	sts	0x010C, r11	; 0x80010c <g_motor2_action+0x1>
    14f0:	a0 92 0b 01 	sts	0x010B, r10	; 0x80010b <g_motor2_action>
C:\Users\Utilizador\Desktop\RAFA\UNI\LABSI-LUMINOSIDADE\LABSI\PROG\PROGv1/PROGv1.ino:768
			break;
		case FECHAR:
			valor_pwm = 197;
			break;
	}
	OCR1A = valor_pwm;
    14f4:	29 ea       	ldi	r18, 0xA9	; 169
    14f6:	30 e0       	ldi	r19, 0x00	; 0
    14f8:	30 93 89 00 	sts	0x0089, r19	; 0x800089 <__DATA_REGION_ORIGIN__+0x29>
    14fc:	20 93 88 00 	sts	0x0088, r18	; 0x800088 <__DATA_REGION_ORIGIN__+0x28>
update_manual_gestures():
C:\Users\Utilizador\Desktop\RAFA\UNI\LABSI-LUMINOSIDADE\LABSI\PROG\PROGv1/PROGv1.ino:912
        // ESTADO 1: Iniciou na Esquerda -> Espera Direita
        case 1:
            if (s2) { // Não precisa de borda, basta presença
                control_motor_1(ABRIR); // Ou FECHAR, dependendo da tua lógica
                control_motor_2(ABRIR);
                g_gesture_state = 3;    // Vai para Bloqueio
    1500:	93 e0       	ldi	r25, 0x03	; 3
    1502:	d9 cf       	rjmp	.-78     	; 0x14b6 <__stack+0xbb7>
C:\Users\Utilizador\Desktop\RAFA\UNI\LABSI-LUMINOSIDADE\LABSI\PROG\PROGv1/PROGv1.ino:919
            }
            break;

        // ESTADO 2: Iniciou na Direita -> Espera Esquerda
        case 2:
            if (s1) {
    1504:	99 20       	and	r9, r9
    1506:	09 f4       	brne	.+2      	; 0x150a <__stack+0xc0b>
    1508:	b6 cf       	rjmp	.-148    	; 0x1476 <__stack+0xb77>
control_motor_1():
C:\Users\Utilizador\Desktop\RAFA\UNI\LABSI-LUMINOSIDADE\LABSI\PROG\PROGv1/PROGv1.ino:737
	// Interrupção de PC1 (botão touch)
	PCICR |= (1 << PCIE1);
	PCMSK1 |= (1 << PCINT9);
}
void control_motor_1(Servo_pos action) {
    g_motor1_action = action;
    150a:	10 92 0e 01 	sts	0x010E, r1	; 0x80010e <g_motor1_action+0x1>
    150e:	10 92 0d 01 	sts	0x010D, r1	; 0x80010d <g_motor1_action>
C:\Users\Utilizador\Desktop\RAFA\UNI\LABSI-LUMINOSIDADE\LABSI\PROG\PROGv1/PROGv1.ino:751
            break;
        case FECHAR:
            valor_pwm = 196;
            break;
    }
    OCR1B = valor_pwm;
    1512:	a4 ec       	ldi	r26, 0xC4	; 196
    1514:	b0 e0       	ldi	r27, 0x00	; 0
    1516:	b0 93 8b 00 	sts	0x008B, r27	; 0x80008b <__DATA_REGION_ORIGIN__+0x2b>
    151a:	a0 93 8a 00 	sts	0x008A, r26	; 0x80008a <__DATA_REGION_ORIGIN__+0x2a>
control_motor_2():
C:\Users\Utilizador\Desktop\RAFA\UNI\LABSI-LUMINOSIDADE\LABSI\PROG\PROGv1/PROGv1.ino:754
}
void control_motor_2(Servo_pos action) {
    g_motor2_action = action;
    151e:	10 92 0c 01 	sts	0x010C, r1	; 0x80010c <g_motor2_action+0x1>
    1522:	10 92 0b 01 	sts	0x010B, r1	; 0x80010b <g_motor2_action>
C:\Users\Utilizador\Desktop\RAFA\UNI\LABSI-LUMINOSIDADE\LABSI\PROG\PROGv1/PROGv1.ino:768
			break;
		case FECHAR:
			valor_pwm = 197;
			break;
	}
	OCR1A = valor_pwm;
    1526:	25 ec       	ldi	r18, 0xC5	; 197
    1528:	30 e0       	ldi	r19, 0x00	; 0
    152a:	e6 cf       	rjmp	.-52     	; 0x14f8 <__stack+0xbf9>

0000152c <eeprom_read_word>:
eeprom_read_word():
    152c:	a8 e1       	ldi	r26, 0x18	; 24
    152e:	b0 e0       	ldi	r27, 0x00	; 0
    1530:	42 e0       	ldi	r20, 0x02	; 2
    1532:	50 e0       	ldi	r21, 0x00	; 0
    1534:	0c 94 a4 0a 	jmp	0x1548	; 0x1548 <eeprom_read_blraw>

00001538 <eeprom_update_word>:
eeprom_update_word():
    1538:	01 96       	adiw	r24, 0x01	; 1
    153a:	27 2f       	mov	r18, r23
    153c:	0e 94 b3 0a 	call	0x1566	; 0x1566 <eeprom_update_r18>
    1540:	0c 94 b2 0a 	jmp	0x1564	; 0x1564 <eeprom_update_byte>

00001544 <eeprom_read_block>:
eeprom_read_block():
    1544:	dc 01       	movw	r26, r24
    1546:	cb 01       	movw	r24, r22

00001548 <eeprom_read_blraw>:
    1548:	fc 01       	movw	r30, r24
    154a:	f9 99       	sbic	0x1f, 1	; 31
    154c:	fe cf       	rjmp	.-4      	; 0x154a <eeprom_read_blraw+0x2>
    154e:	06 c0       	rjmp	.+12     	; 0x155c <eeprom_read_blraw+0x14>
    1550:	f2 bd       	out	0x22, r31	; 34
    1552:	e1 bd       	out	0x21, r30	; 33
    1554:	f8 9a       	sbi	0x1f, 0	; 31
    1556:	31 96       	adiw	r30, 0x01	; 1
    1558:	00 b4       	in	r0, 0x20	; 32
    155a:	0d 92       	st	X+, r0
    155c:	41 50       	subi	r20, 0x01	; 1
    155e:	50 40       	sbci	r21, 0x00	; 0
    1560:	b8 f7       	brcc	.-18     	; 0x1550 <eeprom_read_blraw+0x8>
    1562:	08 95       	ret

00001564 <eeprom_update_byte>:
eeprom_update_byte():
    1564:	26 2f       	mov	r18, r22

00001566 <eeprom_update_r18>:
    1566:	f9 99       	sbic	0x1f, 1	; 31
    1568:	fe cf       	rjmp	.-4      	; 0x1566 <eeprom_update_r18>
    156a:	92 bd       	out	0x22, r25	; 34
    156c:	81 bd       	out	0x21, r24	; 33
    156e:	f8 9a       	sbi	0x1f, 0	; 31
    1570:	01 97       	sbiw	r24, 0x01	; 1
    1572:	00 b4       	in	r0, 0x20	; 32
    1574:	02 16       	cp	r0, r18
    1576:	39 f0       	breq	.+14     	; 0x1586 <eeprom_update_r18+0x20>
    1578:	1f ba       	out	0x1f, r1	; 31
    157a:	20 bd       	out	0x20, r18	; 32
    157c:	0f b6       	in	r0, 0x3f	; 63
    157e:	f8 94       	cli
    1580:	fa 9a       	sbi	0x1f, 2	; 31
    1582:	f9 9a       	sbi	0x1f, 1	; 31
    1584:	0f be       	out	0x3f, r0	; 63
    1586:	08 95       	ret

00001588 <__divsf3>:
__divsf3():
    1588:	0e 94 d8 0a 	call	0x15b0	; 0x15b0 <__divsf3x>
    158c:	0c 94 b9 0b 	jmp	0x1772	; 0x1772 <__fp_round>
    1590:	0e 94 b2 0b 	call	0x1764	; 0x1764 <__fp_pscB>
    1594:	58 f0       	brcs	.+22     	; 0x15ac <__divsf3+0x24>
    1596:	0e 94 ab 0b 	call	0x1756	; 0x1756 <__fp_pscA>
    159a:	40 f0       	brcs	.+16     	; 0x15ac <__divsf3+0x24>
    159c:	29 f4       	brne	.+10     	; 0x15a8 <__divsf3+0x20>
    159e:	5f 3f       	cpi	r21, 0xFF	; 255
    15a0:	29 f0       	breq	.+10     	; 0x15ac <__divsf3+0x24>
    15a2:	0c 94 a2 0b 	jmp	0x1744	; 0x1744 <__fp_inf>
    15a6:	51 11       	cpse	r21, r1
    15a8:	0c 94 ed 0b 	jmp	0x17da	; 0x17da <__fp_szero>
    15ac:	0c 94 a8 0b 	jmp	0x1750	; 0x1750 <__fp_nan>

000015b0 <__divsf3x>:
__divsf3x():
    15b0:	0e 94 ca 0b 	call	0x1794	; 0x1794 <__fp_split3>
    15b4:	68 f3       	brcs	.-38     	; 0x1590 <__divsf3+0x8>

000015b6 <__divsf3_pse>:
    15b6:	99 23       	and	r25, r25
    15b8:	b1 f3       	breq	.-20     	; 0x15a6 <__divsf3+0x1e>
    15ba:	55 23       	and	r21, r21
    15bc:	91 f3       	breq	.-28     	; 0x15a2 <__divsf3+0x1a>
    15be:	95 1b       	sub	r25, r21
    15c0:	55 0b       	sbc	r21, r21
    15c2:	bb 27       	eor	r27, r27
    15c4:	aa 27       	eor	r26, r26
    15c6:	62 17       	cp	r22, r18
    15c8:	73 07       	cpc	r23, r19
    15ca:	84 07       	cpc	r24, r20
    15cc:	38 f0       	brcs	.+14     	; 0x15dc <__divsf3_pse+0x26>
    15ce:	9f 5f       	subi	r25, 0xFF	; 255
    15d0:	5f 4f       	sbci	r21, 0xFF	; 255
    15d2:	22 0f       	add	r18, r18
    15d4:	33 1f       	adc	r19, r19
    15d6:	44 1f       	adc	r20, r20
    15d8:	aa 1f       	adc	r26, r26
    15da:	a9 f3       	breq	.-22     	; 0x15c6 <__divsf3_pse+0x10>
    15dc:	35 d0       	rcall	.+106    	; 0x1648 <__divsf3_pse+0x92>
    15de:	0e 2e       	mov	r0, r30
    15e0:	3a f0       	brmi	.+14     	; 0x15f0 <__divsf3_pse+0x3a>
    15e2:	e0 e8       	ldi	r30, 0x80	; 128
    15e4:	32 d0       	rcall	.+100    	; 0x164a <__divsf3_pse+0x94>
    15e6:	91 50       	subi	r25, 0x01	; 1
    15e8:	50 40       	sbci	r21, 0x00	; 0
    15ea:	e6 95       	lsr	r30
    15ec:	00 1c       	adc	r0, r0
    15ee:	ca f7       	brpl	.-14     	; 0x15e2 <__divsf3_pse+0x2c>
    15f0:	2b d0       	rcall	.+86     	; 0x1648 <__divsf3_pse+0x92>
    15f2:	fe 2f       	mov	r31, r30
    15f4:	29 d0       	rcall	.+82     	; 0x1648 <__divsf3_pse+0x92>
    15f6:	66 0f       	add	r22, r22
    15f8:	77 1f       	adc	r23, r23
    15fa:	88 1f       	adc	r24, r24
    15fc:	bb 1f       	adc	r27, r27
    15fe:	26 17       	cp	r18, r22
    1600:	37 07       	cpc	r19, r23
    1602:	48 07       	cpc	r20, r24
    1604:	ab 07       	cpc	r26, r27
    1606:	b0 e8       	ldi	r27, 0x80	; 128
    1608:	09 f0       	breq	.+2      	; 0x160c <__divsf3_pse+0x56>
    160a:	bb 0b       	sbc	r27, r27
    160c:	80 2d       	mov	r24, r0
    160e:	bf 01       	movw	r22, r30
    1610:	ff 27       	eor	r31, r31
    1612:	93 58       	subi	r25, 0x83	; 131
    1614:	5f 4f       	sbci	r21, 0xFF	; 255
    1616:	3a f0       	brmi	.+14     	; 0x1626 <__divsf3_pse+0x70>
    1618:	9e 3f       	cpi	r25, 0xFE	; 254
    161a:	51 05       	cpc	r21, r1
    161c:	78 f0       	brcs	.+30     	; 0x163c <__divsf3_pse+0x86>
    161e:	0c 94 a2 0b 	jmp	0x1744	; 0x1744 <__fp_inf>
    1622:	0c 94 ed 0b 	jmp	0x17da	; 0x17da <__fp_szero>
    1626:	5f 3f       	cpi	r21, 0xFF	; 255
    1628:	e4 f3       	brlt	.-8      	; 0x1622 <__divsf3_pse+0x6c>
    162a:	98 3e       	cpi	r25, 0xE8	; 232
    162c:	d4 f3       	brlt	.-12     	; 0x1622 <__divsf3_pse+0x6c>
    162e:	86 95       	lsr	r24
    1630:	77 95       	ror	r23
    1632:	67 95       	ror	r22
    1634:	b7 95       	ror	r27
    1636:	f7 95       	ror	r31
    1638:	9f 5f       	subi	r25, 0xFF	; 255
    163a:	c9 f7       	brne	.-14     	; 0x162e <__divsf3_pse+0x78>
    163c:	88 0f       	add	r24, r24
    163e:	91 1d       	adc	r25, r1
    1640:	96 95       	lsr	r25
    1642:	87 95       	ror	r24
    1644:	97 f9       	bld	r25, 7
    1646:	08 95       	ret
    1648:	e1 e0       	ldi	r30, 0x01	; 1
    164a:	66 0f       	add	r22, r22
    164c:	77 1f       	adc	r23, r23
    164e:	88 1f       	adc	r24, r24
    1650:	bb 1f       	adc	r27, r27
    1652:	62 17       	cp	r22, r18
    1654:	73 07       	cpc	r23, r19
    1656:	84 07       	cpc	r24, r20
    1658:	ba 07       	cpc	r27, r26
    165a:	20 f0       	brcs	.+8      	; 0x1664 <__divsf3_pse+0xae>
    165c:	62 1b       	sub	r22, r18
    165e:	73 0b       	sbc	r23, r19
    1660:	84 0b       	sbc	r24, r20
    1662:	ba 0b       	sbc	r27, r26
    1664:	ee 1f       	adc	r30, r30
    1666:	88 f7       	brcc	.-30     	; 0x164a <__divsf3_pse+0x94>
    1668:	e0 95       	com	r30
    166a:	08 95       	ret

0000166c <__fixunssfsi>:
    166c:	0e 94 d2 0b 	call	0x17a4	; 0x17a4 <__fp_splitA>
    1670:	88 f0       	brcs	.+34     	; 0x1694 <__fixunssfsi+0x28>
    1672:	9f 57       	subi	r25, 0x7F	; 127
    1674:	98 f0       	brcs	.+38     	; 0x169c <__fixunssfsi+0x30>
    1676:	b9 2f       	mov	r27, r25
    1678:	99 27       	eor	r25, r25
    167a:	b7 51       	subi	r27, 0x17	; 23
    167c:	b0 f0       	brcs	.+44     	; 0x16aa <__fixunssfsi+0x3e>
    167e:	e1 f0       	breq	.+56     	; 0x16b8 <__fixunssfsi+0x4c>
    1680:	66 0f       	add	r22, r22
    1682:	77 1f       	adc	r23, r23
    1684:	88 1f       	adc	r24, r24
    1686:	99 1f       	adc	r25, r25
    1688:	1a f0       	brmi	.+6      	; 0x1690 <__fixunssfsi+0x24>
    168a:	ba 95       	dec	r27
__fixunssfsi():
    168c:	c9 f7       	brne	.-14     	; 0x1680 <__fixunssfsi+0x14>
    168e:	14 c0       	rjmp	.+40     	; 0x16b8 <__fixunssfsi+0x4c>
    1690:	b1 30       	cpi	r27, 0x01	; 1
    1692:	91 f0       	breq	.+36     	; 0x16b8 <__fixunssfsi+0x4c>
    1694:	0e 94 ec 0b 	call	0x17d8	; 0x17d8 <__fp_zero>
    1698:	b1 e0       	ldi	r27, 0x01	; 1
    169a:	08 95       	ret
    169c:	0c 94 ec 0b 	jmp	0x17d8	; 0x17d8 <__fp_zero>
    16a0:	67 2f       	mov	r22, r23
    16a2:	78 2f       	mov	r23, r24
    16a4:	88 27       	eor	r24, r24
    16a6:	b8 5f       	subi	r27, 0xF8	; 248
    16a8:	39 f0       	breq	.+14     	; 0x16b8 <__fixunssfsi+0x4c>
    16aa:	b9 3f       	cpi	r27, 0xF9	; 249
    16ac:	cc f3       	brlt	.-14     	; 0x16a0 <__fixunssfsi+0x34>
    16ae:	86 95       	lsr	r24
    16b0:	77 95       	ror	r23
    16b2:	67 95       	ror	r22
    16b4:	b3 95       	inc	r27
    16b6:	d9 f7       	brne	.-10     	; 0x16ae <__fixunssfsi+0x42>
    16b8:	3e f4       	brtc	.+14     	; 0x16c8 <__fixunssfsi+0x5c>
    16ba:	90 95       	com	r25
    16bc:	80 95       	com	r24
    16be:	70 95       	com	r23
    16c0:	61 95       	neg	r22
    16c2:	7f 4f       	sbci	r23, 0xFF	; 255
    16c4:	8f 4f       	sbci	r24, 0xFF	; 255
    16c6:	9f 4f       	sbci	r25, 0xFF	; 255
    16c8:	08 95       	ret

000016ca <__floatunsisf>:
__floatunsisf():
    16ca:	e8 94       	clt
    16cc:	09 c0       	rjmp	.+18     	; 0x16e0 <__floatsisf+0x12>

000016ce <__floatsisf>:
    16ce:	97 fb       	bst	r25, 7
    16d0:	3e f4       	brtc	.+14     	; 0x16e0 <__floatsisf+0x12>
    16d2:	90 95       	com	r25
    16d4:	80 95       	com	r24
    16d6:	70 95       	com	r23
    16d8:	61 95       	neg	r22
    16da:	7f 4f       	sbci	r23, 0xFF	; 255
    16dc:	8f 4f       	sbci	r24, 0xFF	; 255
    16de:	9f 4f       	sbci	r25, 0xFF	; 255
    16e0:	99 23       	and	r25, r25
    16e2:	a9 f0       	breq	.+42     	; 0x170e <__floatsisf+0x40>
    16e4:	f9 2f       	mov	r31, r25
    16e6:	96 e9       	ldi	r25, 0x96	; 150
    16e8:	bb 27       	eor	r27, r27
    16ea:	93 95       	inc	r25
    16ec:	f6 95       	lsr	r31
    16ee:	87 95       	ror	r24
    16f0:	77 95       	ror	r23
    16f2:	67 95       	ror	r22
    16f4:	b7 95       	ror	r27
    16f6:	f1 11       	cpse	r31, r1
    16f8:	f8 cf       	rjmp	.-16     	; 0x16ea <__floatsisf+0x1c>
    16fa:	fa f4       	brpl	.+62     	; 0x173a <__floatsisf+0x6c>
    16fc:	bb 0f       	add	r27, r27
    16fe:	11 f4       	brne	.+4      	; 0x1704 <__floatsisf+0x36>
    1700:	60 ff       	sbrs	r22, 0
    1702:	1b c0       	rjmp	.+54     	; 0x173a <__floatsisf+0x6c>
    1704:	6f 5f       	subi	r22, 0xFF	; 255
    1706:	7f 4f       	sbci	r23, 0xFF	; 255
    1708:	8f 4f       	sbci	r24, 0xFF	; 255
    170a:	9f 4f       	sbci	r25, 0xFF	; 255
    170c:	16 c0       	rjmp	.+44     	; 0x173a <__floatsisf+0x6c>
    170e:	88 23       	and	r24, r24
    1710:	11 f0       	breq	.+4      	; 0x1716 <__floatsisf+0x48>
    1712:	96 e9       	ldi	r25, 0x96	; 150
    1714:	11 c0       	rjmp	.+34     	; 0x1738 <__floatsisf+0x6a>
    1716:	77 23       	and	r23, r23
    1718:	21 f0       	breq	.+8      	; 0x1722 <__floatsisf+0x54>
    171a:	9e e8       	ldi	r25, 0x8E	; 142
    171c:	87 2f       	mov	r24, r23
    171e:	76 2f       	mov	r23, r22
    1720:	05 c0       	rjmp	.+10     	; 0x172c <__floatsisf+0x5e>
    1722:	66 23       	and	r22, r22
    1724:	71 f0       	breq	.+28     	; 0x1742 <__floatsisf+0x74>
    1726:	96 e8       	ldi	r25, 0x86	; 134
    1728:	86 2f       	mov	r24, r22
    172a:	70 e0       	ldi	r23, 0x00	; 0
    172c:	60 e0       	ldi	r22, 0x00	; 0
    172e:	2a f0       	brmi	.+10     	; 0x173a <__floatsisf+0x6c>
    1730:	9a 95       	dec	r25
    1732:	66 0f       	add	r22, r22
    1734:	77 1f       	adc	r23, r23
    1736:	88 1f       	adc	r24, r24
    1738:	da f7       	brpl	.-10     	; 0x1730 <__floatsisf+0x62>
    173a:	88 0f       	add	r24, r24
    173c:	96 95       	lsr	r25
    173e:	87 95       	ror	r24
    1740:	97 f9       	bld	r25, 7
    1742:	08 95       	ret

00001744 <__fp_inf>:
__fp_inf():
    1744:	97 f9       	bld	r25, 7
    1746:	9f 67       	ori	r25, 0x7F	; 127
    1748:	80 e8       	ldi	r24, 0x80	; 128
    174a:	70 e0       	ldi	r23, 0x00	; 0
    174c:	60 e0       	ldi	r22, 0x00	; 0
    174e:	08 95       	ret

00001750 <__fp_nan>:
__fp_nan():
    1750:	9f ef       	ldi	r25, 0xFF	; 255
    1752:	80 ec       	ldi	r24, 0xC0	; 192
    1754:	08 95       	ret

00001756 <__fp_pscA>:
__fp_pscA():
    1756:	00 24       	eor	r0, r0
    1758:	0a 94       	dec	r0
    175a:	16 16       	cp	r1, r22
    175c:	17 06       	cpc	r1, r23
    175e:	18 06       	cpc	r1, r24
    1760:	09 06       	cpc	r0, r25
    1762:	08 95       	ret

00001764 <__fp_pscB>:
__fp_pscB():
    1764:	00 24       	eor	r0, r0
    1766:	0a 94       	dec	r0
    1768:	12 16       	cp	r1, r18
    176a:	13 06       	cpc	r1, r19
    176c:	14 06       	cpc	r1, r20
    176e:	05 06       	cpc	r0, r21
    1770:	08 95       	ret

00001772 <__fp_round>:
__fp_round():
    1772:	09 2e       	mov	r0, r25
    1774:	03 94       	inc	r0
    1776:	00 0c       	add	r0, r0
    1778:	11 f4       	brne	.+4      	; 0x177e <__fp_round+0xc>
    177a:	88 23       	and	r24, r24
    177c:	52 f0       	brmi	.+20     	; 0x1792 <__fp_round+0x20>
    177e:	bb 0f       	add	r27, r27
    1780:	40 f4       	brcc	.+16     	; 0x1792 <__fp_round+0x20>
    1782:	bf 2b       	or	r27, r31
    1784:	11 f4       	brne	.+4      	; 0x178a <__fp_round+0x18>
    1786:	60 ff       	sbrs	r22, 0
    1788:	04 c0       	rjmp	.+8      	; 0x1792 <__fp_round+0x20>
    178a:	6f 5f       	subi	r22, 0xFF	; 255
    178c:	7f 4f       	sbci	r23, 0xFF	; 255
    178e:	8f 4f       	sbci	r24, 0xFF	; 255
    1790:	9f 4f       	sbci	r25, 0xFF	; 255
    1792:	08 95       	ret

00001794 <__fp_split3>:
__fp_split3():
    1794:	57 fd       	sbrc	r21, 7
    1796:	90 58       	subi	r25, 0x80	; 128
    1798:	44 0f       	add	r20, r20
    179a:	55 1f       	adc	r21, r21
    179c:	59 f0       	breq	.+22     	; 0x17b4 <__fp_splitA+0x10>
    179e:	5f 3f       	cpi	r21, 0xFF	; 255
    17a0:	71 f0       	breq	.+28     	; 0x17be <__fp_splitA+0x1a>
    17a2:	47 95       	ror	r20

000017a4 <__fp_splitA>:
    17a4:	88 0f       	add	r24, r24
    17a6:	97 fb       	bst	r25, 7
    17a8:	99 1f       	adc	r25, r25
    17aa:	61 f0       	breq	.+24     	; 0x17c4 <__fp_splitA+0x20>
    17ac:	9f 3f       	cpi	r25, 0xFF	; 255
    17ae:	79 f0       	breq	.+30     	; 0x17ce <__fp_splitA+0x2a>
    17b0:	87 95       	ror	r24
    17b2:	08 95       	ret
    17b4:	12 16       	cp	r1, r18
    17b6:	13 06       	cpc	r1, r19
    17b8:	14 06       	cpc	r1, r20
    17ba:	55 1f       	adc	r21, r21
    17bc:	f2 cf       	rjmp	.-28     	; 0x17a2 <__fp_split3+0xe>
    17be:	46 95       	lsr	r20
    17c0:	f1 df       	rcall	.-30     	; 0x17a4 <__fp_splitA>
    17c2:	08 c0       	rjmp	.+16     	; 0x17d4 <__fp_splitA+0x30>
    17c4:	16 16       	cp	r1, r22
    17c6:	17 06       	cpc	r1, r23
    17c8:	18 06       	cpc	r1, r24
    17ca:	99 1f       	adc	r25, r25
    17cc:	f1 cf       	rjmp	.-30     	; 0x17b0 <__fp_splitA+0xc>
    17ce:	86 95       	lsr	r24
    17d0:	71 05       	cpc	r23, r1
    17d2:	61 05       	cpc	r22, r1
    17d4:	08 94       	sec
    17d6:	08 95       	ret

000017d8 <__fp_zero>:
__fp_zero():
    17d8:	e8 94       	clt

000017da <__fp_szero>:
    17da:	bb 27       	eor	r27, r27
    17dc:	66 27       	eor	r22, r22
    17de:	77 27       	eor	r23, r23
    17e0:	cb 01       	movw	r24, r22
    17e2:	97 f9       	bld	r25, 7
    17e4:	08 95       	ret

000017e6 <__udivmodqi4>:
__udivmodqi4():
/home/jenkins-mingw32/workspace/avr-gcc-staging/label/Ubuntu14.04x64-mingw32/gcc-build/avr/avr5/libgcc/../../../../gcc/libgcc/config/avr/lib1funcs.S:1346
    17e6:	99 1b       	sub	r25, r25
/home/jenkins-mingw32/workspace/avr-gcc-staging/label/Ubuntu14.04x64-mingw32/gcc-build/avr/avr5/libgcc/../../../../gcc/libgcc/config/avr/lib1funcs.S:1347
    17e8:	79 e0       	ldi	r23, 0x09	; 9
/home/jenkins-mingw32/workspace/avr-gcc-staging/label/Ubuntu14.04x64-mingw32/gcc-build/avr/avr5/libgcc/../../../../gcc/libgcc/config/avr/lib1funcs.S:1348
    17ea:	04 c0       	rjmp	.+8      	; 0x17f4 <__udivmodqi4_ep>

000017ec <__udivmodqi4_loop>:
/home/jenkins-mingw32/workspace/avr-gcc-staging/label/Ubuntu14.04x64-mingw32/gcc-build/avr/avr5/libgcc/../../../../gcc/libgcc/config/avr/lib1funcs.S:1350
    17ec:	99 1f       	adc	r25, r25
/home/jenkins-mingw32/workspace/avr-gcc-staging/label/Ubuntu14.04x64-mingw32/gcc-build/avr/avr5/libgcc/../../../../gcc/libgcc/config/avr/lib1funcs.S:1351
    17ee:	96 17       	cp	r25, r22
/home/jenkins-mingw32/workspace/avr-gcc-staging/label/Ubuntu14.04x64-mingw32/gcc-build/avr/avr5/libgcc/../../../../gcc/libgcc/config/avr/lib1funcs.S:1352
    17f0:	08 f0       	brcs	.+2      	; 0x17f4 <__udivmodqi4_ep>
/home/jenkins-mingw32/workspace/avr-gcc-staging/label/Ubuntu14.04x64-mingw32/gcc-build/avr/avr5/libgcc/../../../../gcc/libgcc/config/avr/lib1funcs.S:1353
    17f2:	96 1b       	sub	r25, r22

000017f4 <__udivmodqi4_ep>:
/home/jenkins-mingw32/workspace/avr-gcc-staging/label/Ubuntu14.04x64-mingw32/gcc-build/avr/avr5/libgcc/../../../../gcc/libgcc/config/avr/lib1funcs.S:1355
    17f4:	88 1f       	adc	r24, r24
/home/jenkins-mingw32/workspace/avr-gcc-staging/label/Ubuntu14.04x64-mingw32/gcc-build/avr/avr5/libgcc/../../../../gcc/libgcc/config/avr/lib1funcs.S:1356
    17f6:	7a 95       	dec	r23
/home/jenkins-mingw32/workspace/avr-gcc-staging/label/Ubuntu14.04x64-mingw32/gcc-build/avr/avr5/libgcc/../../../../gcc/libgcc/config/avr/lib1funcs.S:1357
    17f8:	c9 f7       	brne	.-14     	; 0x17ec <__udivmodqi4_loop>
/home/jenkins-mingw32/workspace/avr-gcc-staging/label/Ubuntu14.04x64-mingw32/gcc-build/avr/avr5/libgcc/../../../../gcc/libgcc/config/avr/lib1funcs.S:1358
    17fa:	80 95       	com	r24
/home/jenkins-mingw32/workspace/avr-gcc-staging/label/Ubuntu14.04x64-mingw32/gcc-build/avr/avr5/libgcc/../../../../gcc/libgcc/config/avr/lib1funcs.S:1360
    17fc:	08 95       	ret

000017fe <__divmodhi4>:
__divmodhi4():
/home/jenkins-mingw32/workspace/avr-gcc-staging/label/Ubuntu14.04x64-mingw32/gcc-build/avr/avr5/libgcc/../../../../gcc/libgcc/config/avr/lib1funcs.S:1440
    17fe:	97 fb       	bst	r25, 7
/home/jenkins-mingw32/workspace/avr-gcc-staging/label/Ubuntu14.04x64-mingw32/gcc-build/avr/avr5/libgcc/../../../../gcc/libgcc/config/avr/lib1funcs.S:1441
    1800:	07 2e       	mov	r0, r23
/home/jenkins-mingw32/workspace/avr-gcc-staging/label/Ubuntu14.04x64-mingw32/gcc-build/avr/avr5/libgcc/../../../../gcc/libgcc/config/avr/lib1funcs.S:1442
    1802:	16 f4       	brtc	.+4      	; 0x1808 <__divmodhi4+0xa>
/home/jenkins-mingw32/workspace/avr-gcc-staging/label/Ubuntu14.04x64-mingw32/gcc-build/avr/avr5/libgcc/../../../../gcc/libgcc/config/avr/lib1funcs.S:1443
    1804:	00 94       	com	r0
/home/jenkins-mingw32/workspace/avr-gcc-staging/label/Ubuntu14.04x64-mingw32/gcc-build/avr/avr5/libgcc/../../../../gcc/libgcc/config/avr/lib1funcs.S:1444
    1806:	07 d0       	rcall	.+14     	; 0x1816 <__divmodhi4_neg1>
/home/jenkins-mingw32/workspace/avr-gcc-staging/label/Ubuntu14.04x64-mingw32/gcc-build/avr/avr5/libgcc/../../../../gcc/libgcc/config/avr/lib1funcs.S:1446
    1808:	77 fd       	sbrc	r23, 7
/home/jenkins-mingw32/workspace/avr-gcc-staging/label/Ubuntu14.04x64-mingw32/gcc-build/avr/avr5/libgcc/../../../../gcc/libgcc/config/avr/lib1funcs.S:1447
    180a:	09 d0       	rcall	.+18     	; 0x181e <__divmodhi4_neg2>
/home/jenkins-mingw32/workspace/avr-gcc-staging/label/Ubuntu14.04x64-mingw32/gcc-build/avr/avr5/libgcc/../../../../gcc/libgcc/config/avr/lib1funcs.S:1448
    180c:	0e 94 3b 0c 	call	0x1876	; 0x1876 <__udivmodhi4>
/home/jenkins-mingw32/workspace/avr-gcc-staging/label/Ubuntu14.04x64-mingw32/gcc-build/avr/avr5/libgcc/../../../../gcc/libgcc/config/avr/lib1funcs.S:1449
    1810:	07 fc       	sbrc	r0, 7
/home/jenkins-mingw32/workspace/avr-gcc-staging/label/Ubuntu14.04x64-mingw32/gcc-build/avr/avr5/libgcc/../../../../gcc/libgcc/config/avr/lib1funcs.S:1450
    1812:	05 d0       	rcall	.+10     	; 0x181e <__divmodhi4_neg2>
/home/jenkins-mingw32/workspace/avr-gcc-staging/label/Ubuntu14.04x64-mingw32/gcc-build/avr/avr5/libgcc/../../../../gcc/libgcc/config/avr/lib1funcs.S:1451
    1814:	3e f4       	brtc	.+14     	; 0x1824 <__divmodhi4_exit>

00001816 <__divmodhi4_neg1>:
/home/jenkins-mingw32/workspace/avr-gcc-staging/label/Ubuntu14.04x64-mingw32/gcc-build/avr/avr5/libgcc/../../../../gcc/libgcc/config/avr/lib1funcs.S:1454
    1816:	90 95       	com	r25
/home/jenkins-mingw32/workspace/avr-gcc-staging/label/Ubuntu14.04x64-mingw32/gcc-build/avr/avr5/libgcc/../../../../gcc/libgcc/config/avr/lib1funcs.S:1455
    1818:	81 95       	neg	r24
/home/jenkins-mingw32/workspace/avr-gcc-staging/label/Ubuntu14.04x64-mingw32/gcc-build/avr/avr5/libgcc/../../../../gcc/libgcc/config/avr/lib1funcs.S:1456
    181a:	9f 4f       	sbci	r25, 0xFF	; 255
/home/jenkins-mingw32/workspace/avr-gcc-staging/label/Ubuntu14.04x64-mingw32/gcc-build/avr/avr5/libgcc/../../../../gcc/libgcc/config/avr/lib1funcs.S:1457
    181c:	08 95       	ret

0000181e <__divmodhi4_neg2>:
/home/jenkins-mingw32/workspace/avr-gcc-staging/label/Ubuntu14.04x64-mingw32/gcc-build/avr/avr5/libgcc/../../../../gcc/libgcc/config/avr/lib1funcs.S:1460
    181e:	70 95       	com	r23
/home/jenkins-mingw32/workspace/avr-gcc-staging/label/Ubuntu14.04x64-mingw32/gcc-build/avr/avr5/libgcc/../../../../gcc/libgcc/config/avr/lib1funcs.S:1461
    1820:	61 95       	neg	r22
/home/jenkins-mingw32/workspace/avr-gcc-staging/label/Ubuntu14.04x64-mingw32/gcc-build/avr/avr5/libgcc/../../../../gcc/libgcc/config/avr/lib1funcs.S:1462
    1822:	7f 4f       	sbci	r23, 0xFF	; 255

00001824 <__divmodhi4_exit>:
/home/jenkins-mingw32/workspace/avr-gcc-staging/label/Ubuntu14.04x64-mingw32/gcc-build/avr/avr5/libgcc/../../../../gcc/libgcc/config/avr/lib1funcs.S:1464
    1824:	08 95       	ret

00001826 <__udivmodsi4>:
__udivmodsi4():
/home/jenkins-mingw32/workspace/avr-gcc-staging/label/Ubuntu14.04x64-mingw32/gcc-build/avr/avr5/libgcc/../../../../gcc/libgcc/config/avr/lib1funcs.S:1638
    1826:	a1 e2       	ldi	r26, 0x21	; 33
/home/jenkins-mingw32/workspace/avr-gcc-staging/label/Ubuntu14.04x64-mingw32/gcc-build/avr/avr5/libgcc/../../../../gcc/libgcc/config/avr/lib1funcs.S:1639
    1828:	1a 2e       	mov	r1, r26
/home/jenkins-mingw32/workspace/avr-gcc-staging/label/Ubuntu14.04x64-mingw32/gcc-build/avr/avr5/libgcc/../../../../gcc/libgcc/config/avr/lib1funcs.S:1640
    182a:	aa 1b       	sub	r26, r26
/home/jenkins-mingw32/workspace/avr-gcc-staging/label/Ubuntu14.04x64-mingw32/gcc-build/avr/avr5/libgcc/../../../../gcc/libgcc/config/avr/lib1funcs.S:1641
    182c:	bb 1b       	sub	r27, r27
/home/jenkins-mingw32/workspace/avr-gcc-staging/label/Ubuntu14.04x64-mingw32/gcc-build/avr/avr5/libgcc/../../../../gcc/libgcc/config/avr/lib1funcs.S:1642
    182e:	fd 01       	movw	r30, r26
/home/jenkins-mingw32/workspace/avr-gcc-staging/label/Ubuntu14.04x64-mingw32/gcc-build/avr/avr5/libgcc/../../../../gcc/libgcc/config/avr/lib1funcs.S:1644
    1830:	0d c0       	rjmp	.+26     	; 0x184c <__udivmodsi4_ep>

00001832 <__udivmodsi4_loop>:
/home/jenkins-mingw32/workspace/avr-gcc-staging/label/Ubuntu14.04x64-mingw32/gcc-build/avr/avr5/libgcc/../../../../gcc/libgcc/config/avr/lib1funcs.S:1646
    1832:	aa 1f       	adc	r26, r26
/home/jenkins-mingw32/workspace/avr-gcc-staging/label/Ubuntu14.04x64-mingw32/gcc-build/avr/avr5/libgcc/../../../../gcc/libgcc/config/avr/lib1funcs.S:1647
    1834:	bb 1f       	adc	r27, r27
/home/jenkins-mingw32/workspace/avr-gcc-staging/label/Ubuntu14.04x64-mingw32/gcc-build/avr/avr5/libgcc/../../../../gcc/libgcc/config/avr/lib1funcs.S:1648
    1836:	ee 1f       	adc	r30, r30
/home/jenkins-mingw32/workspace/avr-gcc-staging/label/Ubuntu14.04x64-mingw32/gcc-build/avr/avr5/libgcc/../../../../gcc/libgcc/config/avr/lib1funcs.S:1649
    1838:	ff 1f       	adc	r31, r31
/home/jenkins-mingw32/workspace/avr-gcc-staging/label/Ubuntu14.04x64-mingw32/gcc-build/avr/avr5/libgcc/../../../../gcc/libgcc/config/avr/lib1funcs.S:1650
    183a:	a2 17       	cp	r26, r18
/home/jenkins-mingw32/workspace/avr-gcc-staging/label/Ubuntu14.04x64-mingw32/gcc-build/avr/avr5/libgcc/../../../../gcc/libgcc/config/avr/lib1funcs.S:1651
    183c:	b3 07       	cpc	r27, r19
/home/jenkins-mingw32/workspace/avr-gcc-staging/label/Ubuntu14.04x64-mingw32/gcc-build/avr/avr5/libgcc/../../../../gcc/libgcc/config/avr/lib1funcs.S:1652
    183e:	e4 07       	cpc	r30, r20
/home/jenkins-mingw32/workspace/avr-gcc-staging/label/Ubuntu14.04x64-mingw32/gcc-build/avr/avr5/libgcc/../../../../gcc/libgcc/config/avr/lib1funcs.S:1653
    1840:	f5 07       	cpc	r31, r21
/home/jenkins-mingw32/workspace/avr-gcc-staging/label/Ubuntu14.04x64-mingw32/gcc-build/avr/avr5/libgcc/../../../../gcc/libgcc/config/avr/lib1funcs.S:1654
    1842:	20 f0       	brcs	.+8      	; 0x184c <__udivmodsi4_ep>
/home/jenkins-mingw32/workspace/avr-gcc-staging/label/Ubuntu14.04x64-mingw32/gcc-build/avr/avr5/libgcc/../../../../gcc/libgcc/config/avr/lib1funcs.S:1655
    1844:	a2 1b       	sub	r26, r18
/home/jenkins-mingw32/workspace/avr-gcc-staging/label/Ubuntu14.04x64-mingw32/gcc-build/avr/avr5/libgcc/../../../../gcc/libgcc/config/avr/lib1funcs.S:1656
    1846:	b3 0b       	sbc	r27, r19
/home/jenkins-mingw32/workspace/avr-gcc-staging/label/Ubuntu14.04x64-mingw32/gcc-build/avr/avr5/libgcc/../../../../gcc/libgcc/config/avr/lib1funcs.S:1657
    1848:	e4 0b       	sbc	r30, r20
/home/jenkins-mingw32/workspace/avr-gcc-staging/label/Ubuntu14.04x64-mingw32/gcc-build/avr/avr5/libgcc/../../../../gcc/libgcc/config/avr/lib1funcs.S:1658
    184a:	f5 0b       	sbc	r31, r21

0000184c <__udivmodsi4_ep>:
/home/jenkins-mingw32/workspace/avr-gcc-staging/label/Ubuntu14.04x64-mingw32/gcc-build/avr/avr5/libgcc/../../../../gcc/libgcc/config/avr/lib1funcs.S:1660
    184c:	66 1f       	adc	r22, r22
/home/jenkins-mingw32/workspace/avr-gcc-staging/label/Ubuntu14.04x64-mingw32/gcc-build/avr/avr5/libgcc/../../../../gcc/libgcc/config/avr/lib1funcs.S:1661
    184e:	77 1f       	adc	r23, r23
/home/jenkins-mingw32/workspace/avr-gcc-staging/label/Ubuntu14.04x64-mingw32/gcc-build/avr/avr5/libgcc/../../../../gcc/libgcc/config/avr/lib1funcs.S:1662
    1850:	88 1f       	adc	r24, r24
/home/jenkins-mingw32/workspace/avr-gcc-staging/label/Ubuntu14.04x64-mingw32/gcc-build/avr/avr5/libgcc/../../../../gcc/libgcc/config/avr/lib1funcs.S:1663
    1852:	99 1f       	adc	r25, r25
/home/jenkins-mingw32/workspace/avr-gcc-staging/label/Ubuntu14.04x64-mingw32/gcc-build/avr/avr5/libgcc/../../../../gcc/libgcc/config/avr/lib1funcs.S:1664
    1854:	1a 94       	dec	r1
/home/jenkins-mingw32/workspace/avr-gcc-staging/label/Ubuntu14.04x64-mingw32/gcc-build/avr/avr5/libgcc/../../../../gcc/libgcc/config/avr/lib1funcs.S:1665
    1856:	69 f7       	brne	.-38     	; 0x1832 <__udivmodsi4_loop>
/home/jenkins-mingw32/workspace/avr-gcc-staging/label/Ubuntu14.04x64-mingw32/gcc-build/avr/avr5/libgcc/../../../../gcc/libgcc/config/avr/lib1funcs.S:1667
    1858:	60 95       	com	r22
/home/jenkins-mingw32/workspace/avr-gcc-staging/label/Ubuntu14.04x64-mingw32/gcc-build/avr/avr5/libgcc/../../../../gcc/libgcc/config/avr/lib1funcs.S:1668
    185a:	70 95       	com	r23
/home/jenkins-mingw32/workspace/avr-gcc-staging/label/Ubuntu14.04x64-mingw32/gcc-build/avr/avr5/libgcc/../../../../gcc/libgcc/config/avr/lib1funcs.S:1669
    185c:	80 95       	com	r24
/home/jenkins-mingw32/workspace/avr-gcc-staging/label/Ubuntu14.04x64-mingw32/gcc-build/avr/avr5/libgcc/../../../../gcc/libgcc/config/avr/lib1funcs.S:1670
    185e:	90 95       	com	r25
/home/jenkins-mingw32/workspace/avr-gcc-staging/label/Ubuntu14.04x64-mingw32/gcc-build/avr/avr5/libgcc/../../../../gcc/libgcc/config/avr/lib1funcs.S:1672
    1860:	9b 01       	movw	r18, r22
/home/jenkins-mingw32/workspace/avr-gcc-staging/label/Ubuntu14.04x64-mingw32/gcc-build/avr/avr5/libgcc/../../../../gcc/libgcc/config/avr/lib1funcs.S:1674
    1862:	ac 01       	movw	r20, r24
/home/jenkins-mingw32/workspace/avr-gcc-staging/label/Ubuntu14.04x64-mingw32/gcc-build/avr/avr5/libgcc/../../../../gcc/libgcc/config/avr/lib1funcs.S:1676
    1864:	bd 01       	movw	r22, r26
/home/jenkins-mingw32/workspace/avr-gcc-staging/label/Ubuntu14.04x64-mingw32/gcc-build/avr/avr5/libgcc/../../../../gcc/libgcc/config/avr/lib1funcs.S:1678
    1866:	cf 01       	movw	r24, r30
/home/jenkins-mingw32/workspace/avr-gcc-staging/label/Ubuntu14.04x64-mingw32/gcc-build/avr/avr5/libgcc/../../../../gcc/libgcc/config/avr/lib1funcs.S:1680
    1868:	08 95       	ret

0000186a <__tablejump2__>:
__tablejump2__():
/home/jenkins-mingw32/workspace/avr-gcc-staging/label/Ubuntu14.04x64-mingw32/gcc-build/avr/avr5/libgcc/../../../../gcc/libgcc/config/avr/lib1funcs.S:2296
    186a:	ee 0f       	add	r30, r30
/home/jenkins-mingw32/workspace/avr-gcc-staging/label/Ubuntu14.04x64-mingw32/gcc-build/avr/avr5/libgcc/../../../../gcc/libgcc/config/avr/lib1funcs.S:2297
    186c:	ff 1f       	adc	r31, r31
/home/jenkins-mingw32/workspace/avr-gcc-staging/label/Ubuntu14.04x64-mingw32/gcc-build/avr/avr5/libgcc/../../../../gcc/libgcc/config/avr/lib1funcs.S:2328
    186e:	05 90       	lpm	r0, Z+
/home/jenkins-mingw32/workspace/avr-gcc-staging/label/Ubuntu14.04x64-mingw32/gcc-build/avr/avr5/libgcc/../../../../gcc/libgcc/config/avr/lib1funcs.S:2329
    1870:	f4 91       	lpm	r31, Z
/home/jenkins-mingw32/workspace/avr-gcc-staging/label/Ubuntu14.04x64-mingw32/gcc-build/avr/avr5/libgcc/../../../../gcc/libgcc/config/avr/lib1funcs.S:2330
    1872:	e0 2d       	mov	r30, r0
/home/jenkins-mingw32/workspace/avr-gcc-staging/label/Ubuntu14.04x64-mingw32/gcc-build/avr/avr5/libgcc/../../../../gcc/libgcc/config/avr/lib1funcs.S:2331
    1874:	09 94       	ijmp

00001876 <__udivmodhi4>:
__udivmodhi4():
/home/jenkins-mingw32/workspace/avr-gcc-staging/label/Ubuntu14.04x64-mingw32/gcc-build/avr/avr5/libgcc/../../../../gcc/libgcc/config/avr/lib1funcs.S:1408
    1876:	aa 1b       	sub	r26, r26
/home/jenkins-mingw32/workspace/avr-gcc-staging/label/Ubuntu14.04x64-mingw32/gcc-build/avr/avr5/libgcc/../../../../gcc/libgcc/config/avr/lib1funcs.S:1409
    1878:	bb 1b       	sub	r27, r27
/home/jenkins-mingw32/workspace/avr-gcc-staging/label/Ubuntu14.04x64-mingw32/gcc-build/avr/avr5/libgcc/../../../../gcc/libgcc/config/avr/lib1funcs.S:1410
    187a:	51 e1       	ldi	r21, 0x11	; 17
/home/jenkins-mingw32/workspace/avr-gcc-staging/label/Ubuntu14.04x64-mingw32/gcc-build/avr/avr5/libgcc/../../../../gcc/libgcc/config/avr/lib1funcs.S:1411
    187c:	07 c0       	rjmp	.+14     	; 0x188c <__udivmodhi4_ep>

0000187e <__udivmodhi4_loop>:
/home/jenkins-mingw32/workspace/avr-gcc-staging/label/Ubuntu14.04x64-mingw32/gcc-build/avr/avr5/libgcc/../../../../gcc/libgcc/config/avr/lib1funcs.S:1413
    187e:	aa 1f       	adc	r26, r26
/home/jenkins-mingw32/workspace/avr-gcc-staging/label/Ubuntu14.04x64-mingw32/gcc-build/avr/avr5/libgcc/../../../../gcc/libgcc/config/avr/lib1funcs.S:1414
    1880:	bb 1f       	adc	r27, r27
/home/jenkins-mingw32/workspace/avr-gcc-staging/label/Ubuntu14.04x64-mingw32/gcc-build/avr/avr5/libgcc/../../../../gcc/libgcc/config/avr/lib1funcs.S:1415
    1882:	a6 17       	cp	r26, r22
/home/jenkins-mingw32/workspace/avr-gcc-staging/label/Ubuntu14.04x64-mingw32/gcc-build/avr/avr5/libgcc/../../../../gcc/libgcc/config/avr/lib1funcs.S:1416
    1884:	b7 07       	cpc	r27, r23
/home/jenkins-mingw32/workspace/avr-gcc-staging/label/Ubuntu14.04x64-mingw32/gcc-build/avr/avr5/libgcc/../../../../gcc/libgcc/config/avr/lib1funcs.S:1417
    1886:	10 f0       	brcs	.+4      	; 0x188c <__udivmodhi4_ep>
/home/jenkins-mingw32/workspace/avr-gcc-staging/label/Ubuntu14.04x64-mingw32/gcc-build/avr/avr5/libgcc/../../../../gcc/libgcc/config/avr/lib1funcs.S:1418
    1888:	a6 1b       	sub	r26, r22
/home/jenkins-mingw32/workspace/avr-gcc-staging/label/Ubuntu14.04x64-mingw32/gcc-build/avr/avr5/libgcc/../../../../gcc/libgcc/config/avr/lib1funcs.S:1419
    188a:	b7 0b       	sbc	r27, r23

0000188c <__udivmodhi4_ep>:
/home/jenkins-mingw32/workspace/avr-gcc-staging/label/Ubuntu14.04x64-mingw32/gcc-build/avr/avr5/libgcc/../../../../gcc/libgcc/config/avr/lib1funcs.S:1421
    188c:	88 1f       	adc	r24, r24
/home/jenkins-mingw32/workspace/avr-gcc-staging/label/Ubuntu14.04x64-mingw32/gcc-build/avr/avr5/libgcc/../../../../gcc/libgcc/config/avr/lib1funcs.S:1422
    188e:	99 1f       	adc	r25, r25
/home/jenkins-mingw32/workspace/avr-gcc-staging/label/Ubuntu14.04x64-mingw32/gcc-build/avr/avr5/libgcc/../../../../gcc/libgcc/config/avr/lib1funcs.S:1423
    1890:	5a 95       	dec	r21
/home/jenkins-mingw32/workspace/avr-gcc-staging/label/Ubuntu14.04x64-mingw32/gcc-build/avr/avr5/libgcc/../../../../gcc/libgcc/config/avr/lib1funcs.S:1424
    1892:	a9 f7       	brne	.-22     	; 0x187e <__udivmodhi4_loop>
/home/jenkins-mingw32/workspace/avr-gcc-staging/label/Ubuntu14.04x64-mingw32/gcc-build/avr/avr5/libgcc/../../../../gcc/libgcc/config/avr/lib1funcs.S:1425
    1894:	80 95       	com	r24
/home/jenkins-mingw32/workspace/avr-gcc-staging/label/Ubuntu14.04x64-mingw32/gcc-build/avr/avr5/libgcc/../../../../gcc/libgcc/config/avr/lib1funcs.S:1426
    1896:	90 95       	com	r25
/home/jenkins-mingw32/workspace/avr-gcc-staging/label/Ubuntu14.04x64-mingw32/gcc-build/avr/avr5/libgcc/../../../../gcc/libgcc/config/avr/lib1funcs.S:1428
    1898:	bc 01       	movw	r22, r24
/home/jenkins-mingw32/workspace/avr-gcc-staging/label/Ubuntu14.04x64-mingw32/gcc-build/avr/avr5/libgcc/../../../../gcc/libgcc/config/avr/lib1funcs.S:1430
    189a:	cd 01       	movw	r24, r26
/home/jenkins-mingw32/workspace/avr-gcc-staging/label/Ubuntu14.04x64-mingw32/gcc-build/avr/avr5/libgcc/../../../../gcc/libgcc/config/avr/lib1funcs.S:1432
    189c:	08 95       	ret

0000189e <strcmp>:
strcmp():
    189e:	fb 01       	movw	r30, r22
    18a0:	dc 01       	movw	r26, r24
    18a2:	8d 91       	ld	r24, X+
    18a4:	01 90       	ld	r0, Z+
    18a6:	80 19       	sub	r24, r0
    18a8:	01 10       	cpse	r0, r1
    18aa:	d9 f3       	breq	.-10     	; 0x18a2 <strcmp+0x4>
    18ac:	99 0b       	sbc	r25, r25
    18ae:	08 95       	ret

000018b0 <strcpy>:
strcpy():
    18b0:	fb 01       	movw	r30, r22
    18b2:	dc 01       	movw	r26, r24
    18b4:	01 90       	ld	r0, Z+
    18b6:	0d 92       	st	X+, r0
    18b8:	00 20       	and	r0, r0
    18ba:	e1 f7       	brne	.-8      	; 0x18b4 <strcpy+0x4>
    18bc:	08 95       	ret

000018be <sprintf>:
sprintf():
    18be:	ae e0       	ldi	r26, 0x0E	; 14
    18c0:	b0 e0       	ldi	r27, 0x00	; 0
    18c2:	e5 e6       	ldi	r30, 0x65	; 101
    18c4:	fc e0       	ldi	r31, 0x0C	; 12
    18c6:	0c 94 0e 0f 	jmp	0x1e1c	; 0x1e1c <__prologue_saves__+0x1c>
    18ca:	0d 89       	ldd	r16, Y+21	; 0x15
    18cc:	1e 89       	ldd	r17, Y+22	; 0x16
    18ce:	86 e0       	ldi	r24, 0x06	; 6
    18d0:	8c 83       	std	Y+4, r24	; 0x04
    18d2:	1a 83       	std	Y+2, r17	; 0x02
    18d4:	09 83       	std	Y+1, r16	; 0x01
    18d6:	8f ef       	ldi	r24, 0xFF	; 255
    18d8:	9f e7       	ldi	r25, 0x7F	; 127
    18da:	9e 83       	std	Y+6, r25	; 0x06
    18dc:	8d 83       	std	Y+5, r24	; 0x05
    18de:	ae 01       	movw	r20, r28
    18e0:	47 5e       	subi	r20, 0xE7	; 231
    18e2:	5f 4f       	sbci	r21, 0xFF	; 255
    18e4:	6f 89       	ldd	r22, Y+23	; 0x17
    18e6:	78 8d       	ldd	r23, Y+24	; 0x18
    18e8:	ce 01       	movw	r24, r28
    18ea:	01 96       	adiw	r24, 0x01	; 1
    18ec:	0e 94 82 0c 	call	0x1904	; 0x1904 <vfprintf>
    18f0:	2f 81       	ldd	r18, Y+7	; 0x07
    18f2:	38 85       	ldd	r19, Y+8	; 0x08
    18f4:	02 0f       	add	r16, r18
    18f6:	13 1f       	adc	r17, r19
    18f8:	f8 01       	movw	r30, r16
    18fa:	10 82       	st	Z, r1
    18fc:	2e 96       	adiw	r28, 0x0e	; 14
    18fe:	e4 e0       	ldi	r30, 0x04	; 4
    1900:	0c 94 2a 0f 	jmp	0x1e54	; 0x1e54 <__epilogue_restores__+0x1c>

00001904 <vfprintf>:
vfprintf():
    1904:	ab e0       	ldi	r26, 0x0B	; 11
    1906:	b0 e0       	ldi	r27, 0x00	; 0
    1908:	e8 e8       	ldi	r30, 0x88	; 136
    190a:	fc e0       	ldi	r31, 0x0C	; 12
    190c:	0c 94 00 0f 	jmp	0x1e00	; 0x1e00 <__prologue_saves__>
    1910:	7c 01       	movw	r14, r24
    1912:	3b 01       	movw	r6, r22
    1914:	8a 01       	movw	r16, r20
    1916:	fc 01       	movw	r30, r24
    1918:	17 82       	std	Z+7, r1	; 0x07
    191a:	16 82       	std	Z+6, r1	; 0x06
    191c:	83 81       	ldd	r24, Z+3	; 0x03
    191e:	81 ff       	sbrs	r24, 1
    1920:	c8 c1       	rjmp	.+912    	; 0x1cb2 <vfprintf+0x3ae>
    1922:	ce 01       	movw	r24, r28
    1924:	01 96       	adiw	r24, 0x01	; 1
    1926:	5c 01       	movw	r10, r24
    1928:	f7 01       	movw	r30, r14
    192a:	93 81       	ldd	r25, Z+3	; 0x03
    192c:	f3 01       	movw	r30, r6
    192e:	93 fd       	sbrc	r25, 3
    1930:	85 91       	lpm	r24, Z+
    1932:	93 ff       	sbrs	r25, 3
    1934:	81 91       	ld	r24, Z+
    1936:	3f 01       	movw	r6, r30
    1938:	88 23       	and	r24, r24
    193a:	09 f4       	brne	.+2      	; 0x193e <vfprintf+0x3a>
    193c:	53 c1       	rjmp	.+678    	; 0x1be4 <vfprintf+0x2e0>
    193e:	85 32       	cpi	r24, 0x25	; 37
    1940:	39 f4       	brne	.+14     	; 0x1950 <vfprintf+0x4c>
    1942:	93 fd       	sbrc	r25, 3
    1944:	85 91       	lpm	r24, Z+
    1946:	93 ff       	sbrs	r25, 3
    1948:	81 91       	ld	r24, Z+
    194a:	3f 01       	movw	r6, r30
    194c:	85 32       	cpi	r24, 0x25	; 37
    194e:	29 f4       	brne	.+10     	; 0x195a <vfprintf+0x56>
    1950:	b7 01       	movw	r22, r14
    1952:	90 e0       	ldi	r25, 0x00	; 0
    1954:	0e 94 72 0e 	call	0x1ce4	; 0x1ce4 <fputc>
    1958:	e7 cf       	rjmp	.-50     	; 0x1928 <vfprintf+0x24>
    195a:	91 2c       	mov	r9, r1
    195c:	21 2c       	mov	r2, r1
    195e:	31 2c       	mov	r3, r1
    1960:	ff e1       	ldi	r31, 0x1F	; 31
    1962:	f3 15       	cp	r31, r3
    1964:	38 f0       	brcs	.+14     	; 0x1974 <vfprintf+0x70>
    1966:	8b 32       	cpi	r24, 0x2B	; 43
    1968:	11 f1       	breq	.+68     	; 0x19ae <vfprintf+0xaa>
    196a:	90 f4       	brcc	.+36     	; 0x1990 <vfprintf+0x8c>
    196c:	80 32       	cpi	r24, 0x20	; 32
    196e:	09 f1       	breq	.+66     	; 0x19b2 <vfprintf+0xae>
    1970:	83 32       	cpi	r24, 0x23	; 35
    1972:	29 f1       	breq	.+74     	; 0x19be <vfprintf+0xba>
    1974:	37 fc       	sbrc	r3, 7
    1976:	3c c0       	rjmp	.+120    	; 0x19f0 <vfprintf+0xec>
    1978:	20 ed       	ldi	r18, 0xD0	; 208
    197a:	28 0f       	add	r18, r24
    197c:	2a 30       	cpi	r18, 0x0A	; 10
    197e:	50 f5       	brcc	.+84     	; 0x19d4 <vfprintf+0xd0>
    1980:	36 fe       	sbrs	r3, 6
    1982:	20 c0       	rjmp	.+64     	; 0x19c4 <vfprintf+0xc0>
    1984:	8a e0       	ldi	r24, 0x0A	; 10
    1986:	98 9e       	mul	r9, r24
    1988:	20 0d       	add	r18, r0
    198a:	11 24       	eor	r1, r1
    198c:	92 2e       	mov	r9, r18
    198e:	06 c0       	rjmp	.+12     	; 0x199c <vfprintf+0x98>
    1990:	8d 32       	cpi	r24, 0x2D	; 45
    1992:	91 f0       	breq	.+36     	; 0x19b8 <vfprintf+0xb4>
    1994:	80 33       	cpi	r24, 0x30	; 48
    1996:	71 f7       	brne	.-36     	; 0x1974 <vfprintf+0x70>
    1998:	68 94       	set
    199a:	30 f8       	bld	r3, 0
    199c:	f3 01       	movw	r30, r6
    199e:	93 fd       	sbrc	r25, 3
    19a0:	85 91       	lpm	r24, Z+
    19a2:	93 ff       	sbrs	r25, 3
    19a4:	81 91       	ld	r24, Z+
    19a6:	3f 01       	movw	r6, r30
    19a8:	81 11       	cpse	r24, r1
    19aa:	da cf       	rjmp	.-76     	; 0x1960 <vfprintf+0x5c>
    19ac:	21 c0       	rjmp	.+66     	; 0x19f0 <vfprintf+0xec>
    19ae:	68 94       	set
    19b0:	31 f8       	bld	r3, 1
    19b2:	68 94       	set
    19b4:	32 f8       	bld	r3, 2
    19b6:	f2 cf       	rjmp	.-28     	; 0x199c <vfprintf+0x98>
    19b8:	68 94       	set
    19ba:	33 f8       	bld	r3, 3
    19bc:	ef cf       	rjmp	.-34     	; 0x199c <vfprintf+0x98>
    19be:	68 94       	set
    19c0:	34 f8       	bld	r3, 4
    19c2:	ec cf       	rjmp	.-40     	; 0x199c <vfprintf+0x98>
    19c4:	ea e0       	ldi	r30, 0x0A	; 10
    19c6:	2e 9e       	mul	r2, r30
    19c8:	20 0d       	add	r18, r0
    19ca:	11 24       	eor	r1, r1
    19cc:	22 2e       	mov	r2, r18
    19ce:	68 94       	set
    19d0:	35 f8       	bld	r3, 5
    19d2:	e4 cf       	rjmp	.-56     	; 0x199c <vfprintf+0x98>
    19d4:	8e 32       	cpi	r24, 0x2E	; 46
    19d6:	29 f4       	brne	.+10     	; 0x19e2 <vfprintf+0xde>
    19d8:	36 fc       	sbrc	r3, 6
    19da:	04 c1       	rjmp	.+520    	; 0x1be4 <vfprintf+0x2e0>
    19dc:	68 94       	set
    19de:	36 f8       	bld	r3, 6
    19e0:	dd cf       	rjmp	.-70     	; 0x199c <vfprintf+0x98>
    19e2:	8c 36       	cpi	r24, 0x6C	; 108
    19e4:	19 f4       	brne	.+6      	; 0x19ec <vfprintf+0xe8>
    19e6:	68 94       	set
    19e8:	37 f8       	bld	r3, 7
    19ea:	d8 cf       	rjmp	.-80     	; 0x199c <vfprintf+0x98>
    19ec:	88 36       	cpi	r24, 0x68	; 104
    19ee:	b1 f2       	breq	.-84     	; 0x199c <vfprintf+0x98>
    19f0:	98 2f       	mov	r25, r24
    19f2:	9f 7d       	andi	r25, 0xDF	; 223
    19f4:	95 54       	subi	r25, 0x45	; 69
    19f6:	93 30       	cpi	r25, 0x03	; 3
    19f8:	e0 f0       	brcs	.+56     	; 0x1a32 <vfprintf+0x12e>
    19fa:	83 36       	cpi	r24, 0x63	; 99
    19fc:	a1 f1       	breq	.+104    	; 0x1a66 <vfprintf+0x162>
    19fe:	83 37       	cpi	r24, 0x73	; 115
    1a00:	c1 f1       	breq	.+112    	; 0x1a72 <vfprintf+0x16e>
    1a02:	83 35       	cpi	r24, 0x53	; 83
    1a04:	09 f0       	breq	.+2      	; 0x1a08 <vfprintf+0x104>
    1a06:	63 c0       	rjmp	.+198    	; 0x1ace <vfprintf+0x1ca>
    1a08:	28 01       	movw	r4, r16
    1a0a:	f2 e0       	ldi	r31, 0x02	; 2
    1a0c:	4f 0e       	add	r4, r31
    1a0e:	51 1c       	adc	r5, r1
    1a10:	f8 01       	movw	r30, r16
    1a12:	c0 80       	ld	r12, Z
    1a14:	d1 80       	ldd	r13, Z+1	; 0x01
    1a16:	69 2d       	mov	r22, r9
    1a18:	70 e0       	ldi	r23, 0x00	; 0
    1a1a:	36 fc       	sbrc	r3, 6
    1a1c:	02 c0       	rjmp	.+4      	; 0x1a22 <vfprintf+0x11e>
    1a1e:	6f ef       	ldi	r22, 0xFF	; 255
    1a20:	7f ef       	ldi	r23, 0xFF	; 255
    1a22:	c6 01       	movw	r24, r12
    1a24:	0e 94 5c 0e 	call	0x1cb8	; 0x1cb8 <strnlen_P>
    1a28:	4c 01       	movw	r8, r24
    1a2a:	68 94       	set
    1a2c:	37 f8       	bld	r3, 7
    1a2e:	82 01       	movw	r16, r4
    1a30:	0a c0       	rjmp	.+20     	; 0x1a46 <vfprintf+0x142>
    1a32:	0c 5f       	subi	r16, 0xFC	; 252
    1a34:	1f 4f       	sbci	r17, 0xFF	; 255
    1a36:	ff e3       	ldi	r31, 0x3F	; 63
    1a38:	f9 83       	std	Y+1, r31	; 0x01
    1a3a:	88 24       	eor	r8, r8
    1a3c:	83 94       	inc	r8
    1a3e:	91 2c       	mov	r9, r1
    1a40:	65 01       	movw	r12, r10
    1a42:	e8 94       	clt
    1a44:	37 f8       	bld	r3, 7
    1a46:	33 fe       	sbrs	r3, 3
    1a48:	2d c0       	rjmp	.+90     	; 0x1aa4 <vfprintf+0x1a0>
    1a4a:	52 2c       	mov	r5, r2
    1a4c:	81 14       	cp	r8, r1
    1a4e:	91 04       	cpc	r9, r1
    1a50:	71 f5       	brne	.+92     	; 0x1aae <vfprintf+0x1aa>
    1a52:	55 20       	and	r5, r5
    1a54:	09 f4       	brne	.+2      	; 0x1a58 <vfprintf+0x154>
    1a56:	68 cf       	rjmp	.-304    	; 0x1928 <vfprintf+0x24>
    1a58:	b7 01       	movw	r22, r14
    1a5a:	80 e2       	ldi	r24, 0x20	; 32
    1a5c:	90 e0       	ldi	r25, 0x00	; 0
    1a5e:	0e 94 72 0e 	call	0x1ce4	; 0x1ce4 <fputc>
    1a62:	5a 94       	dec	r5
    1a64:	f6 cf       	rjmp	.-20     	; 0x1a52 <vfprintf+0x14e>
    1a66:	f8 01       	movw	r30, r16
    1a68:	80 81       	ld	r24, Z
    1a6a:	89 83       	std	Y+1, r24	; 0x01
    1a6c:	0e 5f       	subi	r16, 0xFE	; 254
    1a6e:	1f 4f       	sbci	r17, 0xFF	; 255
    1a70:	e4 cf       	rjmp	.-56     	; 0x1a3a <vfprintf+0x136>
    1a72:	28 01       	movw	r4, r16
    1a74:	f2 e0       	ldi	r31, 0x02	; 2
    1a76:	4f 0e       	add	r4, r31
    1a78:	51 1c       	adc	r5, r1
    1a7a:	f8 01       	movw	r30, r16
    1a7c:	c0 80       	ld	r12, Z
    1a7e:	d1 80       	ldd	r13, Z+1	; 0x01
    1a80:	69 2d       	mov	r22, r9
    1a82:	70 e0       	ldi	r23, 0x00	; 0
    1a84:	36 fc       	sbrc	r3, 6
    1a86:	02 c0       	rjmp	.+4      	; 0x1a8c <vfprintf+0x188>
    1a88:	6f ef       	ldi	r22, 0xFF	; 255
    1a8a:	7f ef       	ldi	r23, 0xFF	; 255
    1a8c:	c6 01       	movw	r24, r12
    1a8e:	0e 94 67 0e 	call	0x1cce	; 0x1cce <strnlen>
    1a92:	4c 01       	movw	r8, r24
    1a94:	82 01       	movw	r16, r4
    1a96:	d5 cf       	rjmp	.-86     	; 0x1a42 <vfprintf+0x13e>
    1a98:	b7 01       	movw	r22, r14
    1a9a:	80 e2       	ldi	r24, 0x20	; 32
    1a9c:	90 e0       	ldi	r25, 0x00	; 0
    1a9e:	0e 94 72 0e 	call	0x1ce4	; 0x1ce4 <fputc>
    1aa2:	2a 94       	dec	r2
    1aa4:	28 14       	cp	r2, r8
    1aa6:	19 04       	cpc	r1, r9
    1aa8:	09 f0       	breq	.+2      	; 0x1aac <vfprintf+0x1a8>
    1aaa:	b0 f7       	brcc	.-20     	; 0x1a98 <vfprintf+0x194>
    1aac:	ce cf       	rjmp	.-100    	; 0x1a4a <vfprintf+0x146>
    1aae:	f6 01       	movw	r30, r12
    1ab0:	37 fc       	sbrc	r3, 7
    1ab2:	85 91       	lpm	r24, Z+
    1ab4:	37 fe       	sbrs	r3, 7
    1ab6:	81 91       	ld	r24, Z+
    1ab8:	6f 01       	movw	r12, r30
    1aba:	b7 01       	movw	r22, r14
    1abc:	90 e0       	ldi	r25, 0x00	; 0
    1abe:	0e 94 72 0e 	call	0x1ce4	; 0x1ce4 <fputc>
    1ac2:	51 10       	cpse	r5, r1
    1ac4:	5a 94       	dec	r5
    1ac6:	f1 e0       	ldi	r31, 0x01	; 1
    1ac8:	8f 1a       	sub	r8, r31
    1aca:	91 08       	sbc	r9, r1
    1acc:	bf cf       	rjmp	.-130    	; 0x1a4c <vfprintf+0x148>
    1ace:	84 36       	cpi	r24, 0x64	; 100
    1ad0:	19 f0       	breq	.+6      	; 0x1ad8 <vfprintf+0x1d4>
    1ad2:	89 36       	cpi	r24, 0x69	; 105
    1ad4:	09 f0       	breq	.+2      	; 0x1ad8 <vfprintf+0x1d4>
    1ad6:	77 c0       	rjmp	.+238    	; 0x1bc6 <vfprintf+0x2c2>
    1ad8:	f8 01       	movw	r30, r16
    1ada:	37 fe       	sbrs	r3, 7
    1adc:	6b c0       	rjmp	.+214    	; 0x1bb4 <vfprintf+0x2b0>
    1ade:	60 81       	ld	r22, Z
    1ae0:	71 81       	ldd	r23, Z+1	; 0x01
    1ae2:	82 81       	ldd	r24, Z+2	; 0x02
    1ae4:	93 81       	ldd	r25, Z+3	; 0x03
    1ae6:	0c 5f       	subi	r16, 0xFC	; 252
    1ae8:	1f 4f       	sbci	r17, 0xFF	; 255
    1aea:	f3 2d       	mov	r31, r3
    1aec:	ff 76       	andi	r31, 0x6F	; 111
    1aee:	3f 2e       	mov	r3, r31
    1af0:	97 ff       	sbrs	r25, 7
    1af2:	09 c0       	rjmp	.+18     	; 0x1b06 <vfprintf+0x202>
    1af4:	90 95       	com	r25
    1af6:	80 95       	com	r24
    1af8:	70 95       	com	r23
    1afa:	61 95       	neg	r22
    1afc:	7f 4f       	sbci	r23, 0xFF	; 255
    1afe:	8f 4f       	sbci	r24, 0xFF	; 255
    1b00:	9f 4f       	sbci	r25, 0xFF	; 255
    1b02:	68 94       	set
    1b04:	37 f8       	bld	r3, 7
    1b06:	2a e0       	ldi	r18, 0x0A	; 10
    1b08:	30 e0       	ldi	r19, 0x00	; 0
    1b0a:	a5 01       	movw	r20, r10
    1b0c:	0e 94 a2 0e 	call	0x1d44	; 0x1d44 <__ultoa_invert>
    1b10:	c8 2e       	mov	r12, r24
    1b12:	ca 18       	sub	r12, r10
    1b14:	8c 2c       	mov	r8, r12
    1b16:	43 2c       	mov	r4, r3
    1b18:	36 fe       	sbrs	r3, 6
    1b1a:	0c c0       	rjmp	.+24     	; 0x1b34 <vfprintf+0x230>
    1b1c:	e8 94       	clt
    1b1e:	40 f8       	bld	r4, 0
    1b20:	c9 14       	cp	r12, r9
    1b22:	40 f4       	brcc	.+16     	; 0x1b34 <vfprintf+0x230>
    1b24:	34 fe       	sbrs	r3, 4
    1b26:	05 c0       	rjmp	.+10     	; 0x1b32 <vfprintf+0x22e>
    1b28:	32 fc       	sbrc	r3, 2
    1b2a:	03 c0       	rjmp	.+6      	; 0x1b32 <vfprintf+0x22e>
    1b2c:	f3 2d       	mov	r31, r3
    1b2e:	fe 7e       	andi	r31, 0xEE	; 238
    1b30:	4f 2e       	mov	r4, r31
    1b32:	89 2c       	mov	r8, r9
    1b34:	44 fe       	sbrs	r4, 4
    1b36:	95 c0       	rjmp	.+298    	; 0x1c62 <vfprintf+0x35e>
    1b38:	fe 01       	movw	r30, r28
    1b3a:	ec 0d       	add	r30, r12
    1b3c:	f1 1d       	adc	r31, r1
    1b3e:	80 81       	ld	r24, Z
    1b40:	80 33       	cpi	r24, 0x30	; 48
    1b42:	09 f0       	breq	.+2      	; 0x1b46 <vfprintf+0x242>
    1b44:	87 c0       	rjmp	.+270    	; 0x1c54 <vfprintf+0x350>
    1b46:	24 2d       	mov	r18, r4
    1b48:	29 7e       	andi	r18, 0xE9	; 233
    1b4a:	42 2e       	mov	r4, r18
    1b4c:	84 2d       	mov	r24, r4
    1b4e:	88 70       	andi	r24, 0x08	; 8
    1b50:	58 2e       	mov	r5, r24
    1b52:	43 fc       	sbrc	r4, 3
    1b54:	95 c0       	rjmp	.+298    	; 0x1c80 <vfprintf+0x37c>
    1b56:	40 fe       	sbrs	r4, 0
    1b58:	8f c0       	rjmp	.+286    	; 0x1c78 <vfprintf+0x374>
    1b5a:	9c 2c       	mov	r9, r12
    1b5c:	82 14       	cp	r8, r2
    1b5e:	18 f4       	brcc	.+6      	; 0x1b66 <vfprintf+0x262>
    1b60:	2c 0c       	add	r2, r12
    1b62:	92 2c       	mov	r9, r2
    1b64:	98 18       	sub	r9, r8
    1b66:	44 fe       	sbrs	r4, 4
    1b68:	91 c0       	rjmp	.+290    	; 0x1c8c <vfprintf+0x388>
    1b6a:	b7 01       	movw	r22, r14
    1b6c:	80 e3       	ldi	r24, 0x30	; 48
    1b6e:	90 e0       	ldi	r25, 0x00	; 0
    1b70:	0e 94 72 0e 	call	0x1ce4	; 0x1ce4 <fputc>
    1b74:	42 fe       	sbrs	r4, 2
    1b76:	09 c0       	rjmp	.+18     	; 0x1b8a <vfprintf+0x286>
    1b78:	88 e7       	ldi	r24, 0x78	; 120
    1b7a:	90 e0       	ldi	r25, 0x00	; 0
    1b7c:	41 fe       	sbrs	r4, 1
    1b7e:	02 c0       	rjmp	.+4      	; 0x1b84 <vfprintf+0x280>
    1b80:	88 e5       	ldi	r24, 0x58	; 88
    1b82:	90 e0       	ldi	r25, 0x00	; 0
    1b84:	b7 01       	movw	r22, r14
    1b86:	0e 94 72 0e 	call	0x1ce4	; 0x1ce4 <fputc>
    1b8a:	c9 14       	cp	r12, r9
    1b8c:	08 f4       	brcc	.+2      	; 0x1b90 <vfprintf+0x28c>
    1b8e:	8a c0       	rjmp	.+276    	; 0x1ca4 <vfprintf+0x3a0>
    1b90:	ca 94       	dec	r12
    1b92:	d1 2c       	mov	r13, r1
    1b94:	9f ef       	ldi	r25, 0xFF	; 255
    1b96:	c9 1a       	sub	r12, r25
    1b98:	d9 0a       	sbc	r13, r25
    1b9a:	ca 0c       	add	r12, r10
    1b9c:	db 1c       	adc	r13, r11
    1b9e:	f6 01       	movw	r30, r12
    1ba0:	82 91       	ld	r24, -Z
    1ba2:	6f 01       	movw	r12, r30
    1ba4:	b7 01       	movw	r22, r14
    1ba6:	90 e0       	ldi	r25, 0x00	; 0
    1ba8:	0e 94 72 0e 	call	0x1ce4	; 0x1ce4 <fputc>
    1bac:	ac 14       	cp	r10, r12
    1bae:	bd 04       	cpc	r11, r13
    1bb0:	b1 f7       	brne	.-20     	; 0x1b9e <vfprintf+0x29a>
    1bb2:	4f cf       	rjmp	.-354    	; 0x1a52 <vfprintf+0x14e>
    1bb4:	60 81       	ld	r22, Z
    1bb6:	71 81       	ldd	r23, Z+1	; 0x01
    1bb8:	07 2e       	mov	r0, r23
    1bba:	00 0c       	add	r0, r0
    1bbc:	88 0b       	sbc	r24, r24
    1bbe:	99 0b       	sbc	r25, r25
    1bc0:	0e 5f       	subi	r16, 0xFE	; 254
    1bc2:	1f 4f       	sbci	r17, 0xFF	; 255
    1bc4:	92 cf       	rjmp	.-220    	; 0x1aea <vfprintf+0x1e6>
    1bc6:	d3 2c       	mov	r13, r3
    1bc8:	e8 94       	clt
    1bca:	d4 f8       	bld	r13, 4
    1bcc:	2a e0       	ldi	r18, 0x0A	; 10
    1bce:	30 e0       	ldi	r19, 0x00	; 0
    1bd0:	85 37       	cpi	r24, 0x75	; 117
    1bd2:	39 f1       	breq	.+78     	; 0x1c22 <vfprintf+0x31e>
    1bd4:	23 2d       	mov	r18, r3
    1bd6:	29 7f       	andi	r18, 0xF9	; 249
    1bd8:	d2 2e       	mov	r13, r18
    1bda:	8f 36       	cpi	r24, 0x6F	; 111
    1bdc:	01 f1       	breq	.+64     	; 0x1c1e <vfprintf+0x31a>
    1bde:	48 f4       	brcc	.+18     	; 0x1bf2 <vfprintf+0x2ee>
    1be0:	88 35       	cpi	r24, 0x58	; 88
    1be2:	a9 f0       	breq	.+42     	; 0x1c0e <vfprintf+0x30a>
    1be4:	f7 01       	movw	r30, r14
    1be6:	86 81       	ldd	r24, Z+6	; 0x06
    1be8:	97 81       	ldd	r25, Z+7	; 0x07
    1bea:	2b 96       	adiw	r28, 0x0b	; 11
    1bec:	e2 e1       	ldi	r30, 0x12	; 18
    1bee:	0c 94 1c 0f 	jmp	0x1e38	; 0x1e38 <__epilogue_restores__>
    1bf2:	80 37       	cpi	r24, 0x70	; 112
    1bf4:	49 f0       	breq	.+18     	; 0x1c08 <vfprintf+0x304>
    1bf6:	88 37       	cpi	r24, 0x78	; 120
    1bf8:	a9 f7       	brne	.-22     	; 0x1be4 <vfprintf+0x2e0>
    1bfa:	d4 fe       	sbrs	r13, 4
    1bfc:	02 c0       	rjmp	.+4      	; 0x1c02 <vfprintf+0x2fe>
    1bfe:	68 94       	set
    1c00:	d2 f8       	bld	r13, 2
    1c02:	20 e1       	ldi	r18, 0x10	; 16
    1c04:	30 e0       	ldi	r19, 0x00	; 0
    1c06:	0d c0       	rjmp	.+26     	; 0x1c22 <vfprintf+0x31e>
    1c08:	68 94       	set
    1c0a:	d4 f8       	bld	r13, 4
    1c0c:	f6 cf       	rjmp	.-20     	; 0x1bfa <vfprintf+0x2f6>
    1c0e:	34 fe       	sbrs	r3, 4
    1c10:	03 c0       	rjmp	.+6      	; 0x1c18 <vfprintf+0x314>
    1c12:	82 2f       	mov	r24, r18
    1c14:	86 60       	ori	r24, 0x06	; 6
    1c16:	d8 2e       	mov	r13, r24
    1c18:	20 e1       	ldi	r18, 0x10	; 16
    1c1a:	32 e0       	ldi	r19, 0x02	; 2
    1c1c:	02 c0       	rjmp	.+4      	; 0x1c22 <vfprintf+0x31e>
    1c1e:	28 e0       	ldi	r18, 0x08	; 8
    1c20:	30 e0       	ldi	r19, 0x00	; 0
    1c22:	f8 01       	movw	r30, r16
    1c24:	d7 fe       	sbrs	r13, 7
    1c26:	0f c0       	rjmp	.+30     	; 0x1c46 <vfprintf+0x342>
    1c28:	60 81       	ld	r22, Z
    1c2a:	71 81       	ldd	r23, Z+1	; 0x01
    1c2c:	82 81       	ldd	r24, Z+2	; 0x02
    1c2e:	93 81       	ldd	r25, Z+3	; 0x03
    1c30:	0c 5f       	subi	r16, 0xFC	; 252
    1c32:	1f 4f       	sbci	r17, 0xFF	; 255
    1c34:	a5 01       	movw	r20, r10
    1c36:	0e 94 a2 0e 	call	0x1d44	; 0x1d44 <__ultoa_invert>
    1c3a:	c8 2e       	mov	r12, r24
    1c3c:	ca 18       	sub	r12, r10
    1c3e:	3d 2c       	mov	r3, r13
    1c40:	e8 94       	clt
    1c42:	37 f8       	bld	r3, 7
    1c44:	67 cf       	rjmp	.-306    	; 0x1b14 <vfprintf+0x210>
    1c46:	60 81       	ld	r22, Z
    1c48:	71 81       	ldd	r23, Z+1	; 0x01
    1c4a:	90 e0       	ldi	r25, 0x00	; 0
    1c4c:	80 e0       	ldi	r24, 0x00	; 0
    1c4e:	0e 5f       	subi	r16, 0xFE	; 254
    1c50:	1f 4f       	sbci	r17, 0xFF	; 255
    1c52:	f0 cf       	rjmp	.-32     	; 0x1c34 <vfprintf+0x330>
    1c54:	42 fc       	sbrc	r4, 2
    1c56:	02 c0       	rjmp	.+4      	; 0x1c5c <vfprintf+0x358>
    1c58:	83 94       	inc	r8
    1c5a:	78 cf       	rjmp	.-272    	; 0x1b4c <vfprintf+0x248>
    1c5c:	83 94       	inc	r8
    1c5e:	83 94       	inc	r8
    1c60:	75 cf       	rjmp	.-278    	; 0x1b4c <vfprintf+0x248>
    1c62:	84 2d       	mov	r24, r4
    1c64:	86 78       	andi	r24, 0x86	; 134
    1c66:	09 f4       	brne	.+2      	; 0x1c6a <vfprintf+0x366>
    1c68:	71 cf       	rjmp	.-286    	; 0x1b4c <vfprintf+0x248>
    1c6a:	f6 cf       	rjmp	.-20     	; 0x1c58 <vfprintf+0x354>
    1c6c:	b7 01       	movw	r22, r14
    1c6e:	80 e2       	ldi	r24, 0x20	; 32
    1c70:	90 e0       	ldi	r25, 0x00	; 0
    1c72:	0e 94 72 0e 	call	0x1ce4	; 0x1ce4 <fputc>
    1c76:	83 94       	inc	r8
    1c78:	82 14       	cp	r8, r2
    1c7a:	c0 f3       	brcs	.-16     	; 0x1c6c <vfprintf+0x368>
    1c7c:	51 2c       	mov	r5, r1
    1c7e:	73 cf       	rjmp	.-282    	; 0x1b66 <vfprintf+0x262>
    1c80:	52 2c       	mov	r5, r2
    1c82:	58 18       	sub	r5, r8
    1c84:	82 14       	cp	r8, r2
    1c86:	08 f4       	brcc	.+2      	; 0x1c8a <vfprintf+0x386>
    1c88:	6e cf       	rjmp	.-292    	; 0x1b66 <vfprintf+0x262>
    1c8a:	f8 cf       	rjmp	.-16     	; 0x1c7c <vfprintf+0x378>
    1c8c:	84 2d       	mov	r24, r4
    1c8e:	86 78       	andi	r24, 0x86	; 134
    1c90:	09 f4       	brne	.+2      	; 0x1c94 <vfprintf+0x390>
    1c92:	7b cf       	rjmp	.-266    	; 0x1b8a <vfprintf+0x286>
    1c94:	8b e2       	ldi	r24, 0x2B	; 43
    1c96:	41 fe       	sbrs	r4, 1
    1c98:	80 e2       	ldi	r24, 0x20	; 32
    1c9a:	47 fc       	sbrc	r4, 7
    1c9c:	8d e2       	ldi	r24, 0x2D	; 45
    1c9e:	b7 01       	movw	r22, r14
    1ca0:	90 e0       	ldi	r25, 0x00	; 0
    1ca2:	71 cf       	rjmp	.-286    	; 0x1b86 <vfprintf+0x282>
    1ca4:	b7 01       	movw	r22, r14
    1ca6:	80 e3       	ldi	r24, 0x30	; 48
    1ca8:	90 e0       	ldi	r25, 0x00	; 0
    1caa:	0e 94 72 0e 	call	0x1ce4	; 0x1ce4 <fputc>
    1cae:	9a 94       	dec	r9
    1cb0:	6c cf       	rjmp	.-296    	; 0x1b8a <vfprintf+0x286>
    1cb2:	8f ef       	ldi	r24, 0xFF	; 255
    1cb4:	9f ef       	ldi	r25, 0xFF	; 255
    1cb6:	99 cf       	rjmp	.-206    	; 0x1bea <vfprintf+0x2e6>

00001cb8 <strnlen_P>:
strnlen_P():
    1cb8:	fc 01       	movw	r30, r24
    1cba:	05 90       	lpm	r0, Z+
    1cbc:	61 50       	subi	r22, 0x01	; 1
    1cbe:	70 40       	sbci	r23, 0x00	; 0
    1cc0:	01 10       	cpse	r0, r1
    1cc2:	d8 f7       	brcc	.-10     	; 0x1cba <strnlen_P+0x2>
    1cc4:	80 95       	com	r24
    1cc6:	90 95       	com	r25
    1cc8:	8e 0f       	add	r24, r30
    1cca:	9f 1f       	adc	r25, r31
    1ccc:	08 95       	ret

00001cce <strnlen>:
strnlen():
    1cce:	fc 01       	movw	r30, r24
    1cd0:	61 50       	subi	r22, 0x01	; 1
    1cd2:	70 40       	sbci	r23, 0x00	; 0
    1cd4:	01 90       	ld	r0, Z+
    1cd6:	01 10       	cpse	r0, r1
    1cd8:	d8 f7       	brcc	.-10     	; 0x1cd0 <strnlen+0x2>
    1cda:	80 95       	com	r24
    1cdc:	90 95       	com	r25
    1cde:	8e 0f       	add	r24, r30
    1ce0:	9f 1f       	adc	r25, r31
    1ce2:	08 95       	ret

00001ce4 <fputc>:
fputc():
    1ce4:	0f 93       	push	r16
    1ce6:	1f 93       	push	r17
    1ce8:	cf 93       	push	r28
    1cea:	df 93       	push	r29
    1cec:	18 2f       	mov	r17, r24
    1cee:	09 2f       	mov	r16, r25
    1cf0:	eb 01       	movw	r28, r22
    1cf2:	8b 81       	ldd	r24, Y+3	; 0x03
    1cf4:	81 fd       	sbrc	r24, 1
    1cf6:	09 c0       	rjmp	.+18     	; 0x1d0a <fputc+0x26>
    1cf8:	1f ef       	ldi	r17, 0xFF	; 255
    1cfa:	0f ef       	ldi	r16, 0xFF	; 255
    1cfc:	81 2f       	mov	r24, r17
    1cfe:	90 2f       	mov	r25, r16
    1d00:	df 91       	pop	r29
    1d02:	cf 91       	pop	r28
    1d04:	1f 91       	pop	r17
    1d06:	0f 91       	pop	r16
    1d08:	08 95       	ret
    1d0a:	82 ff       	sbrs	r24, 2
    1d0c:	14 c0       	rjmp	.+40     	; 0x1d36 <fputc+0x52>
    1d0e:	2e 81       	ldd	r18, Y+6	; 0x06
    1d10:	3f 81       	ldd	r19, Y+7	; 0x07
    1d12:	8c 81       	ldd	r24, Y+4	; 0x04
    1d14:	9d 81       	ldd	r25, Y+5	; 0x05
    1d16:	28 17       	cp	r18, r24
    1d18:	39 07       	cpc	r19, r25
    1d1a:	3c f4       	brge	.+14     	; 0x1d2a <fputc+0x46>
    1d1c:	e8 81       	ld	r30, Y
    1d1e:	f9 81       	ldd	r31, Y+1	; 0x01
    1d20:	cf 01       	movw	r24, r30
    1d22:	01 96       	adiw	r24, 0x01	; 1
    1d24:	99 83       	std	Y+1, r25	; 0x01
    1d26:	88 83       	st	Y, r24
    1d28:	10 83       	st	Z, r17
    1d2a:	8e 81       	ldd	r24, Y+6	; 0x06
    1d2c:	9f 81       	ldd	r25, Y+7	; 0x07
    1d2e:	01 96       	adiw	r24, 0x01	; 1
    1d30:	9f 83       	std	Y+7, r25	; 0x07
    1d32:	8e 83       	std	Y+6, r24	; 0x06
    1d34:	e3 cf       	rjmp	.-58     	; 0x1cfc <fputc+0x18>
    1d36:	e8 85       	ldd	r30, Y+8	; 0x08
    1d38:	f9 85       	ldd	r31, Y+9	; 0x09
    1d3a:	81 2f       	mov	r24, r17
    1d3c:	09 95       	icall
    1d3e:	89 2b       	or	r24, r25
    1d40:	a1 f3       	breq	.-24     	; 0x1d2a <fputc+0x46>
    1d42:	da cf       	rjmp	.-76     	; 0x1cf8 <fputc+0x14>

00001d44 <__ultoa_invert>:
__ultoa_invert():
    1d44:	fa 01       	movw	r30, r20
    1d46:	aa 27       	eor	r26, r26
    1d48:	28 30       	cpi	r18, 0x08	; 8
    1d4a:	51 f1       	breq	.+84     	; 0x1da0 <__ultoa_invert+0x5c>
    1d4c:	20 31       	cpi	r18, 0x10	; 16
    1d4e:	81 f1       	breq	.+96     	; 0x1db0 <__ultoa_invert+0x6c>
    1d50:	e8 94       	clt
    1d52:	6f 93       	push	r22
    1d54:	6e 7f       	andi	r22, 0xFE	; 254
    1d56:	6e 5f       	subi	r22, 0xFE	; 254
    1d58:	7f 4f       	sbci	r23, 0xFF	; 255
    1d5a:	8f 4f       	sbci	r24, 0xFF	; 255
    1d5c:	9f 4f       	sbci	r25, 0xFF	; 255
    1d5e:	af 4f       	sbci	r26, 0xFF	; 255
    1d60:	b1 e0       	ldi	r27, 0x01	; 1
    1d62:	3e d0       	rcall	.+124    	; 0x1de0 <__ultoa_invert+0x9c>
    1d64:	b4 e0       	ldi	r27, 0x04	; 4
    1d66:	3c d0       	rcall	.+120    	; 0x1de0 <__ultoa_invert+0x9c>
    1d68:	67 0f       	add	r22, r23
    1d6a:	78 1f       	adc	r23, r24
    1d6c:	89 1f       	adc	r24, r25
    1d6e:	9a 1f       	adc	r25, r26
    1d70:	a1 1d       	adc	r26, r1
    1d72:	68 0f       	add	r22, r24
    1d74:	79 1f       	adc	r23, r25
    1d76:	8a 1f       	adc	r24, r26
    1d78:	91 1d       	adc	r25, r1
    1d7a:	a1 1d       	adc	r26, r1
    1d7c:	6a 0f       	add	r22, r26
    1d7e:	71 1d       	adc	r23, r1
    1d80:	81 1d       	adc	r24, r1
    1d82:	91 1d       	adc	r25, r1
    1d84:	a1 1d       	adc	r26, r1
    1d86:	20 d0       	rcall	.+64     	; 0x1dc8 <__ultoa_invert+0x84>
    1d88:	09 f4       	brne	.+2      	; 0x1d8c <__ultoa_invert+0x48>
    1d8a:	68 94       	set
    1d8c:	3f 91       	pop	r19
    1d8e:	2a e0       	ldi	r18, 0x0A	; 10
    1d90:	26 9f       	mul	r18, r22
    1d92:	11 24       	eor	r1, r1
    1d94:	30 19       	sub	r19, r0
    1d96:	30 5d       	subi	r19, 0xD0	; 208
    1d98:	31 93       	st	Z+, r19
    1d9a:	de f6       	brtc	.-74     	; 0x1d52 <__ultoa_invert+0xe>
    1d9c:	cf 01       	movw	r24, r30
    1d9e:	08 95       	ret
    1da0:	46 2f       	mov	r20, r22
    1da2:	47 70       	andi	r20, 0x07	; 7
    1da4:	40 5d       	subi	r20, 0xD0	; 208
    1da6:	41 93       	st	Z+, r20
    1da8:	b3 e0       	ldi	r27, 0x03	; 3
    1daa:	0f d0       	rcall	.+30     	; 0x1dca <__ultoa_invert+0x86>
    1dac:	c9 f7       	brne	.-14     	; 0x1da0 <__ultoa_invert+0x5c>
    1dae:	f6 cf       	rjmp	.-20     	; 0x1d9c <__ultoa_invert+0x58>
    1db0:	46 2f       	mov	r20, r22
    1db2:	4f 70       	andi	r20, 0x0F	; 15
    1db4:	40 5d       	subi	r20, 0xD0	; 208
    1db6:	4a 33       	cpi	r20, 0x3A	; 58
    1db8:	18 f0       	brcs	.+6      	; 0x1dc0 <__ultoa_invert+0x7c>
    1dba:	49 5d       	subi	r20, 0xD9	; 217
    1dbc:	31 fd       	sbrc	r19, 1
    1dbe:	40 52       	subi	r20, 0x20	; 32
    1dc0:	41 93       	st	Z+, r20
    1dc2:	02 d0       	rcall	.+4      	; 0x1dc8 <__ultoa_invert+0x84>
    1dc4:	a9 f7       	brne	.-22     	; 0x1db0 <__ultoa_invert+0x6c>
    1dc6:	ea cf       	rjmp	.-44     	; 0x1d9c <__ultoa_invert+0x58>
    1dc8:	b4 e0       	ldi	r27, 0x04	; 4
    1dca:	a6 95       	lsr	r26
    1dcc:	97 95       	ror	r25
    1dce:	87 95       	ror	r24
    1dd0:	77 95       	ror	r23
    1dd2:	67 95       	ror	r22
    1dd4:	ba 95       	dec	r27
    1dd6:	c9 f7       	brne	.-14     	; 0x1dca <__ultoa_invert+0x86>
    1dd8:	00 97       	sbiw	r24, 0x00	; 0
    1dda:	61 05       	cpc	r22, r1
    1ddc:	71 05       	cpc	r23, r1
    1dde:	08 95       	ret
    1de0:	9b 01       	movw	r18, r22
    1de2:	ac 01       	movw	r20, r24
    1de4:	0a 2e       	mov	r0, r26
    1de6:	06 94       	lsr	r0
    1de8:	57 95       	ror	r21
    1dea:	47 95       	ror	r20
    1dec:	37 95       	ror	r19
    1dee:	27 95       	ror	r18
    1df0:	ba 95       	dec	r27
    1df2:	c9 f7       	brne	.-14     	; 0x1de6 <__ultoa_invert+0xa2>
    1df4:	62 0f       	add	r22, r18
    1df6:	73 1f       	adc	r23, r19
    1df8:	84 1f       	adc	r24, r20
    1dfa:	95 1f       	adc	r25, r21
    1dfc:	a0 1d       	adc	r26, r0
    1dfe:	08 95       	ret

00001e00 <__prologue_saves__>:
__prologue_saves__():
/home/jenkins-mingw32/workspace/avr-gcc-staging/label/Ubuntu14.04x64-mingw32/gcc-build/avr/avr5/libgcc/../../../../gcc/libgcc/config/avr/lib1funcs.S:2169
    1e00:	2f 92       	push	r2
/home/jenkins-mingw32/workspace/avr-gcc-staging/label/Ubuntu14.04x64-mingw32/gcc-build/avr/avr5/libgcc/../../../../gcc/libgcc/config/avr/lib1funcs.S:2170
    1e02:	3f 92       	push	r3
/home/jenkins-mingw32/workspace/avr-gcc-staging/label/Ubuntu14.04x64-mingw32/gcc-build/avr/avr5/libgcc/../../../../gcc/libgcc/config/avr/lib1funcs.S:2171
    1e04:	4f 92       	push	r4
/home/jenkins-mingw32/workspace/avr-gcc-staging/label/Ubuntu14.04x64-mingw32/gcc-build/avr/avr5/libgcc/../../../../gcc/libgcc/config/avr/lib1funcs.S:2172
    1e06:	5f 92       	push	r5
/home/jenkins-mingw32/workspace/avr-gcc-staging/label/Ubuntu14.04x64-mingw32/gcc-build/avr/avr5/libgcc/../../../../gcc/libgcc/config/avr/lib1funcs.S:2173
    1e08:	6f 92       	push	r6
/home/jenkins-mingw32/workspace/avr-gcc-staging/label/Ubuntu14.04x64-mingw32/gcc-build/avr/avr5/libgcc/../../../../gcc/libgcc/config/avr/lib1funcs.S:2174
    1e0a:	7f 92       	push	r7
/home/jenkins-mingw32/workspace/avr-gcc-staging/label/Ubuntu14.04x64-mingw32/gcc-build/avr/avr5/libgcc/../../../../gcc/libgcc/config/avr/lib1funcs.S:2175
    1e0c:	8f 92       	push	r8
/home/jenkins-mingw32/workspace/avr-gcc-staging/label/Ubuntu14.04x64-mingw32/gcc-build/avr/avr5/libgcc/../../../../gcc/libgcc/config/avr/lib1funcs.S:2176
    1e0e:	9f 92       	push	r9
/home/jenkins-mingw32/workspace/avr-gcc-staging/label/Ubuntu14.04x64-mingw32/gcc-build/avr/avr5/libgcc/../../../../gcc/libgcc/config/avr/lib1funcs.S:2177
    1e10:	af 92       	push	r10
/home/jenkins-mingw32/workspace/avr-gcc-staging/label/Ubuntu14.04x64-mingw32/gcc-build/avr/avr5/libgcc/../../../../gcc/libgcc/config/avr/lib1funcs.S:2178
    1e12:	bf 92       	push	r11
/home/jenkins-mingw32/workspace/avr-gcc-staging/label/Ubuntu14.04x64-mingw32/gcc-build/avr/avr5/libgcc/../../../../gcc/libgcc/config/avr/lib1funcs.S:2179
    1e14:	cf 92       	push	r12
/home/jenkins-mingw32/workspace/avr-gcc-staging/label/Ubuntu14.04x64-mingw32/gcc-build/avr/avr5/libgcc/../../../../gcc/libgcc/config/avr/lib1funcs.S:2180
    1e16:	df 92       	push	r13
/home/jenkins-mingw32/workspace/avr-gcc-staging/label/Ubuntu14.04x64-mingw32/gcc-build/avr/avr5/libgcc/../../../../gcc/libgcc/config/avr/lib1funcs.S:2181
    1e18:	ef 92       	push	r14
/home/jenkins-mingw32/workspace/avr-gcc-staging/label/Ubuntu14.04x64-mingw32/gcc-build/avr/avr5/libgcc/../../../../gcc/libgcc/config/avr/lib1funcs.S:2182
    1e1a:	ff 92       	push	r15
/home/jenkins-mingw32/workspace/avr-gcc-staging/label/Ubuntu14.04x64-mingw32/gcc-build/avr/avr5/libgcc/../../../../gcc/libgcc/config/avr/lib1funcs.S:2183
    1e1c:	0f 93       	push	r16
/home/jenkins-mingw32/workspace/avr-gcc-staging/label/Ubuntu14.04x64-mingw32/gcc-build/avr/avr5/libgcc/../../../../gcc/libgcc/config/avr/lib1funcs.S:2184
    1e1e:	1f 93       	push	r17
/home/jenkins-mingw32/workspace/avr-gcc-staging/label/Ubuntu14.04x64-mingw32/gcc-build/avr/avr5/libgcc/../../../../gcc/libgcc/config/avr/lib1funcs.S:2185
    1e20:	cf 93       	push	r28
/home/jenkins-mingw32/workspace/avr-gcc-staging/label/Ubuntu14.04x64-mingw32/gcc-build/avr/avr5/libgcc/../../../../gcc/libgcc/config/avr/lib1funcs.S:2186
    1e22:	df 93       	push	r29
/home/jenkins-mingw32/workspace/avr-gcc-staging/label/Ubuntu14.04x64-mingw32/gcc-build/avr/avr5/libgcc/../../../../gcc/libgcc/config/avr/lib1funcs.S:2200
    1e24:	cd b7       	in	r28, 0x3d	; 61
/home/jenkins-mingw32/workspace/avr-gcc-staging/label/Ubuntu14.04x64-mingw32/gcc-build/avr/avr5/libgcc/../../../../gcc/libgcc/config/avr/lib1funcs.S:2201
    1e26:	de b7       	in	r29, 0x3e	; 62
/home/jenkins-mingw32/workspace/avr-gcc-staging/label/Ubuntu14.04x64-mingw32/gcc-build/avr/avr5/libgcc/../../../../gcc/libgcc/config/avr/lib1funcs.S:2202
    1e28:	ca 1b       	sub	r28, r26
/home/jenkins-mingw32/workspace/avr-gcc-staging/label/Ubuntu14.04x64-mingw32/gcc-build/avr/avr5/libgcc/../../../../gcc/libgcc/config/avr/lib1funcs.S:2203
    1e2a:	db 0b       	sbc	r29, r27
/home/jenkins-mingw32/workspace/avr-gcc-staging/label/Ubuntu14.04x64-mingw32/gcc-build/avr/avr5/libgcc/../../../../gcc/libgcc/config/avr/lib1funcs.S:2204
    1e2c:	0f b6       	in	r0, 0x3f	; 63
/home/jenkins-mingw32/workspace/avr-gcc-staging/label/Ubuntu14.04x64-mingw32/gcc-build/avr/avr5/libgcc/../../../../gcc/libgcc/config/avr/lib1funcs.S:2205
    1e2e:	f8 94       	cli
/home/jenkins-mingw32/workspace/avr-gcc-staging/label/Ubuntu14.04x64-mingw32/gcc-build/avr/avr5/libgcc/../../../../gcc/libgcc/config/avr/lib1funcs.S:2206
    1e30:	de bf       	out	0x3e, r29	; 62
/home/jenkins-mingw32/workspace/avr-gcc-staging/label/Ubuntu14.04x64-mingw32/gcc-build/avr/avr5/libgcc/../../../../gcc/libgcc/config/avr/lib1funcs.S:2207
    1e32:	0f be       	out	0x3f, r0	; 63
/home/jenkins-mingw32/workspace/avr-gcc-staging/label/Ubuntu14.04x64-mingw32/gcc-build/avr/avr5/libgcc/../../../../gcc/libgcc/config/avr/lib1funcs.S:2208
    1e34:	cd bf       	out	0x3d, r28	; 61
/home/jenkins-mingw32/workspace/avr-gcc-staging/label/Ubuntu14.04x64-mingw32/gcc-build/avr/avr5/libgcc/../../../../gcc/libgcc/config/avr/lib1funcs.S:2211
    1e36:	09 94       	ijmp

00001e38 <__epilogue_restores__>:
__epilogue_restores__():
/home/jenkins-mingw32/workspace/avr-gcc-staging/label/Ubuntu14.04x64-mingw32/gcc-build/avr/avr5/libgcc/../../../../gcc/libgcc/config/avr/lib1funcs.S:2222
    1e38:	2a 88       	ldd	r2, Y+18	; 0x12
/home/jenkins-mingw32/workspace/avr-gcc-staging/label/Ubuntu14.04x64-mingw32/gcc-build/avr/avr5/libgcc/../../../../gcc/libgcc/config/avr/lib1funcs.S:2223
    1e3a:	39 88       	ldd	r3, Y+17	; 0x11
/home/jenkins-mingw32/workspace/avr-gcc-staging/label/Ubuntu14.04x64-mingw32/gcc-build/avr/avr5/libgcc/../../../../gcc/libgcc/config/avr/lib1funcs.S:2224
    1e3c:	48 88       	ldd	r4, Y+16	; 0x10
/home/jenkins-mingw32/workspace/avr-gcc-staging/label/Ubuntu14.04x64-mingw32/gcc-build/avr/avr5/libgcc/../../../../gcc/libgcc/config/avr/lib1funcs.S:2225
    1e3e:	5f 84       	ldd	r5, Y+15	; 0x0f
/home/jenkins-mingw32/workspace/avr-gcc-staging/label/Ubuntu14.04x64-mingw32/gcc-build/avr/avr5/libgcc/../../../../gcc/libgcc/config/avr/lib1funcs.S:2226
    1e40:	6e 84       	ldd	r6, Y+14	; 0x0e
/home/jenkins-mingw32/workspace/avr-gcc-staging/label/Ubuntu14.04x64-mingw32/gcc-build/avr/avr5/libgcc/../../../../gcc/libgcc/config/avr/lib1funcs.S:2227
    1e42:	7d 84       	ldd	r7, Y+13	; 0x0d
/home/jenkins-mingw32/workspace/avr-gcc-staging/label/Ubuntu14.04x64-mingw32/gcc-build/avr/avr5/libgcc/../../../../gcc/libgcc/config/avr/lib1funcs.S:2228
    1e44:	8c 84       	ldd	r8, Y+12	; 0x0c
/home/jenkins-mingw32/workspace/avr-gcc-staging/label/Ubuntu14.04x64-mingw32/gcc-build/avr/avr5/libgcc/../../../../gcc/libgcc/config/avr/lib1funcs.S:2229
    1e46:	9b 84       	ldd	r9, Y+11	; 0x0b
/home/jenkins-mingw32/workspace/avr-gcc-staging/label/Ubuntu14.04x64-mingw32/gcc-build/avr/avr5/libgcc/../../../../gcc/libgcc/config/avr/lib1funcs.S:2230
    1e48:	aa 84       	ldd	r10, Y+10	; 0x0a
/home/jenkins-mingw32/workspace/avr-gcc-staging/label/Ubuntu14.04x64-mingw32/gcc-build/avr/avr5/libgcc/../../../../gcc/libgcc/config/avr/lib1funcs.S:2231
    1e4a:	b9 84       	ldd	r11, Y+9	; 0x09
/home/jenkins-mingw32/workspace/avr-gcc-staging/label/Ubuntu14.04x64-mingw32/gcc-build/avr/avr5/libgcc/../../../../gcc/libgcc/config/avr/lib1funcs.S:2232
    1e4c:	c8 84       	ldd	r12, Y+8	; 0x08
/home/jenkins-mingw32/workspace/avr-gcc-staging/label/Ubuntu14.04x64-mingw32/gcc-build/avr/avr5/libgcc/../../../../gcc/libgcc/config/avr/lib1funcs.S:2233
    1e4e:	df 80       	ldd	r13, Y+7	; 0x07
/home/jenkins-mingw32/workspace/avr-gcc-staging/label/Ubuntu14.04x64-mingw32/gcc-build/avr/avr5/libgcc/../../../../gcc/libgcc/config/avr/lib1funcs.S:2234
    1e50:	ee 80       	ldd	r14, Y+6	; 0x06
/home/jenkins-mingw32/workspace/avr-gcc-staging/label/Ubuntu14.04x64-mingw32/gcc-build/avr/avr5/libgcc/../../../../gcc/libgcc/config/avr/lib1funcs.S:2235
    1e52:	fd 80       	ldd	r15, Y+5	; 0x05
/home/jenkins-mingw32/workspace/avr-gcc-staging/label/Ubuntu14.04x64-mingw32/gcc-build/avr/avr5/libgcc/../../../../gcc/libgcc/config/avr/lib1funcs.S:2236
    1e54:	0c 81       	ldd	r16, Y+4	; 0x04
/home/jenkins-mingw32/workspace/avr-gcc-staging/label/Ubuntu14.04x64-mingw32/gcc-build/avr/avr5/libgcc/../../../../gcc/libgcc/config/avr/lib1funcs.S:2237
    1e56:	1b 81       	ldd	r17, Y+3	; 0x03
/home/jenkins-mingw32/workspace/avr-gcc-staging/label/Ubuntu14.04x64-mingw32/gcc-build/avr/avr5/libgcc/../../../../gcc/libgcc/config/avr/lib1funcs.S:2238
    1e58:	aa 81       	ldd	r26, Y+2	; 0x02
/home/jenkins-mingw32/workspace/avr-gcc-staging/label/Ubuntu14.04x64-mingw32/gcc-build/avr/avr5/libgcc/../../../../gcc/libgcc/config/avr/lib1funcs.S:2252
    1e5a:	b9 81       	ldd	r27, Y+1	; 0x01
/home/jenkins-mingw32/workspace/avr-gcc-staging/label/Ubuntu14.04x64-mingw32/gcc-build/avr/avr5/libgcc/../../../../gcc/libgcc/config/avr/lib1funcs.S:2253
    1e5c:	ce 0f       	add	r28, r30
/home/jenkins-mingw32/workspace/avr-gcc-staging/label/Ubuntu14.04x64-mingw32/gcc-build/avr/avr5/libgcc/../../../../gcc/libgcc/config/avr/lib1funcs.S:2254
    1e5e:	d1 1d       	adc	r29, r1
/home/jenkins-mingw32/workspace/avr-gcc-staging/label/Ubuntu14.04x64-mingw32/gcc-build/avr/avr5/libgcc/../../../../gcc/libgcc/config/avr/lib1funcs.S:2255
    1e60:	0f b6       	in	r0, 0x3f	; 63
/home/jenkins-mingw32/workspace/avr-gcc-staging/label/Ubuntu14.04x64-mingw32/gcc-build/avr/avr5/libgcc/../../../../gcc/libgcc/config/avr/lib1funcs.S:2256
    1e62:	f8 94       	cli
/home/jenkins-mingw32/workspace/avr-gcc-staging/label/Ubuntu14.04x64-mingw32/gcc-build/avr/avr5/libgcc/../../../../gcc/libgcc/config/avr/lib1funcs.S:2257
    1e64:	de bf       	out	0x3e, r29	; 62
/home/jenkins-mingw32/workspace/avr-gcc-staging/label/Ubuntu14.04x64-mingw32/gcc-build/avr/avr5/libgcc/../../../../gcc/libgcc/config/avr/lib1funcs.S:2258
    1e66:	0f be       	out	0x3f, r0	; 63
/home/jenkins-mingw32/workspace/avr-gcc-staging/label/Ubuntu14.04x64-mingw32/gcc-build/avr/avr5/libgcc/../../../../gcc/libgcc/config/avr/lib1funcs.S:2259
    1e68:	cd bf       	out	0x3d, r28	; 61
/home/jenkins-mingw32/workspace/avr-gcc-staging/label/Ubuntu14.04x64-mingw32/gcc-build/avr/avr5/libgcc/../../../../gcc/libgcc/config/avr/lib1funcs.S:2260
    1e6a:	ed 01       	movw	r28, r26
/home/jenkins-mingw32/workspace/avr-gcc-staging/label/Ubuntu14.04x64-mingw32/gcc-build/avr/avr5/libgcc/../../../../gcc/libgcc/config/avr/lib1funcs.S:2263
    1e6c:	08 95       	ret

00001e6e <_exit>:
exit():
/home/jenkins-mingw32/workspace/avr-gcc-staging/label/Ubuntu14.04x64-mingw32/gcc-build/avr/avr5/libgcc/../../../../gcc/libgcc/config/avr/lib1funcs.S:2278
    1e6e:	f8 94       	cli

00001e70 <__stop_program>:
__stop_program():
/home/jenkins-mingw32/workspace/avr-gcc-staging/label/Ubuntu14.04x64-mingw32/gcc-build/avr/avr5/libgcc/../../../../gcc/libgcc/config/avr/lib1funcs.S:2280
    1e70:	ff cf       	rjmp	.-2      	; 0x1e70 <__stop_program>
